0.32537442445755005,0.6064128875732422,2.2171541047555365e-07,0.34876036643981934,0.6360904574394226,-0.014059103094041348,0.38658377528190613,0.6458544731140137,-0.018278492614626884,0.41385892033576965,0.6290861368179321,-0.02080962061882019,0.4206104874610901,0.6017579436302185,-0.02338426373898983,0.417589396238327,0.594305694103241,-0.010217471979558468,0.45297765731811523,0.57889723777771,-0.019041988998651505,0.47431546449661255,0.5668448805809021,-0.02670614793896675,0.4915506839752197,0.5560922622680664,-0.03200385347008705,0.4123467803001404,0.5691982507705688,-0.00976017490029335,0.4515252411365509,0.5523556470870972,-0.017532913014292717,0.4764855206012726,0.540450930595398,-0.025165952742099762,0.4963601231575012,0.5307253003120422,-0.030252523720264435,0.4017082452774048,0.5486780405044556,-0.010961726307868958,0.43920284509658813,0.5317912101745605,-0.018963897600769997,0.46373432874679565,0.5224722027778625,-0.025417976081371307,0.4833076298236847,0.5159067511558533,-0.029460370540618896,0.38517606258392334,0.5302461385726929,-0.013441581279039383,0.4136211574077606,0.5170543193817139,-0.020669639110565186,0.43251603841781616,0.511364221572876,-0.023593485355377197,0.449080228805542,0.5081942081451416,-0.025016380473971367,HELLO
0.32272836565971375,0.610234260559082,2.3712823349342216e-07,0.350653737783432,0.636146605014801,-0.014937411062419415,0.3866918683052063,0.6464395523071289,-0.02086378075182438,0.41356611251831055,0.629206657409668,-0.025453779846429825,0.4211604595184326,0.5987420082092285,-0.030068961903452873,0.41882088780403137,0.5916439294815063,-0.009311698377132416,0.4539230465888977,0.5757619142532349,-0.019240733236074448,0.4746285080909729,0.5634785890579224,-0.028043389320373535,0.4916877746582031,0.5523678660392761,-0.034118399024009705,0.4132028818130493,0.5676754117012024,-0.009163083508610725,0.4526281952857971,0.5512675046920776,-0.017758505418896675,0.47757038474082947,0.5397212505340576,-0.02620365284383297,0.4969927668571472,0.530491828918457,-0.032007649540901184,0.4018731713294983,0.5484561920166016,-0.011083588004112244,0.43948614597320557,0.5315125584602356,-0.019731590524315834,0.4641237258911133,0.5223865509033203,-0.02696978859603405,0.483864963054657,0.5164039134979248,-0.03167395666241646,0.38490092754364014,0.5312168598175049,-0.014409704133868217,0.4132166802883148,0.5174835920333862,-0.022128937765955925,0.4320962727069855,0.5117447376251221,-0.025782950222492218,0.4488513171672821,0.5083860158920288,-0.027898656204342842,HELLO
0.32128605246543884,0.6096704006195068,2.267330927452349e-07,0.35066935420036316,0.6353276968002319,-0.01487543061375618,0.38607531785964966,0.6467058062553406,-0.02089630253612995,0.41311657428741455,0.6304000616073608,-0.02583364211022854,0.42097148299217224,0.6000778675079346,-0.030779188498854637,0.4178774058818817,0.5938869714736938,-0.00790831632912159,0.45291614532470703,0.5780591368675232,-0.018110603094100952,0.4730072617530823,0.5655064582824707,-0.02744455449283123,0.49015408754348755,0.5541377067565918,-0.033962640911340714,0.4126157760620117,0.5692971348762512,-0.008165103383362293,0.45259588956832886,0.5525688529014587,-0.017110681161284447,0.4774343967437744,0.54078209400177,-0.02618008479475975,0.49742981791496277,0.53131103515625,-0.03257495164871216,0.40169480443000793,0.5492296814918518,-0.010664340108633041,0.4392029345035553,0.5323169231414795,-0.01965332217514515,0.46396443247795105,0.5230786800384521,-0.027317622676491737,0.48423293232917786,0.5169638395309448,-0.03240027278661728,0.3852742612361908,0.5311646461486816,-0.014667889103293419,0.41364309191703796,0.5169305205345154,-0.022420529276132584,0.43255940079689026,0.5113005638122559,-0.026187848299741745,0.4496297240257263,0.5081889629364014,-0.028551146388053894,HELLO
0.32173076272010803,0.6103582978248596,2.350460874822602e-07,0.35165488719940186,0.6359990239143372,-0.014908811077475548,0.38787081837654114,0.6469889879226685,-0.02050003595650196,0.41539087891578674,0.6305224299430847,-0.024892786517739296,0.42371055483818054,0.5999166369438171,-0.029198171570897102,0.4185085892677307,0.5929907560348511,-0.007822373881936073,0.45390695333480835,0.5785754323005676,-0.01786990836262703,0.4744222164154053,0.566504180431366,-0.0269887987524271,0.492065966129303,0.5553076863288879,-0.033371444791555405,0.4134807586669922,0.5678943395614624,-0.007862932048738003,0.4538794159889221,0.5518949031829834,-0.016450848430395126,0.47877103090286255,0.54079270362854,-0.02483617328107357,0.498641699552536,0.5320464968681335,-0.030637308955192566,0.402512788772583,0.5478070378303528,-0.010135137476027012,0.44055646657943726,0.530906617641449,-0.018915219232439995,0.46547967195510864,0.5218887329101562,-0.025830494239926338,0.48588183522224426,0.5160829424858093,-0.030292518436908722,0.3857264518737793,0.5302873849868774,-0.013924531638622284,0.41388341784477234,0.5166758298873901,-0.021574899554252625,0.4327588379383087,0.511415958404541,-0.0247768834233284,0.45002973079681396,0.5085340738296509,-0.026616206392645836,HELLO
0.3225221335887909,0.6098694205284119,2.2664434595753846e-07,0.35170042514801025,0.63692307472229,-0.014876851812005043,0.38750171661376953,0.6479015946388245,-0.020282359793782234,0.4152803421020508,0.6317106485366821,-0.024532204493880272,0.4224448800086975,0.6008991599082947,-0.028715673834085464,0.41898465156555176,0.5936737656593323,-0.007389985956251621,0.45429497957229614,0.5793808698654175,-0.017246713861823082,0.47441038489341736,0.5673742294311523,-0.026417141780257225,0.49157100915908813,0.5561836957931519,-0.03287159651517868,0.4140152931213379,0.5686244964599609,-0.007328599691390991,0.4543169438838959,0.5524966716766357,-0.015807202085852623,0.4790603220462799,0.541222095489502,-0.024427082389593124,0.49906229972839355,0.5320660471916199,-0.030541669577360153,0.40316107869148254,0.5484547019004822,-0.009524648077785969,0.44083353877067566,0.5319691300392151,-0.018189003691077232,0.4654481112957001,0.5227521657943726,-0.025513390079140663,0.4857557415962219,0.5162273049354553,-0.030367938801646233,0.38670507073402405,0.5306163430213928,-0.013251223601400852,0.4150314927101135,0.5174022316932678,-0.020771536976099014,0.4337511956691742,0.5118125677108765,-0.024300487712025642,0.4507574737071991,0.508178174495697,-0.026512838900089264,HELLO
0.322640061378479,0.6100120544433594,2.307083377672825e-07,0.35186949372291565,0.6364723443984985,-0.014399299398064613,0.3879891633987427,0.6470727920532227,-0.019596846774220467,0.41560038924217224,0.6307374238967896,-0.023680228739976883,0.42308393120765686,0.6003484129905701,-0.02768081985414028,0.41958266496658325,0.5927938222885132,-0.007228854112327099,0.4551171362400055,0.5781043767929077,-0.017080403864383698,0.4755471348762512,0.5662742257118225,-0.026109375059604645,0.4929165244102478,0.5555962920188904,-0.03239887207746506,0.41438108682632446,0.5677999258041382,-0.007352984976023436,0.4548579454421997,0.5516831278800964,-0.01582447998225689,0.47959083318710327,0.5409194231033325,-0.02417750656604767,0.4993104934692383,0.5327947735786438,-0.02995436266064644,0.40343594551086426,0.5478998422622681,-0.009682372212409973,0.44174033403396606,0.5312448740005493,-0.018333042040467262,0.4664367437362671,0.5226343870162964,-0.025290310382843018,0.48674046993255615,0.5173090100288391,-0.029805148020386696,0.38676127791404724,0.5304328203201294,-0.013492349535226822,0.414970338344574,0.5171106457710266,-0.021026799455285072,0.4337290823459625,0.5120224952697754,-0.024333376437425613,0.4509701132774353,0.5092586278915405,-0.026283636689186096,HELLO
0.32231640815734863,0.6095664501190186,2.2792956144712662e-07,0.3513564169406891,0.6361593008041382,-0.014978907071053982,0.38713762164115906,0.6468520760536194,-0.02049962431192398,0.4152269959449768,0.6317498683929443,-0.024854442104697227,0.42347875237464905,0.6019949913024902,-0.029084516689181328,0.419562965631485,0.5943201780319214,-0.007789403200149536,0.45508357882499695,0.5794352293014526,-0.017919067293405533,0.4754926562309265,0.567538321018219,-0.027184555307030678,0.4930075407028198,0.556945264339447,-0.03363429754972458,0.4144285023212433,0.5689296126365662,-0.007800625637173653,0.4548426568508148,0.5525129437446594,-0.016458304598927498,0.47960448265075684,0.5416550636291504,-0.024989888072013855,0.49975109100341797,0.5335285067558289,-0.03095984272658825,0.40354955196380615,0.5485458970069885,-0.01008616853505373,0.44161731004714966,0.5320348739624023,-0.01888245902955532,0.46634453535079956,0.5231875777244568,-0.025939172133803368,0.48690593242645264,0.5176091194152832,-0.030553534626960754,0.3869166672229767,0.530674934387207,-0.01393477339297533,0.4150887429714203,0.5170016288757324,-0.021610431373119354,0.43389827013015747,0.5118686556816101,-0.024997614324092865,0.4512525796890259,0.5090715885162354,-0.02702454850077629,HELLO
0.32207074761390686,0.6096506714820862,2.2980067626576783e-07,0.35123491287231445,0.6359264254570007,-0.015104299411177635,0.3867528736591339,0.6470092535018921,-0.020820138975977898,0.4145781397819519,0.6314544677734375,-0.0253645908087492,0.42329734563827515,0.6015917062759399,-0.029784133657813072,0.4196490943431854,0.5940379500389099,-0.007771867793053389,0.45497024059295654,0.5789832472801208,-0.018022380769252777,0.47528403997421265,0.5671334862709045,-0.02741828002035618,0.4928274154663086,0.5566350221633911,-0.03395969793200493,0.41445863246917725,0.5688320994377136,-0.007782906759530306,0.4547088146209717,0.5523422956466675,-0.016580864787101746,0.4795023202896118,0.5415560007095337,-0.025253910571336746,0.4998040497303009,0.5335718393325806,-0.03129051625728607,0.4034602642059326,0.5486147403717041,-0.010091083124279976,0.44149404764175415,0.5317397117614746,-0.019032306969165802,0.4662500321865082,0.5229161977767944,-0.026147041469812393,0.4869644045829773,0.5175564885139465,-0.03076554648578167,0.3866691291332245,0.5308325886726379,-0.013965683057904243,0.4148366153240204,0.5171416401863098,-0.021772561594843864,0.43355393409729004,0.5121644139289856,-0.025175655260682106,0.4509628713130951,0.5095196962356567,-0.027173640206456184,HELLO
0.3228093385696411,0.6114797592163086,2.2290691958914977e-07,0.3519306182861328,0.6367794275283813,-0.01402955036610365,0.3877343535423279,0.6467533111572266,-0.019203148782253265,0.41507628560066223,0.6320368647575378,-0.02337295562028885,0.4241645634174347,0.6029624342918396,-0.027503885328769684,0.41939103603363037,0.5937796235084534,-0.007549654226750135,0.45467275381088257,0.5798134803771973,-0.017675980925559998,0.475059449672699,0.5682136416435242,-0.026844777166843414,0.4924873113632202,0.5574872493743896,-0.0331730954349041,0.4141872525215149,0.5688943862915039,-0.008014066144824028,0.45448940992355347,0.5530699491500854,-0.016575660556554794,0.47932612895965576,0.5422185659408569,-0.024849891662597656,0.49948278069496155,0.533625602722168,-0.030659269541502,0.4031582772731781,0.5488668084144592,-0.010660194791853428,0.4410107731819153,0.5323889255523682,-0.01921960711479187,0.46569186449050903,0.5236987471580505,-0.025911545380949974,0.48626238107681274,0.5178787708282471,-0.03032359667122364,0.38650164008140564,0.5312700271606445,-0.014804519712924957,0.4147479832172394,0.5178501009941101,-0.022235112264752388,0.43368643522262573,0.512743353843689,-0.025359146296977997,0.4512993097305298,0.5099245309829712,-0.027230657637119293,HELLO
0.3230118155479431,0.6113804578781128,2.2540936583936855e-07,0.3521753251552582,0.6368804574012756,-0.013970176689326763,0.38798773288726807,0.6469419002532959,-0.01909640245139599,0.41546809673309326,0.6323702931404114,-0.023226216435432434,0.4240971505641937,0.603230893611908,-0.027310548350214958,0.4195287525653839,0.5940443277359009,-0.007306563202291727,0.4547234773635864,0.5797562003135681,-0.01732356660068035,0.47497794032096863,0.5680495500564575,-0.026496386155486107,0.49215269088745117,0.5572642683982849,-0.03279673680663109,0.41432222723960876,0.5690156817436218,-0.007725877221673727,0.45463570952415466,0.552733302116394,-0.016149861738085747,0.4795314073562622,0.5416232347488403,-0.024458590894937515,0.49951171875,0.5328218936920166,-0.03030303865671158,0.4032995104789734,0.5488413572311401,-0.010328680276870728,0.44113555550575256,0.5324463844299316,-0.018716808408498764,0.46580421924591064,0.5236461162567139,-0.025479471310973167,0.4860585927963257,0.5177938938140869,-0.029942570254206657,0.386623352766037,0.5310620665550232,-0.014425490982830524,0.41497135162353516,0.517599880695343,-0.021664753556251526,0.4338580071926117,0.5121454000473022,-0.024746892973780632,0.45110318064689636,0.5089879035949707,-0.02659008279442787,HELLO
0.32256054878234863,0.6104738116264343,2.3039618213260837e-07,0.3519340753555298,0.636357843875885,-0.014669153839349747,0.3872378170490265,0.6470879316329956,-0.020244615152478218,0.41517373919487,0.6326059699058533,-0.024744676426053047,0.42486292123794556,0.6035197973251343,-0.029186300933361053,0.41872942447662354,0.59378582239151,-0.007875402458012104,0.45409148931503296,0.5799407958984375,-0.018237626180052757,0.47462064027786255,0.5684468150138855,-0.027672545984387398,0.49239644408226013,0.5577816367149353,-0.03421695902943611,0.4136298596858978,0.568696141242981,-0.00813046470284462,0.45398563146591187,0.5527816414833069,-0.0169683750718832,0.47881588339805603,0.541776180267334,-0.025624804198741913,0.499205619096756,0.5330437421798706,-0.03173615410923958,0.4026799499988556,0.5485352277755737,-0.010625575669109821,0.4407840371131897,0.5324921607971191,-0.019562842324376106,0.46557560563087463,0.5237322449684143,-0.026607710868120193,0.48618078231811523,0.5179895162582397,-0.031225992366671562,0.3861192464828491,0.530829668045044,-0.01465535257011652,0.4143845736980438,0.5173359513282776,-0.022463815286755562,0.4335313141345978,0.5120621919631958,-0.025873562321066856,0.45113328099250793,0.5091684460639954,-0.027900882065296173,HELLO
0.3219905495643616,0.6102217435836792,2.3149246430875792e-07,0.35134804248809814,0.635496973991394,-0.0148638766258955,0.3871869146823883,0.646558403968811,-0.020570889115333557,0.4153904318809509,0.6313170194625854,-0.025118686258792877,0.4236094355583191,0.6008878946304321,-0.029617879539728165,0.4186650514602661,0.5941817760467529,-0.008118340745568275,0.4540638327598572,0.5799074172973633,-0.018418388441205025,0.4746466279029846,0.5678689479827881,-0.02777310274541378,0.4923703670501709,0.5567827224731445,-0.034295082092285156,0.41372543573379517,0.5692700147628784,-0.008329545147716999,0.45415234565734863,0.5533297657966614,-0.01703832857310772,0.4789842963218689,0.5420250296592712,-0.025543982163071632,0.4991558790206909,0.5330023765563965,-0.03153929486870766,0.4027528166770935,0.5490679740905762,-0.010766817256808281,0.44083812832832336,0.5327473282814026,-0.0195151474326849,0.4655247628688812,0.5238215327262878,-0.026323221623897552,0.4860849380493164,0.517868161201477,-0.03080495446920395,0.38596129417419434,0.5308904647827148,-0.014762921258807182,0.41427722573280334,0.517535388469696,-0.02243940159678459,0.43322575092315674,0.5124222636222839,-0.025632629171013832,0.45076635479927063,0.5095584392547607,-0.027506548911333084,HELLO
0.3220791816711426,0.610958993434906,2.3325274867147527e-07,0.35207411646842957,0.6357007622718811,-0.014606696553528309,0.38772082328796387,0.6468110680580139,-0.02025037445127964,0.415275514125824,0.6315544247627258,-0.024823205545544624,0.4236013889312744,0.6012950539588928,-0.029347825795412064,0.4195249080657959,0.5936561226844788,-0.00756597938016057,0.45473676919937134,0.5791210532188416,-0.017810532823204994,0.47531619668006897,0.5671951770782471,-0.02725474163889885,0.49312183260917664,0.5564267635345459,-0.03387904167175293,0.4141523241996765,0.5689127445220947,-0.007893361151218414,0.4543570578098297,0.5524435043334961,-0.0166647806763649,0.4792219400405884,0.5412085056304932,-0.025420965626835823,0.4994804263114929,0.5324382781982422,-0.03157690539956093,0.4027746915817261,0.5490264892578125,-0.010440709069371223,0.4408981204032898,0.5322271585464478,-0.01938319206237793,0.46568888425827026,0.5232309699058533,-0.026518281549215317,0.48619598150253296,0.5174447894096375,-0.031162822619080544,0.38568344712257385,0.5313563346862793,-0.014507735148072243,0.4139307737350464,0.51781165599823,-0.0224288422614336,0.43287426233291626,0.5125346183776855,-0.025907645002007484,0.45036470890045166,0.5094698667526245,-0.027943246066570282,HELLO
0.3217732310295105,0.6103575229644775,2.293808307740619e-07,0.35183870792388916,0.6352643370628357,-0.014507148414850235,0.38776618242263794,0.6466010212898254,-0.02005426399409771,0.4156925082206726,0.6314159035682678,-0.024558819830417633,0.42365267872810364,0.6011343598365784,-0.029019925743341446,0.4192633628845215,0.5937973856925964,-0.00728886341676116,0.45450282096862793,0.5794321894645691,-0.01741461083292961,0.47508108615875244,0.5674356818199158,-0.026827482506632805,0.49291354417800903,0.5565906763076782,-0.033465269953012466,0.4139460027217865,0.5690065026283264,-0.0076502347365021706,0.4542950391769409,0.5525850057601929,-0.01633569784462452,0.479188472032547,0.5413445830345154,-0.025089865550398827,0.49948832392692566,0.5325689911842346,-0.03128618746995926,0.4026993215084076,0.5490755438804626,-0.010230174288153648,0.4408940076828003,0.5325196385383606,-0.019119640812277794,0.465692937374115,0.5234984755516052,-0.026269568130373955,0.486181378364563,0.5176182985305786,-0.03095254674553871,0.385749876499176,0.5312691330909729,-0.014327934011816978,0.4140320420265198,0.5176318287849426,-0.022186461836099625,0.43300724029541016,0.5122683048248291,-0.02566136047244072,0.4504682123661041,0.5090767741203308,-0.027729257941246033,HELLO
0.32147249579429626,0.6109135150909424,2.3349524269633548e-07,0.35152629017829895,0.6359986662864685,-0.014878781512379646,0.3871632218360901,0.6466566324234009,-0.020497629418969154,0.41508305072784424,0.6319482326507568,-0.025042245164513588,0.4245973825454712,0.6024783849716187,-0.02943415381014347,0.41902410984039307,0.5936582684516907,-0.007036878261715174,0.4542785882949829,0.5794723033905029,-0.017201481387019157,0.4746674597263336,0.5675382018089294,-0.026600396260619164,0.49231913685798645,0.556541919708252,-0.033180978149175644,0.4140230715274811,0.5689573287963867,-0.007186260540038347,0.4542829990386963,0.5532081723213196,-0.015854977071285248,0.47914260625839233,0.5420997738838196,-0.0244540236890316,0.4994317889213562,0.5332219004631042,-0.03048585169017315,0.40300366282463074,0.5489546656608582,-0.009676123969256878,0.4409782290458679,0.5325552821159363,-0.018511027097702026,0.46571654081344604,0.5236278772354126,-0.025464244186878204,0.48635512590408325,0.517739474773407,-0.029981691390275955,0.38628658652305603,0.5312338471412659,-0.013755980879068375,0.41428694128990173,0.5178408622741699,-0.021535057574510574,0.4331817030906677,0.5125800967216492,-0.02491392008960247,0.4507470428943634,0.509569525718689,-0.02689751610159874,HELLO
0.32136574387550354,0.6107639670372009,2.3477269905924913e-07,0.35123589634895325,0.6358551383018494,-0.01506086252629757,0.38678693771362305,0.6467046737670898,-0.020793911069631577,0.4147413969039917,0.632214367389679,-0.025424674153327942,0.4245128333568573,0.6028199195861816,-0.02987518720328808,0.41888856887817383,0.5935507416725159,-0.0071970876306295395,0.4542071223258972,0.5795183777809143,-0.017398089170455933,0.4746009409427643,0.5677087903022766,-0.026829829439520836,0.492265909910202,0.5567626953125,-0.03342284634709358,0.4139374792575836,0.5688869953155518,-0.0072691552340984344,0.45430055260658264,0.5531161427497864,-0.01594449393451214,0.4791282117366791,0.541988730430603,-0.024570293724536896,0.4994220733642578,0.5330460071563721,-0.030635658651590347,0.4029417634010315,0.5488870739936829,-0.00969399232417345,0.4409751296043396,0.5327448844909668,-0.018513521179556847,0.465639591217041,0.5238490104675293,-0.025469215586781502,0.4862193763256073,0.5178969502449036,-0.02999565750360489,0.3861888647079468,0.5311227440834045,-0.013726210221648216,0.4142540693283081,0.5177953243255615,-0.021480778232216835,0.4331495761871338,0.5124274492263794,-0.02485031448304653,0.4506796598434448,0.5092336535453796,-0.026827888563275337,HELLO
0.3218485414981842,0.6113865375518799,2.298487800089788e-07,0.3513624966144562,0.6362530589103699,-0.01525588147342205,0.38667869567871094,0.6468892097473145,-0.021148843690752983,0.4143618047237396,0.6323429346084595,-0.02589033916592598,0.4242143929004669,0.6036168932914734,-0.030483273789286613,0.41888919472694397,0.5946885347366333,-0.008149362169206142,0.45406872034072876,0.5799881815910339,-0.018702741712331772,0.47447729110717773,0.5681138038635254,-0.028300130739808083,0.4922483265399933,0.5572112798690796,-0.034950099885463715,0.41378799080848694,0.5697585344314575,-0.008199439384043217,0.45400363206863403,0.5536453723907471,-0.017094766721129417,0.478715181350708,0.5423328280448914,-0.025683898478746414,0.49909576773643494,0.5333376526832581,-0.03173317760229111,0.40274113416671753,0.5496257543563843,-0.01057974062860012,0.44061675667762756,0.5334818959236145,-0.01941627450287342,0.465093195438385,0.5243939161300659,-0.026167450472712517,0.48563748598098755,0.518222987651825,-0.03058987855911255,0.38592329621315,0.5319137573242188,-0.014609025791287422,0.4139980971813202,0.5182145237922668,-0.022258326411247253,0.43282946944236755,0.5126566886901855,-0.02544579841196537,0.45035022497177124,0.5092710852622986,-0.02732166089117527,HELLO
0.3219722807407379,0.6109799146652222,2.3282147765257832e-07,0.3514721393585205,0.6361392140388489,-0.015181311406195164,0.38689443469047546,0.6469055414199829,-0.020994363352656364,0.41454702615737915,0.6320928931236267,-0.025628279894590378,0.4240332841873169,0.6031495332717896,-0.030117765069007874,0.41929247975349426,0.5944945812225342,-0.00818824302405119,0.4543660879135132,0.5797423720359802,-0.018641255795955658,0.47475093603134155,0.5678256154060364,-0.028157470747828484,0.49249160289764404,0.5568278431892395,-0.03476598113775253,0.41427138447761536,0.5695071816444397,-0.008209411054849625,0.4544176161289215,0.553363025188446,-0.016964521259069443,0.47906526923179626,0.5420135259628296,-0.025418277829885483,0.49924445152282715,0.5330004096031189,-0.031352609395980835,0.40320587158203125,0.5493717193603516,-0.010530385188758373,0.4409312903881073,0.5329469442367554,-0.019259709864854813,0.4652687609195709,0.524074912071228,-0.025883279740810394,0.48561209440231323,0.518258810043335,-0.03020671010017395,0.3862423002719879,0.5315932035446167,-0.014487690292298794,0.41413965821266174,0.5178056359291077,-0.022082990035414696,0.43277040123939514,0.5125098824501038,-0.025168677791953087,0.450078547000885,0.5094690322875977,-0.02694608084857464,HELLO
0.32174772024154663,0.6095283627510071,2.305975641547775e-07,0.3513988256454468,0.6354678273200989,-0.01488437782973051,0.38641515374183655,0.6469588875770569,-0.020707236602902412,0.41430890560150146,0.6327806711196899,-0.025392727926373482,0.42332130670547485,0.6032687425613403,-0.029977761209011078,0.41822630167007446,0.5946119427680969,-0.008017478510737419,0.4536565840244293,0.580487847328186,-0.018386421725153923,0.4740726351737976,0.5684979557991028,-0.027744708582758904,0.49170607328414917,0.5574016571044922,-0.034245073795318604,0.4134717881679535,0.5694670081138611,-0.008137121796607971,0.4540974199771881,0.5535074472427368,-0.016912220045924187,0.4788656234741211,0.5423220992088318,-0.025290735065937042,0.4991079568862915,0.5332169532775879,-0.03116665594279766,0.4027177691459656,0.5490241646766663,-0.010514110326766968,0.44072678685188293,0.5325101613998413,-0.01926385797560215,0.46527764201164246,0.523629367351532,-0.025814497843384743,0.4858289659023285,0.5176653265953064,-0.030091190710663795,0.38627317547798157,0.5308367013931274,-0.014481314457952976,0.4142068028450012,0.5171433687210083,-0.02202039770781994,0.43293875455856323,0.5121614933013916,-0.025050869211554527,0.45031630992889404,0.5093933939933777,-0.026816528290510178,HELLO
0.3217266798019409,0.6094798445701599,2.3091986633971828e-07,0.3513409197330475,0.6354092359542847,-0.01460257824510336,0.38625413179397583,0.6470077633857727,-0.020457934588193893,0.41375765204429626,0.632722795009613,-0.025194332003593445,0.42315229773521423,0.6034647822380066,-0.029853910207748413,0.41842448711395264,0.5943784117698669,-0.008333141915500164,0.45394274592399597,0.5801476240158081,-0.01883012428879738,0.47442516684532166,0.5681650638580322,-0.028194217011332512,0.4920315146446228,0.5570629239082336,-0.03463630750775337,0.41361844539642334,0.5694006085395813,-0.008626128546893597,0.45423513650894165,0.553293764591217,-0.017523331567645073,0.47908347845077515,0.5420058369636536,-0.02587389014661312,0.4993210434913635,0.532774806022644,-0.03165305405855179,0.4027498662471771,0.5490424036979675,-0.011110220104455948,0.44096481800079346,0.5321113467216492,-0.01995980553328991,0.4656182527542114,0.5232453346252441,-0.026483139023184776,0.48624229431152344,0.5173479318618774,-0.030680373311042786,0.3861256539821625,0.5309242606163025,-0.015124676749110222,0.41416680812835693,0.5170969367027283,-0.022776585072278976,0.4329597055912018,0.5123108625411987,-0.025774016976356506,0.45041367411613464,0.509884238243103,-0.027437886223196983,HELLO
0.3216586112976074,0.609476625919342,2.2971462954046729e-07,0.3512439727783203,0.6353968977928162,-0.014580835588276386,0.3861950933933258,0.6469359993934631,-0.020386412739753723,0.4137822091579437,0.6327934861183167,-0.02508491836488247,0.42323803901672363,0.6035895347595215,-0.02970781736075878,0.41837191581726074,0.5943807363510132,-0.008225868456065655,0.4538556635379791,0.5801523327827454,-0.01868671178817749,0.4743729829788208,0.5682029724121094,-0.02803601510822773,0.4920376241207123,0.5571544766426086,-0.034486301243305206,0.4135436415672302,0.5693770051002502,-0.008537102490663528,0.4541867971420288,0.5532824993133545,-0.01741998828947544,0.4790523648262024,0.542062520980835,-0.02578173577785492,0.4993321895599365,0.5329228043556213,-0.0315827876329422,0.40265873074531555,0.5490299463272095,-0.01104490365833044,0.4408858120441437,0.5321502685546875,-0.019901610910892487,0.465565949678421,0.5232536792755127,-0.02645086497068405,0.48623141646385193,0.5173396468162537,-0.030675455927848816,0.38601720333099365,0.530949592590332,-0.015086453408002853,0.41407209634780884,0.5171076655387878,-0.02275994047522545,0.4328921139240265,0.5122737288475037,-0.025793062523007393,0.4504038691520691,0.5098074674606323,-0.027494056150317192,HELLO
0.3209282457828522,0.6106252670288086,2.2897893359186128e-07,0.3509245216846466,0.6358687281608582,-0.014341793954372406,0.3862675130367279,0.6466649770736694,-0.020052505657076836,0.41418853402137756,0.6324048042297363,-0.024682171642780304,0.4235445559024811,0.6029744744300842,-0.02921103499829769,0.41761428117752075,0.5948514342308044,-0.008358236402273178,0.45349058508872986,0.5799000263214111,-0.01875578612089157,0.47419142723083496,0.5675618052482605,-0.0279771126806736,0.4921260178089142,0.5561519861221313,-0.034349411725997925,0.4127894937992096,0.5699055790901184,-0.008861776441335678,0.453907310962677,0.5532046556472778,-0.017704874277114868,0.4790397584438324,0.5418712496757507,-0.025995582342147827,0.4995330572128296,0.5327287912368774,-0.031754039227962494,0.4021792411804199,0.5494703054428101,-0.011522816494107246,0.4407123923301697,0.5322397947311401,-0.0202541034668684,0.4655904471874237,0.5233258008956909,-0.026743868365883827,0.48629230260849,0.5174168348312378,-0.030954675748944283,0.38597333431243896,0.5310795903205872,-0.01570708118379116,0.4143913686275482,0.5169820189476013,-0.023216376081109047,0.43331480026245117,0.5120922327041626,-0.0261476319283247,0.45073172450065613,0.5095357894897461,-0.027798417955636978,HELLO
0.3207491636276245,0.6104466319084167,2.2742324290447868e-07,0.3504912853240967,0.6356661319732666,-0.014616701751947403,0.38591450452804565,0.6465648412704468,-0.020411401987075806,0.41395577788352966,0.6323034167289734,-0.025079689919948578,0.42351359128952026,0.6028180718421936,-0.02961600199341774,0.4174681305885315,0.5949874520301819,-0.008697065524756908,0.4534231722354889,0.5800299644470215,-0.019193880259990692,0.47408682107925415,0.5677269101142883,-0.02843526564538479,0.4920203983783722,0.5563386678695679,-0.034801848232746124,0.41273146867752075,0.5700636506080627,-0.009084844030439854,0.4539429843425751,0.5534258484840393,-0.017961617559194565,0.47898268699645996,0.5420757532119751,-0.026214556768536568,0.4993771016597748,0.5328518748283386,-0.03195640817284584,0.40213456749916077,0.5496531128883362,-0.011655374430119991,0.4404788315296173,0.5324651002883911,-0.020377911627292633,0.4651874601840973,0.5233807563781738,-0.026797764003276825,0.4857921302318573,0.5171632170677185,-0.03096841461956501,0.3858909606933594,0.5313031077384949,-0.015790874138474464,0.4142707288265228,0.5171568989753723,-0.023289741948246956,0.4331243634223938,0.5118718147277832,-0.026209227740764618,0.4504740238189697,0.5087890028953552,-0.02786053903400898,HELLO
0.32066091895103455,0.6100170612335205,2.2180849157393823e-07,0.3500748574733734,0.6349101662635803,-0.014210144989192486,0.3857016861438751,0.6450847387313843,-0.019595365971326828,0.414103627204895,0.6309203505516052,-0.02395235188305378,0.4223969280719757,0.6013947129249573,-0.028229178860783577,0.41836458444595337,0.5933629870414734,-0.007744147442281246,0.4536847174167633,0.5792053937911987,-0.017801271751523018,0.47420334815979004,0.5665794610977173,-0.027057068422436714,0.49200737476348877,0.5547003746032715,-0.0336436852812767,0.4138336181640625,0.5687571167945862,-0.008250684477388859,0.4540559947490692,0.5517989993095398,-0.01685260236263275,0.4788192808628082,0.5395466685295105,-0.025091838091611862,0.49917203187942505,0.5293879508972168,-0.030835961923003197,0.4030807912349701,0.5488819479942322,-0.010884782299399376,0.44152265787124634,0.5305697321891785,-0.019554302096366882,0.4656200110912323,0.5206863880157471,-0.02581065706908703,0.4857769310474396,0.5134786367416382,-0.029845625162124634,0.3862944543361664,0.5312443971633911,-0.015050013549625874,0.413976788520813,0.5173375606536865,-0.022579217329621315,0.432203471660614,0.5121093392372131,-0.025330889970064163,0.4489518404006958,0.508795440196991,-0.026822052896022797,HELLO
0.318912148475647,0.6102237105369568,2.14876919812923e-07,0.34898293018341064,0.6332842707633972,-0.013392850756645203,0.3830917477607727,0.6431493163108826,-0.01906481571495533,0.4091813266277313,0.6285067796707153,-0.024070268496870995,0.4181167185306549,0.5999326705932617,-0.02905912697315216,0.41488736867904663,0.589888870716095,-0.006868192460387945,0.45041075348854065,0.5749361515045166,-0.017252247780561447,0.4705698788166046,0.5630263090133667,-0.026729661971330643,0.48792508244514465,0.552861750125885,-0.0332610197365284,0.40958547592163086,0.5650931596755981,-0.007906939834356308,0.44922783970832825,0.5474324822425842,-0.016815200448036194,0.4738093316555023,0.5353115797042847,-0.02537403628230095,0.49458399415016174,0.5257647633552551,-0.03131459653377533,0.3985980451107025,0.5456673502922058,-0.011104113422334194,0.43715032935142517,0.5274419188499451,-0.019874434918165207,0.4606403708457947,0.517087459564209,-0.025971390306949615,0.4806336760520935,0.5094563961029053,-0.029881736263632774,0.38158127665519714,0.5286070704460144,-0.015747560188174248,0.4093256890773773,0.5145512223243713,-0.023033974692225456,0.42766618728637695,0.5081426501274109,-0.025493288412690163,0.44476088881492615,0.5035915374755859,-0.026793118566274643,HELLO
0.3188202381134033,0.6086181998252869,2.2624669782089768e-07,0.34827882051467896,0.6328734755516052,-0.014543110504746437,0.38257721066474915,0.6426334381103516,-0.02048950456082821,0.40902280807495117,0.628330647945404,-0.025384528562426567,0.41741618514060974,0.6001777052879333,-0.03013668768107891,0.41569769382476807,0.5903410911560059,-0.008255976252257824,0.4511120915412903,0.5755810141563416,-0.018590355291962624,0.4713068902492523,0.5632244944572449,-0.028030717745423317,0.4884433448314667,0.5519009828567505,-0.03455042839050293,0.41063588857650757,0.5652657151222229,-0.008531617932021618,0.45023617148399353,0.547066330909729,-0.017252322286367416,0.4745120406150818,0.5343558192253113,-0.025692323222756386,0.4943622946739197,0.5240873098373413,-0.031557075679302216,0.39945992827415466,0.5453099012374878,-0.010973917320370674,0.4371331036090851,0.527268648147583,-0.019541386514902115,0.46057799458503723,0.5170651078224182,-0.025975024327635765,0.4801936745643616,0.5095128417015076,-0.030139973387122154,0.3822111487388611,0.5282179713249207,-0.014946145005524158,0.40913018584251404,0.513969898223877,-0.022402236238121986,0.4268921911716461,0.507327675819397,-0.025211947038769722,0.44326499104499817,0.5026359558105469,-0.026676125824451447,HELLO
0.3126086890697479,0.6060260534286499,2.02092849121982e-07,0.34485381841659546,0.6245788931846619,-0.011658905074000359,0.3803054690361023,0.6312429308891296,-0.016849931329488754,0.40563666820526123,0.6166441440582275,-0.021992124617099762,0.4068307876586914,0.5898117423057556,-0.027391545474529266,0.40919220447540283,0.5807430744171143,-0.003461578395217657,0.4420209527015686,0.5653794407844543,-0.01380673423409462,0.4625299274921417,0.5543036460876465,-0.024125322699546814,0.4801676869392395,0.5447266697883606,-0.03138043358922005,0.4039027690887451,0.5586546063423157,-0.005917524453252554,0.44086670875549316,0.5397605299949646,-0.015202690847218037,0.46473315358161926,0.5273099541664124,-0.024481255561113358,0.48565515875816345,0.5168436765670776,-0.030932491645216942,0.3933277428150177,0.5399814248085022,-0.010625879280269146,0.4293154180049896,0.5207138657569885,-0.01971675455570221,0.452880322933197,0.5114271640777588,-0.02582327276468277,0.47327721118927,0.5049170255661011,-0.02952273003757,0.37695246934890747,0.5219621658325195,-0.016826165840029716,0.405852347612381,0.506112277507782,-0.02368161454796791,0.42497795820236206,0.499045193195343,-0.02572757378220558,0.4422003924846649,0.49485063552856445,-0.026829645037651062,HELLO
0.3132750391960144,0.6062970757484436,2.288347076273567e-07,0.3440932333469391,0.625822901725769,-0.013481480069458485,0.380908340215683,0.6314902305603027,-0.01886851340532303,0.4062071442604065,0.6134048700332642,-0.02365422248840332,0.4063262343406677,0.5867518782615662,-0.028536353260278702,0.4101386070251465,0.5797033905982971,-0.00468437559902668,0.44203487038612366,0.564038872718811,-0.01446667592972517,0.461877703666687,0.552532970905304,-0.02416219934821129,0.47891560196876526,0.5426764488220215,-0.031129108741879463,0.4046560525894165,0.5575370192527771,-0.006071101408451796,0.4415113031864166,0.5372630953788757,-0.015184476040303707,0.4657835066318512,0.5238373279571533,-0.02431691810488701,0.48639628291130066,0.5126312375068665,-0.03060326538980007,0.39323690533638,0.539513349533081,-0.009793376550078392,0.4285043478012085,0.5189231038093567,-0.019310617819428444,0.45246490836143494,0.5085849761962891,-0.026402773335576057,0.47297653555870056,0.500789225101471,-0.03074067458510399,0.3759138882160187,0.5230511426925659,-0.015040555037558079,0.4039768576622009,0.5078254342079163,-0.022715581580996513,0.42314308881759644,0.5015770792961121,-0.0257282555103302,0.4407709836959839,0.4976081848144531,-0.02755041979253292,HELLO
0.30090034008026123,0.5970936417579651,2.0315981430485408e-07,0.33081257343292236,0.6149228811264038,-0.01471222098916769,0.36842674016952515,0.6174498200416565,-0.019656240940093994,0.39303702116012573,0.6004223227500916,-0.0241081602871418,0.3973664939403534,0.5753522515296936,-0.028386956080794334,0.3986881971359253,0.5632654428482056,-0.003163388231769204,0.4303014874458313,0.5406785607337952,-0.013941007666289806,0.4514360725879669,0.5270483493804932,-0.02465086430311203,0.46980851888656616,0.5157099366188049,-0.03213495388627052,0.3921201527118683,0.544429361820221,-0.003952041734009981,0.42699286341667175,0.5239565372467041,-0.01363327819854021,0.45009639859199524,0.512313723564148,-0.023327751085162163,0.47057634592056274,0.5030598044395447,-0.029814686626195908,0.381023108959198,0.5290543437004089,-0.007548332214355469,0.4143010377883911,0.5100335478782654,-0.016857722774147987,0.43673115968704224,0.5006884932518005,-0.022531447932124138,0.45671236515045166,0.49372777342796326,-0.025772644206881523,0.3647618293762207,0.5146426558494568,-0.01313928235322237,0.39210858941078186,0.4988088607788086,-0.020158488303422928,0.40929797291755676,0.4917411506175995,-0.021965431049466133,0.425182580947876,0.4865235686302185,-0.02274932712316513,HELLO
0.30256953835487366,0.594322144985199,2.121013125133686e-07,0.33337101340293884,0.6133086681365967,-0.013441328890621662,0.3707318902015686,0.6140533685684204,-0.01775672659277916,0.3941338360309601,0.595761775970459,-0.02170407399535179,0.39480847120285034,0.571423351764679,-0.02570025995373726,0.40031760931015015,0.560304582118988,-0.0020736949518322945,0.43155261874198914,0.5401334166526794,-0.011827414855360985,0.4524851441383362,0.5259613394737244,-0.021906618028879166,0.47017815709114075,0.51435786485672,-0.029145486652851105,0.3929159343242645,0.5418333411216736,-0.0031231080647557974,0.4268302917480469,0.5220624804496765,-0.012012692168354988,0.4495459496974945,0.5083487629890442,-0.021381935104727745,0.4694729149341583,0.4973165690898895,-0.02780521661043167,0.38064342737197876,0.5274259448051453,-0.006737937685102224,0.4121832251548767,0.5083228945732117,-0.015762565657496452,0.433801531791687,0.4973790645599365,-0.02159426361322403,0.4528779983520508,0.48926809430122375,-0.025043893605470657,0.363133043050766,0.5146335363388062,-0.012156132608652115,0.38842636346817017,0.4984494745731354,-0.01942933164536953,0.40523022413253784,0.4903557300567627,-0.021533524617552757,0.4211468994617462,0.4842616319656372,-0.022578395903110504,HELLO
0.28579604625701904,0.5910211205482483,2.071204932008186e-07,0.3194049894809723,0.6040779948234558,-0.012030228972434998,0.35562992095947266,0.5984386801719666,-0.015589766204357147,0.37516289949417114,0.5795366168022156,-0.018968867138028145,0.37953343987464905,0.5595311522483826,-0.022549515590071678,0.3805990219116211,0.5360440611839294,-0.0045306324027478695,0.410428524017334,0.5111252665519714,-0.014073250815272331,0.429015576839447,0.49317634105682373,-0.023985307663679123,0.44471287727355957,0.47673487663269043,-0.03117889165878296,0.36838725209236145,0.5153415203094482,-0.006566143594682217,0.4001989960670471,0.4879884421825409,-0.014725897461175919,0.42116254568099976,0.4691932797431946,-0.0239608995616436,0.4382007122039795,0.4534406363964081,-0.030687838792800903,0.35108277201652527,0.5024413466453552,-0.01068395096808672,0.3773977756500244,0.47558289766311646,-0.019051844254136086,0.3941125273704529,0.46085190773010254,-0.0253373421728611,0.40787914395332336,0.4494858384132385,-0.02948903664946556,0.3282802700996399,0.49521711468696594,-0.016424313187599182,0.34873172640800476,0.47463902831077576,-0.023837892338633537,0.3615175187587738,0.4641839861869812,-0.026242034509778023,0.372489333152771,0.45670732855796814,-0.027511173859238625,HELLO
0.28286802768707275,0.5857794284820557,2.2920774256363075e-07,0.3169441223144531,0.600276529788971,-0.012120727449655533,0.355246901512146,0.5927742123603821,-0.015093793161213398,0.37654250860214233,0.5728654265403748,-0.01773078739643097,0.3776393532752991,0.5516696572303772,-0.02020202949643135,0.38053467869758606,0.5350345969200134,-0.0023473298642784357,0.41110241413116455,0.5097620487213135,-0.010904054157435894,0.42926090955734253,0.4907744228839874,-0.01998194120824337,0.444570392370224,0.473563015460968,-0.026561960577964783,0.370186984539032,0.5156433582305908,-0.00349492602981627,0.40175414085388184,0.48892742395401,-0.0109401885420084,0.42203375697135925,0.4703127145767212,-0.01912819966673851,0.4392296075820923,0.45497840642929077,-0.024902453646063805,0.3548298180103302,0.5021429657936096,-0.006927690003067255,0.38209986686706543,0.4757744073867798,-0.014684922993183136,0.3984942138195038,0.46080920100212097,-0.01993684098124504,0.4120914936065674,0.4498254060745239,-0.02312001958489418,0.3348240852355957,0.49296873807907104,-0.012059096246957779,0.3583305776119232,0.4731960892677307,-0.018576722592115402,0.37276265025138855,0.46325477957725525,-0.02028675377368927,0.3851536512374878,0.4567643105983734,-0.020969025790691376,HELLO
0.27249762415885925,0.573249340057373,2.459695451761945e-07,0.3055039942264557,0.5871583819389343,-0.014631303958594799,0.34539854526519775,0.5835214853286743,-0.01938646472990513,0.3680742084980011,0.5562617778778076,-0.0230547022074461,0.3622031807899475,0.529431939125061,-0.026596099138259888,0.36766019463539124,0.5211163759231567,-0.005706550553441048,0.3987427353858948,0.4915338158607483,-0.014948512427508831,0.4181463122367859,0.4728102385997772,-0.024357687681913376,0.4347846806049347,0.4570280909538269,-0.031257715076208115,0.35946333408355713,0.5001201033592224,-0.005909456871449947,0.39388683438301086,0.46865352988243103,-0.013779237866401672,0.41629907488822937,0.4495666027069092,-0.022245235741138458,0.43493908643722534,0.43455183506011963,-0.028189830482006073,0.3465195596218109,0.4853534400463104,-0.008402634412050247,0.38000673055648804,0.45521271228790283,-0.016548676416277885,0.40269380807876587,0.4403228759765625,-0.022835809737443924,0.4217367172241211,0.4294169545173645,-0.02682379074394703,0.32677286863327026,0.4736083745956421,-0.012612857855856419,0.3528997600078583,0.45092588663101196,-0.01939740963280201,0.36971625685691833,0.44147810339927673,-0.021679500117897987,0.3845537304878235,0.4344445466995239,-0.022904325276613235,HELLO
0.27045416831970215,0.5745372772216797,2.2224485007882322e-07,0.3045330047607422,0.5876883268356323,-0.014506361447274685,0.3446284830570221,0.5831004977226257,-0.019066384062170982,0.36690235137939453,0.5560166835784912,-0.02261701226234436,0.36191099882125854,0.5301409363746643,-0.02582557685673237,0.36807140707969666,0.5229767560958862,-0.004371354356408119,0.4000869393348694,0.49370723962783813,-0.013081755489110947,0.4192332625389099,0.4749448895454407,-0.0221090167760849,0.43536442518234253,0.45883676409721375,-0.028731532394886017,0.3596467971801758,0.5017257332801819,-0.004544442985206842,0.39473938941955566,0.4707642197608948,-0.011917510069906712,0.4165746867656708,0.4512769281864166,-0.020094575360417366,0.43430110812187195,0.43501314520835876,-0.02585248276591301,0.3467777967453003,0.4868007302284241,-0.007095749024301767,0.3802005648612976,0.45706748962402344,-0.014730473048985004,0.40253573656082153,0.4416428804397583,-0.02094576694071293,0.42055201530456543,0.42931172251701355,-0.024899667128920555,0.3280582129955292,0.4756203293800354,-0.011409157887101173,0.3544562757015228,0.45261991024017334,-0.017624065279960632,0.3711667060852051,0.44210147857666016,-0.019564755260944366,0.38532498478889465,0.43369174003601074,-0.02058383822441101,HELLO
0.2666662931442261,0.5689128041267395,2.236245109088486e-07,0.30207568407058716,0.5839821696281433,-0.013789022341370583,0.3418901562690735,0.5806884169578552,-0.018570180982351303,0.3665512502193451,0.5537958741188049,-0.022366877645254135,0.3634297549724579,0.5224931836128235,-0.026285503059625626,0.3608314096927643,0.5151000618934631,-0.00808753166347742,0.3942531645298004,0.48534268140792847,-0.017998501658439636,0.413308322429657,0.4657993018627167,-0.02702728658914566,0.4297749996185303,0.4483490586280823,-0.03354446962475777,0.35060685873031616,0.49344146251678467,-0.00878369901329279,0.3877781629562378,0.4616025984287262,-0.016754407435655594,0.41048330068588257,0.44140365719795227,-0.02438889816403389,0.42901450395584106,0.4244484305381775,-0.030116267502307892,0.3357320725917816,0.47911062836647034,-0.011551493778824806,0.3706657290458679,0.4486798048019409,-0.019603921100497246,0.39272093772888184,0.4326728880405426,-0.02521580643951893,0.41095736622810364,0.41957300901412964,-0.029160307720303535,0.31484371423721313,0.4685003161430359,-0.01590397022664547,0.3404158353805542,0.44574522972106934,-0.023079777136445045,0.35831937193870544,0.4351530075073242,-0.025677390396595,0.3741363286972046,0.42575889825820923,-0.02740478515625,HELLO
0.26553019881248474,0.5682231187820435,2.3578765251386358e-07,0.3006255030632019,0.5832131505012512,-0.015811286866664886,0.34168219566345215,0.5806030035018921,-0.02110326662659645,0.3665447533130646,0.551271378993988,-0.025068078190088272,0.35995784401893616,0.5196431875228882,-0.02901003696024418,0.3607103228569031,0.5139933824539185,-0.007253013085573912,0.3935317397117615,0.48486173152923584,-0.016913505271077156,0.41251125931739807,0.46527713537216187,-0.026233507320284843,0.4292110800743103,0.44834303855895996,-0.03316328674554825,0.35108867287635803,0.49317553639411926,-0.007125559262931347,0.386957585811615,0.461392879486084,-0.015171387232840061,0.4099632799625397,0.4405887722969055,-0.02375413477420807,0.42889559268951416,0.4232657253742218,-0.030150657519698143,0.33655887842178345,0.47965553402900696,-0.009372172877192497,0.3692883551120758,0.4499210715293884,-0.018034562468528748,0.39209693670272827,0.43258365988731384,-0.025135060772299767,0.41112446784973145,0.41874200105667114,-0.02992912381887436,0.3162989020347595,0.47001445293426514,-0.013380329124629498,0.34038275480270386,0.44662120938301086,-0.021363427862524986,0.3581446409225464,0.4347835183143616,-0.025007368996739388,0.37412792444229126,0.4246937036514282,-0.027389364317059517,HELLO
0.26279863715171814,0.5698639750480652,2.2689280854137905e-07,0.2973281741142273,0.5835758447647095,-0.014584837481379509,0.3373967409133911,0.5798565149307251,-0.01966523937880993,0.363556832075119,0.5541973114013672,-0.02373865619301796,0.35846900939941406,0.5232406854629517,-0.027827585116028786,0.35787153244018555,0.5158534049987793,-0.006892551202327013,0.3901274502277374,0.48715823888778687,-0.016517896205186844,0.4087253510951996,0.4674985110759735,-0.025888077914714813,0.42539775371551514,0.4501062333583832,-0.03295450285077095,0.3483944535255432,0.49383342266082764,-0.007705931551754475,0.3843756914138794,0.4620257616043091,-0.015936966985464096,0.40755927562713623,0.4411488473415375,-0.02449234016239643,0.4272581934928894,0.42376017570495605,-0.030893178656697273,0.33377331495285034,0.4791609048843384,-0.010764097794890404,0.36734268069267273,0.4483208656311035,-0.01946939341723919,0.390325665473938,0.43094128370285034,-0.026201147586107254,0.4101993441581726,0.4172779321670532,-0.030821386724710464,0.31321975588798523,0.4684191644191742,-0.015509543009102345,0.33810505270957947,0.4442964196205139,-0.02330089546740055,0.3564537763595581,0.43288078904151917,-0.026532942429184914,0.37386202812194824,0.4236956238746643,-0.028746267780661583,HELLO
0.26240605115890503,0.569364607334137,2.420138400793803e-07,0.29677122831344604,0.5838932991027832,-0.016565004363656044,0.337955504655838,0.5819605588912964,-0.022208942100405693,0.36357617378234863,0.5535407066345215,-0.02634943649172783,0.3571107089519501,0.5210179686546326,-0.030297210440039635,0.3577800393104553,0.5149944424629211,-0.0077215698547661304,0.39060866832733154,0.4860577881336212,-0.017243485897779465,0.40918803215026855,0.46604931354522705,-0.026517586782574654,0.4256073236465454,0.44841521978378296,-0.03350221365690231,0.3483836352825165,0.4929399788379669,-0.007370037492364645,0.3843957185745239,0.4608023762702942,-0.015310067683458328,0.4075090289115906,0.4400859773159027,-0.02381427027285099,0.42671555280685425,0.4230327010154724,-0.03020975925028324,0.3339248299598694,0.47850501537323,-0.009453863836824894,0.3665299713611603,0.4482421278953552,-0.017957907170057297,0.38940081000328064,0.43168240785598755,-0.02487923949956894,0.40899813175201416,0.41879451274871826,-0.029642269015312195,0.31370508670806885,0.4681869447231293,-0.013415656052529812,0.3378291130065918,0.4440581202507019,-0.021294638514518738,0.355695903301239,0.4329960346221924,-0.024802224710583687,0.3724949061870575,0.4240927994251251,-0.02714814618229866,HELLO
0.2625022828578949,0.5709181427955627,2.386332198511809e-07,0.296626478433609,0.5845252871513367,-0.015842808410525322,0.33632412552833557,0.5823642015457153,-0.02165153995156288,0.3622416853904724,0.5569388270378113,-0.026231326162815094,0.35960978269577026,0.5251029133796692,-0.030797958374023438,0.35650962591171265,0.5162060260772705,-0.00831030122935772,0.3892904818058014,0.4861866235733032,-0.01873151585459709,0.4082339107990265,0.46669241786003113,-0.028373591601848602,0.4251807928085327,0.4497447609901428,-0.03533182293176651,0.34629231691360474,0.4946483075618744,-0.008533449843525887,0.3828980028629303,0.461963951587677,-0.017406728118658066,0.4063003659248352,0.4412342607975006,-0.026277760043740273,0.4262489676475525,0.42441827058792114,-0.03273726627230644,0.33126676082611084,0.48044297099113464,-0.011148563586175442,0.36492547392845154,0.4500066041946411,-0.020372994244098663,0.3884279727935791,0.43242883682250977,-0.02755238488316536,0.4089786410331726,0.41888678073883057,-0.03234054148197174,0.3108155131340027,0.47031256556510925,-0.015524634160101414,0.33561015129089355,0.44647103548049927,-0.02382732927799225,0.3537830114364624,0.43434131145477295,-0.02748376503586769,0.3710518479347229,0.4242105782032013,-0.0298396535217762,HELLO
0.2627290189266205,0.5697846412658691,2.5033847350641736e-07,0.2967040240764618,0.5837927460670471,-0.016130531206727028,0.3362639546394348,0.5822327733039856,-0.022110354155302048,0.3619235157966614,0.556560218334198,-0.02674422413110733,0.35959652066230774,0.5243618488311768,-0.031286586076021194,0.35677680373191833,0.51535564661026,-0.008452641777694225,0.3899456262588501,0.48513925075531006,-0.018809327855706215,0.40887606143951416,0.4656267464160919,-0.02828046679496765,0.4254278838634491,0.44889602065086365,-0.03499723970890045,0.34651726484298706,0.4937219023704529,-0.008329391479492188,0.3833039700984955,0.4608954191207886,-0.01713612861931324,0.40667781233787537,0.4402354061603546,-0.025911914184689522,0.42607980966567993,0.42396798729896545,-0.03222474455833435,0.3314385414123535,0.47929179668426514,-0.01062890887260437,0.3650203347206116,0.44885456562042236,-0.019741781055927277,0.38840529322624207,0.4312968850135803,-0.027052542194724083,0.40849170088768005,0.41836532950401306,-0.03188491612672806,0.31101471185684204,0.4689687490463257,-0.014671443030238152,0.33590003848075867,0.44507932662963867,-0.02297073043882847,0.3539552092552185,0.43321192264556885,-0.02676052786409855,0.37101659178733826,0.423592209815979,-0.029125694185495377,HELLO
0.2613624334335327,0.571902334690094,2.5456742491769546e-07,0.2959387004375458,0.5848931074142456,-0.01657932810485363,0.33533498644828796,0.5837039947509766,-0.02277967892587185,0.3614177107810974,0.5583229064941406,-0.0276002436876297,0.35916849970817566,0.5251471996307373,-0.032260697335004807,0.35628587007522583,0.5159182548522949,-0.007573043927550316,0.38912251591682434,0.48652034997940063,-0.017629604786634445,0.40770527720451355,0.4672310948371887,-0.027344999834895134,0.4244720935821533,0.4502570629119873,-0.034415874630212784,0.34629252552986145,0.49429401755332947,-0.007288007531315088,0.38262367248535156,0.462068110704422,-0.015635836869478226,0.40554380416870117,0.44135457277297974,-0.024641018360853195,0.42525672912597656,0.4242502450942993,-0.031330060213804245,0.33124756813049316,0.479866087436676,-0.009497497230768204,0.36481186747550964,0.4503713548183441,-0.018341222777962685,0.3879634737968445,0.4328383207321167,-0.025626616552472115,0.408042848110199,0.41903284192085266,-0.030561834573745728,0.3103797733783722,0.46937474608421326,-0.013533203862607479,0.33533376455307007,0.4461003541946411,-0.021645624190568924,0.3537178933620453,0.4346722960472107,-0.025287916883826256,0.37106794118881226,0.4251418113708496,-0.027610566467046738,HELLO
0.2611461281776428,0.5718245506286621,2.5582562557247e-07,0.29621586203575134,0.584688127040863,-0.016616223379969597,0.33609431982040405,0.5837301015853882,-0.0228890310972929,0.361756831407547,0.5573592782020569,-0.027753151953220367,0.35877490043640137,0.5238865613937378,-0.032430458813905716,0.35598722100257874,0.5157628059387207,-0.007694479543715715,0.38904517889022827,0.4866543412208557,-0.017837626859545708,0.40771228075027466,0.4672684967517853,-0.027496356517076492,0.42447802424430847,0.4502776861190796,-0.03452623635530472,0.34612077474594116,0.4941944479942322,-0.0074044386856257915,0.38251519203186035,0.4619103670120239,-0.015916455537080765,0.40563222765922546,0.4411040246486664,-0.024866551160812378,0.42530444264411926,0.4241139888763428,-0.03150111809372902,0.33116236329078674,0.4798341393470764,-0.009617069736123085,0.3647376000881195,0.45010942220687866,-0.018625568598508835,0.3879413306713104,0.4327472746372223,-0.0259140245616436,0.40798890590667725,0.41923731565475464,-0.030838076025247574,0.3104420602321625,0.46948930621147156,-0.013649960979819298,0.3354121744632721,0.44619518518447876,-0.02194795571267605,0.35375016927719116,0.4346953332424164,-0.02571498230099678,0.37105485796928406,0.42505571246147156,-0.028127513825893402,HELLO
0.2615656852722168,0.571546733379364,2.4651944841025397e-07,0.2963484823703766,0.5858255624771118,-0.015703508630394936,0.3358279764652252,0.5834208130836487,-0.02120930328965187,0.36126798391342163,0.5576756596565247,-0.025464056059718132,0.35873401165008545,0.5252516269683838,-0.029618803411722183,0.3566003441810608,0.5154309868812561,-0.006821252405643463,0.38914164900779724,0.4865901470184326,-0.01648024655878544,0.4076712131500244,0.46768566966056824,-0.02584274671971798,0.42405036091804504,0.4511628746986389,-0.03267041966319084,0.3468022048473358,0.49425140023231506,-0.0067373174242675304,0.3831614851951599,0.46216559410095215,-0.014924679882824421,0.40625596046447754,0.44187527894973755,-0.02361937426030636,0.4255457818508148,0.4255804419517517,-0.03004137985408306,0.33183589577674866,0.4800734519958496,-0.009099669754505157,0.36549508571624756,0.4500979483127594,-0.017913179472088814,0.38858866691589355,0.4325902760028839,-0.02521759644150734,0.4082576036453247,0.41936567425727844,-0.03011731058359146,0.31114354729652405,0.469868004322052,-0.013193413615226746,0.3359776437282562,0.44604164361953735,-0.021358586847782135,0.3539484739303589,0.43415746092796326,-0.0251456331461668,0.37074917554855347,0.4245575964450836,-0.02757357805967331,HELLO
0.2615288197994232,0.5716099739074707,2.466910302700853e-07,0.29621148109436035,0.5857903361320496,-0.015862079337239265,0.33553728461265564,0.5837090015411377,-0.021508531644940376,0.3610987961292267,0.5580863952636719,-0.02588980831205845,0.35872289538383484,0.525476336479187,-0.03015648014843464,0.35658904910087585,0.5157284736633301,-0.006879108492285013,0.3891160488128662,0.48663467168807983,-0.0165703222155571,0.4075602889060974,0.4677678048610687,-0.025983812287449837,0.4239603877067566,0.4512692093849182,-0.03284306451678276,0.34682467579841614,0.4944116771221161,-0.0067519075237214565,0.38322168588638306,0.4622613787651062,-0.014941222965717316,0.4063013195991516,0.44199463725090027,-0.0236784927546978,0.4256923496723175,0.4257062077522278,-0.03012635000050068,0.3319157063961029,0.4800877869129181,-0.009088991209864616,0.36561867594718933,0.45003631711006165,-0.01789775677025318,0.38879698514938354,0.43246620893478394,-0.025210613384842873,0.4086020886898041,0.4192008972167969,-0.03011622279882431,0.31125104427337646,0.4697166979312897,-0.013175283558666706,0.33602195978164673,0.44583842158317566,-0.02130213752388954,0.35396361351013184,0.43394699692726135,-0.025044819340109825,0.3707227408885956,0.4243658781051636,-0.027440078556537628,HELLO
0.26115432381629944,0.5718709230422974,2.5716963136801496e-07,0.2957219183444977,0.5861939191818237,-0.01753876730799675,0.3359876871109009,0.585360586643219,-0.024169515818357468,0.36202478408813477,0.5579374432563782,-0.029220152646303177,0.35747015476226807,0.5245758295059204,-0.0341089703142643,0.35675281286239624,0.5168420076370239,-0.008199658244848251,0.38933414220809937,0.48792287707328796,-0.018444502726197243,0.4078296720981598,0.4680582880973816,-0.028306884691119194,0.4241829514503479,0.45053592324256897,-0.03554750606417656,0.3470241129398346,0.49502697587013245,-0.007543129846453667,0.3836049735546112,0.4632287621498108,-0.01628144085407257,0.40685567259788513,0.44265323877334595,-0.025335917249321938,0.4263944625854492,0.4259061813354492,-0.031971659511327744,0.3319690227508545,0.4804531931877136,-0.009481627494096756,0.365724116563797,0.4510078430175781,-0.018806932494044304,0.3891199827194214,0.43339693546295166,-0.02635675109922886,0.40919506549835205,0.41974589228630066,-0.03139553964138031,0.31094351410865784,0.46991875767707825,-0.0133028794080019,0.33606451749801636,0.44711625576019287,-0.021777966991066933,0.35414159297943115,0.4352121949195862,-0.025709588080644608,0.3711244463920593,0.42519256472587585,-0.02825065329670906,HELLO
0.26125508546829224,0.5724297761917114,2.4913583729357924e-07,0.29604196548461914,0.5859402418136597,-0.016434816643595695,0.33626705408096313,0.5838025212287903,-0.022443737834692,0.3624749183654785,0.557045578956604,-0.027105662971735,0.3579943776130676,0.5240198373794556,-0.03169587254524231,0.3562978506088257,0.5169075131416321,-0.007403314113616943,0.38919246196746826,0.48858094215393066,-0.017413675785064697,0.40792369842529297,0.4691540598869324,-0.027098754420876503,0.42436274886131287,0.4517916142940521,-0.03423963859677315,0.3467509150505066,0.4955253303050995,-0.007282562553882599,0.38368234038352966,0.4640584886074066,-0.015797441825270653,0.4070689380168915,0.443356454372406,-0.02465992607176304,0.4265916347503662,0.4262036681175232,-0.031228134408593178,0.33190855383872986,0.481122761964798,-0.009694168344140053,0.3659931421279907,0.4516121745109558,-0.018825728446245193,0.38938918709754944,0.43405574560165405,-0.026268690824508667,0.40939217805862427,0.4202136993408203,-0.03130868449807167,0.31108465790748596,0.4705886244773865,-0.013905233703553677,0.33592820167541504,0.4474165439605713,-0.022220343351364136,0.35389846563339233,0.435244619846344,-0.026087583974003792,0.3707873225212097,0.4248369038105011,-0.02868509292602539,HELLO
0.2611098289489746,0.5728602409362793,2.530147469315125e-07,0.29611748456954956,0.5870121717453003,-0.01683560572564602,0.3365703523159027,0.5857201814651489,-0.02307409606873989,0.36244210600852966,0.5585724115371704,-0.02780713140964508,0.3574284315109253,0.5256513357162476,-0.03234285116195679,0.3570944666862488,0.5184909105300903,-0.007997593842446804,0.3900376558303833,0.4894883334636688,-0.017979564145207405,0.4086509346961975,0.4697827696800232,-0.027492251247167587,0.42491990327835083,0.4526311755180359,-0.03441484272480011,0.3472312390804291,0.4966219663619995,-0.007459363434463739,0.3838491141796112,0.46444422006607056,-0.015874788165092468,0.4070121645927429,0.4438078999519348,-0.024542037397623062,0.4262010455131531,0.42716842889785767,-0.030875498428940773,0.33223724365234375,0.48176702857017517,-0.009406554512679577,0.3659871816635132,0.4520789682865143,-0.01834593527019024,0.38930743932724,0.434701144695282,-0.025498902425169945,0.4090966582298279,0.42135998606681824,-0.03025747649371624,0.31148475408554077,0.47083574533462524,-0.013179106637835503,0.3368772864341736,0.447630912065506,-0.021239453926682472,0.35490381717681885,0.4359903335571289,-0.024812808260321617,0.3716283142566681,0.4264791011810303,-0.02708449959754944,HELLO
0.26095160841941833,0.5735753774642944,2.49114492589797e-07,0.29617321491241455,0.5869771242141724,-0.016294067725539207,0.33673757314682007,0.585405170917511,-0.022288430482149124,0.3628159463405609,0.5585737824440002,-0.026905963197350502,0.35732683539390564,0.5254978537559509,-0.031414907425642014,0.3564887046813965,0.5190480947494507,-0.007741529960185289,0.3897499740123749,0.49048125743865967,-0.017749207094311714,0.4084731936454773,0.4706963300704956,-0.027293570339679718,0.42480939626693726,0.45323318243026733,-0.034276463091373444,0.34678930044174194,0.49723708629608154,-0.007641210686415434,0.3838280737400055,0.4655548930168152,-0.016176803037524223,0.407230019569397,0.4445183575153351,-0.024976719170808792,0.4265764653682709,0.4272195100784302,-0.031446926295757294,0.3319326639175415,0.4823104441165924,-0.00998773891478777,0.36612340807914734,0.4526851177215576,-0.01901819370687008,0.3895929455757141,0.43533238768577576,-0.026329608634114265,0.4095797538757324,0.4218234121799469,-0.03124740906059742,0.31123971939086914,0.4711144268512726,-0.014115927740931511,0.3366857171058655,0.44776827096939087,-0.022190112620592117,0.3548504710197449,0.43606430292129517,-0.025838322937488556,0.3718721270561218,0.42645975947380066,-0.028258752077817917,HELLO
0.2604266405105591,0.5740761756896973,2.543404775678937e-07,0.29569011926651,0.5878801345825195,-0.017501305788755417,0.33630672097206116,0.5883165001869202,-0.02410917356610298,0.3627583086490631,0.5612151622772217,-0.029223386198282242,0.35751503705978394,0.5279097557067871,-0.03408980369567871,0.35671713948249817,0.5206500291824341,-0.006987245287746191,0.38919469714164734,0.4928551912307739,-0.016977649182081223,0.4076167941093445,0.47362393140792847,-0.026918619871139526,0.4241549074649811,0.4567521810531616,-0.034285563975572586,0.3472999036312103,0.4982774555683136,-0.006422821432352066,0.3836279809474945,0.4664105176925659,-0.01487413328140974,0.4067138433456421,0.4458977282047272,-0.023991430178284645,0.4265073239803314,0.42881062626838684,-0.030731473118066788,0.3325907588005066,0.4832932949066162,-0.008512564934790134,0.36611443758010864,0.45382508635520935,-0.017662417143583298,0.3893362283706665,0.43640077114105225,-0.025023210793733597,0.4093543589115143,0.42243048548698425,-0.02991541661322117,0.3118360638618469,0.4721708595752716,-0.012532573193311691,0.3372827470302582,0.4495019018650055,-0.020730290561914444,0.3553870916366577,0.4377913773059845,-0.024334954097867012,0.37228474020957947,0.4276830554008484,-0.026651140302419662,HELLO
0.26054030656814575,0.5739971995353699,2.5263142333642463e-07,0.2959054410457611,0.5877912640571594,-0.016812536865472794,0.3367917239665985,0.5878129601478577,-0.02304723672568798,0.3629620373249054,0.5608335733413696,-0.02788473293185234,0.3574393093585968,0.5275167226791382,-0.03251636028289795,0.3567582070827484,0.5201088190078735,-0.00736187444999814,0.38990432024002075,0.49216216802597046,-0.017369285225868225,0.4086765944957733,0.47274166345596313,-0.027189018204808235,0.4253438711166382,0.45558425784111023,-0.03441900014877319,0.34735235571861267,0.49801576137542725,-0.007127129938453436,0.3840929865837097,0.46676987409591675,-0.015478522516787052,0.40736252069473267,0.4458150267601013,-0.02448221482336521,0.42670416831970215,0.42834585905075073,-0.03116171807050705,0.3327615261077881,0.48308658599853516,-0.009408553130924702,0.3668053150177002,0.4538053870201111,-0.01817447878420353,0.3897727131843567,0.43636420369148254,-0.02526363730430603,0.4092436730861664,0.4224529266357422,-0.030056364834308624,0.3121083378791809,0.47183963656425476,-0.013574019074440002,0.3376227915287018,0.44903814792633057,-0.021330757066607475,0.3555864095687866,0.43729156255722046,-0.02462770603597164,0.37220996618270874,0.4272027909755707,-0.026788119226694107,HELLO
0.2599840760231018,0.5760999917984009,2.477595728578308e-07,0.295796662569046,0.5911601781845093,-0.017589563503861427,0.3371705114841461,0.5926690101623535,-0.02396289072930813,0.36287975311279297,0.5641146898269653,-0.028754932805895805,0.3574225902557373,0.5307719707489014,-0.033267583698034286,0.3572579026222229,0.524105429649353,-0.007380737457424402,0.39044225215911865,0.4957125186920166,-0.017390910536050797,0.40920940041542053,0.4760679006576538,-0.02730313315987587,0.42581993341445923,0.45877841114997864,-0.03456185758113861,0.34784868359565735,0.5015914440155029,-0.006585697643458843,0.38457727432250977,0.46952128410339355,-0.01483914628624916,0.4076377749443054,0.44869983196258545,-0.02392413839697838,0.4268110990524292,0.43140000104904175,-0.030592169612646103,0.33343517780303955,0.48665928840637207,-0.00837223045527935,0.36668768525123596,0.45693713426589966,-0.017144137993454933,0.3897051513195038,0.43951416015625,-0.02427493780851364,0.409054696559906,0.42552319169044495,-0.028981482610106468,0.31283819675445557,0.47568953037261963,-0.012110271491110325,0.33828940987586975,0.4526175856590271,-0.01999184675514698,0.3562779426574707,0.4406158924102783,-0.02327282913029194,0.37264442443847656,0.43021881580352783,-0.025248639285564423,HELLO
0.2600571811199188,0.5757876634597778,2.401855283551413e-07,0.29583659768104553,0.5901626944541931,-0.01662968471646309,0.3367294371128082,0.591452419757843,-0.022749025374650955,0.3624143600463867,0.5643540024757385,-0.027496609836816788,0.3571886420249939,0.5314944386482239,-0.032108522951602936,0.35748055577278137,0.523159384727478,-0.007465096190571785,0.39031746983528137,0.4951280951499939,-0.01745474524796009,0.4090251624584198,0.47571679949760437,-0.027437303215265274,0.42590224742889404,0.4585375189781189,-0.034876830875873566,0.3480129837989807,0.5010994672775269,-0.007336447015404701,0.3844448924064636,0.4698648750782013,-0.01556983683258295,0.40733715891838074,0.44894441962242126,-0.024773212149739265,0.4264755845069885,0.4313744604587555,-0.03172029182314873,0.333560585975647,0.4865407645702362,-0.009646750055253506,0.3673698306083679,0.4570246636867523,-0.018325675278902054,0.38989317417144775,0.4393886923789978,-0.025459568947553635,0.4088202714920044,0.42507797479629517,-0.030332354828715324,0.31289270520210266,0.4757499396800995,-0.013828328810632229,0.33867838978767395,0.452658474445343,-0.021600833162665367,0.35657304525375366,0.44084030389785767,-0.02483392134308815,0.3728838264942169,0.4305180609226227,-0.02692904695868492,HELLO
0.2617758810520172,0.5790760517120361,2.518624171443662e-07,0.2964482307434082,0.5942360162734985,-0.01751628890633583,0.33709579706192017,0.5964006781578064,-0.024157889187335968,0.3649316430091858,0.5711538791656494,-0.029273848980665207,0.36248621344566345,0.5387723445892334,-0.034208450466394424,0.3583979904651642,0.5262755751609802,-0.008212489075958729,0.39162519574165344,0.49876320362091064,-0.018373975530266762,0.4106062650680542,0.4796505868434906,-0.02835310623049736,0.4274228811264038,0.4624474346637726,-0.03565237298607826,0.3491346836090088,0.5041027665138245,-0.007645030971616507,0.3862936496734619,0.47264567017555237,-0.016041046008467674,0.4097049832344055,0.4518696665763855,-0.025148538872599602,0.4294125437736511,0.4338145852088928,-0.03186371549963951,0.33469071984291077,0.48943543434143066,-0.00957704521715641,0.36830419301986694,0.4599984586238861,-0.01828313060104847,0.39139384031295776,0.44260281324386597,-0.025376927107572556,0.41115596890449524,0.42826947569847107,-0.030108213424682617,0.3142717778682709,0.47880804538726807,-0.013461079448461533,0.3398340344429016,0.45503973960876465,-0.021301796659827232,0.3579407036304474,0.4430229961872101,-0.024561362341046333,0.37455248832702637,0.43283820152282715,-0.026523739099502563,HELLO
0.26174676418304443,0.5789132714271545,2.5310211526630155e-07,0.29662859439849854,0.5941675305366516,-0.01777457259595394,0.3369620740413666,0.5965974926948547,-0.024555891752243042,0.3645404279232025,0.5718086361885071,-0.029874905943870544,0.36209750175476074,0.5385862588882446,-0.03503691405057907,0.35867783427238464,0.5264163613319397,-0.008421544916927814,0.3922663927078247,0.49791592359542847,-0.019063984975218773,0.41161876916885376,0.4781549870967865,-0.02945088781416416,0.42888253927230835,0.4601935148239136,-0.03703782707452774,0.34935200214385986,0.5048002600669861,-0.007878303527832031,0.38624584674835205,0.47337833046913147,-0.01677587442100048,0.40958958864212036,0.45188260078430176,-0.02643721178174019,0.42923876643180847,0.4332330822944641,-0.03358912840485573,0.33502110838890076,0.49033915996551514,-0.009881466627120972,0.3687792122364044,0.4611380696296692,-0.018985573202371597,0.39158865809440613,0.4436527192592621,-0.026227321475744247,0.41102585196495056,0.42922964692115784,-0.031031761318445206,0.31476420164108276,0.47966310381889343,-0.013882356695830822,0.34051454067230225,0.4565487802028656,-0.02190900593996048,0.35855263471603394,0.4443401098251343,-0.025214608758687973,0.37503325939178467,0.4337090253829956,-0.02722744457423687,HELLO
0.2624985873699188,0.5812010765075684,2.5542323101035436e-07,0.2974780201911926,0.5969985723495483,-0.017686864361166954,0.33805951476097107,0.5981940627098083,-0.02422277443110943,0.366275429725647,0.5741281509399414,-0.029254017397761345,0.36589479446411133,0.5408227443695068,-0.03401781991124153,0.3601144552230835,0.528906524181366,-0.007914941757917404,0.393706738948822,0.5012520551681519,-0.018450668081641197,0.4128647744655609,0.4817081093788147,-0.02865971438586712,0.42968735098838806,0.4640420377254486,-0.0360371395945549,0.3509390950202942,0.5069046020507812,-0.007301759906113148,0.38818812370300293,0.4754204750061035,-0.016160454601049423,0.4118061661720276,0.4546486735343933,-0.02543116919696331,0.43150192499160767,0.43714743852615356,-0.03214205801486969,0.33657780289649963,0.49177810549736023,-0.009339910000562668,0.37091004848480225,0.462271124124527,-0.018529733642935753,0.394418865442276,0.4454364776611328,-0.025569461286067963,0.41429126262664795,0.4320083260536194,-0.030141035094857216,0.3163894712924957,0.4807177484035492,-0.013374768197536469,0.3425743877887726,0.45818430185317993,-0.02158871665596962,0.36088618636131287,0.4466187357902527,-0.024885278195142746,0.37762415409088135,0.4368264079093933,-0.026799524202942848,HELLO
0.2622700333595276,0.5812299847602844,2.4824805677781114e-07,0.29780831933021545,0.5967709422111511,-0.017046405002474785,0.3380988836288452,0.5987563729286194,-0.023441152647137642,0.36592748761177063,0.5757536888122559,-0.028565654531121254,0.36521685123443604,0.5424978733062744,-0.033491361886262894,0.36021241545677185,0.5292761921882629,-0.007126470562070608,0.3936232030391693,0.5015535950660706,-0.01775684766471386,0.4128648042678833,0.4821538031101227,-0.028286162763834,0.4302038550376892,0.4645475745201111,-0.03599047288298607,0.35102537274360657,0.5071581602096558,-0.006955704651772976,0.3879157304763794,0.4759281873703003,-0.015943480655550957,0.41145744919776917,0.4550154507160187,-0.02565649338066578,0.43144750595092773,0.4371900260448456,-0.03281912952661514,0.3367317020893097,0.49205800890922546,-0.009397631511092186,0.371286004781723,0.46277305483818054,-0.018666302785277367,0.3944389224052429,0.4459168612957001,-0.02583601325750351,0.4141359329223633,0.4322507977485657,-0.03056448884308338,0.3166678845882416,0.48101508617401123,-0.013801244087517262,0.3428772985935211,0.4584122896194458,-0.021954599767923355,0.3612331748008728,0.44693392515182495,-0.02525368332862854,0.378219336271286,0.43710070848464966,-0.02726353518664837,HELLO
0.26395201683044434,0.5831024646759033,2.553103399804968e-07,0.30008867383003235,0.6005682945251465,-0.017160603776574135,0.3417624533176422,0.6018202900886536,-0.023178091272711754,0.3700824975967407,0.5768707990646362,-0.027694303542375565,0.3692767322063446,0.5438252687454224,-0.03203316032886505,0.3623631000518799,0.5310874581336975,-0.007427002303302288,0.3964729309082031,0.5044253468513489,-0.017393670976161957,0.4159451127052307,0.48574602603912354,-0.027114251628518105,0.43290960788726807,0.469163179397583,-0.03424719348549843,0.3529236912727356,0.508963942527771,-0.006737060844898224,0.3905738592147827,0.47809818387031555,-0.015140057541429996,0.4141983091831207,0.4577637314796448,-0.024231579154729843,0.4340439438819885,0.44059765338897705,-0.030973687767982483,0.3382139205932617,0.4935609698295593,-0.008617774583399296,0.3734079599380493,0.4648756682872772,-0.017667824402451515,0.39713308215141296,0.4480486810207367,-0.02528942935168743,0.41731715202331543,0.434529185295105,-0.030426986515522003,0.3176102936267853,0.48190760612487793,-0.012350899167358875,0.3440955877304077,0.4598202109336853,-0.02084953524172306,0.3625585436820984,0.4484068751335144,-0.024896735325455666,0.37976017594337463,0.438623309135437,-0.027458125725388527,HELLO
0.2653447985649109,0.583324134349823,2.397001139797794e-07,0.301152765750885,0.6007185578346252,-0.016007041558623314,0.3418566882610321,0.6018113493919373,-0.021484820172190666,0.3703434467315674,0.5793536305427551,-0.025803428143262863,0.36982542276382446,0.5470007658004761,-0.03000597655773163,0.36313194036483765,0.5341929197311401,-0.00625782273709774,0.39730873703956604,0.5079291462898254,-0.01607307605445385,0.416634202003479,0.4895162582397461,-0.025826377794146538,0.4335504174232483,0.47285956144332886,-0.03296642377972603,0.3541210889816284,0.5119867324829102,-0.0060198367573320866,0.3919781744480133,0.48166173696517944,-0.01435614749789238,0.4153747856616974,0.4614984691143036,-0.023515811190009117,0.43482160568237305,0.44431209564208984,-0.03032265044748783,0.339981347322464,0.4959721267223358,-0.008282036520540714,0.3753049969673157,0.4680534899234772,-0.0169865433126688,0.39887118339538574,0.4513016939163208,-0.02434726059436798,0.4185391962528229,0.43775442242622375,-0.029354820027947426,0.32031095027923584,0.48356831073760986,-0.012353059835731983,0.3470720052719116,0.461992472410202,-0.020162222906947136,0.36507663130760193,0.4504846930503845,-0.02369418554008007,0.38137131929397583,0.4405592083930969,-0.02598424255847931,HELLO
0.2661483883857727,0.5837571620941162,2.452777607686585e-07,0.3024461269378662,0.6005958914756775,-0.01556539535522461,0.342329204082489,0.602241039276123,-0.02116992510855198,0.37030863761901855,0.5806966423988342,-0.02583179995417595,0.37030550837516785,0.5481470823287964,-0.03048016130924225,0.3631780445575714,0.5340603590011597,-0.005958216264843941,0.39676642417907715,0.5076380968093872,-0.016178859397768974,0.41633719205856323,0.48923584818840027,-0.026416724547743797,0.4339102506637573,0.472528874874115,-0.033956270664930344,0.3539980947971344,0.5116123557090759,-0.006212176755070686,0.391018271446228,0.4815903604030609,-0.014929348602890968,0.4143725037574768,0.4611934423446655,-0.024554073810577393,0.43418410420417786,0.4436008930206299,-0.03172175958752632,0.33967551589012146,0.49544888734817505,-0.008937980979681015,0.37493497133255005,0.4676705002784729,-0.018022574484348297,0.39835602045059204,0.45072999596595764,-0.02543923631310463,0.4180421233177185,0.43687769770622253,-0.03044109232723713,0.3198889493942261,0.48294493556022644,-0.013430587947368622,0.34677526354789734,0.46165645122528076,-0.02139795757830143,0.3648776710033417,0.450966477394104,-0.02477581612765789,0.3811608850955963,0.44174039363861084,-0.026938719674944878,HELLO
0.2676788568496704,0.5819867849349976,2.525093236727116e-07,0.302436500787735,0.6003193259239197,-0.015601891092956066,0.342914879322052,0.602228045463562,-0.02127380669116974,0.37081432342529297,0.5802760124206543,-0.025713719427585602,0.3707827925682068,0.548462450504303,-0.030161267146468163,0.3650912344455719,0.5337597727775574,-0.008197578601539135,0.3989957869052887,0.5072675347328186,-0.01828690432012081,0.4185941517353058,0.4889509677886963,-0.027947889640927315,0.43583735823631287,0.472652792930603,-0.035028256475925446,0.3556611239910126,0.5109115242958069,-0.008254499174654484,0.3932270407676697,0.4809785485267639,-0.016712775453925133,0.41647642850875854,0.46085819602012634,-0.025673042982816696,0.4358588755130768,0.4440152943134308,-0.03237217292189598,0.340762734413147,0.4943620562553406,-0.010578963905572891,0.3767256736755371,0.4665905237197876,-0.019303040578961372,0.40015164017677307,0.4499656558036804,-0.02661413513123989,0.4199710190296173,0.43674156069755554,-0.03171493113040924,0.3199564218521118,0.48141855001449585,-0.014583790674805641,0.34678852558135986,0.4604552388191223,-0.022625744342803955,0.3648007810115814,0.4496319890022278,-0.02631719969213009,0.381597101688385,0.4403166174888611,-0.02874017506837845,HELLO
0.26794198155403137,0.5828535556793213,2.505814791220473e-07,0.3032587170600891,0.6005445718765259,-0.01571655087172985,0.34326738119125366,0.6024980545043945,-0.021752629429101944,0.370653361082077,0.5801504850387573,-0.026593850925564766,0.37020158767700195,0.5479121208190918,-0.03151235356926918,0.36491912603378296,0.5337632298469543,-0.008158599957823753,0.398732453584671,0.5073316097259521,-0.018646663054823875,0.4183361530303955,0.4893580675125122,-0.028665587306022644,0.4357166886329651,0.47331416606903076,-0.03594372048974037,0.35528913140296936,0.5112685561180115,-0.008339395746588707,0.39306798577308655,0.4815625548362732,-0.0172476377338171,0.4164896011352539,0.46153974533081055,-0.02663179486989975,0.43612563610076904,0.44465115666389465,-0.033578746020793915,0.3402827978134155,0.49505743384361267,-0.010823658667504787,0.3766948878765106,0.4673271179199219,-0.020049909129738808,0.4005773961544037,0.4503512680530548,-0.027706759050488472,0.4205935597419739,0.43681174516677856,-0.032923050224781036,0.3195778429508209,0.48245173692703247,-0.01496334932744503,0.34703269600868225,0.46112439036369324,-0.023264624178409576,0.3657638728618622,0.4501413404941559,-0.027081357315182686,0.38302814960479736,0.44087541103363037,-0.02954980731010437,HELLO
0.26734936237335205,0.5849694609642029,2.481972387613496e-07,0.3016996383666992,0.6027920246124268,-0.01581529900431633,0.3427415192127228,0.6048005819320679,-0.021472062915563583,0.37188732624053955,0.582567572593689,-0.025892529636621475,0.36924630403518677,0.5505433082580566,-0.030283138155937195,0.3646804690361023,0.5372656583786011,-0.006947528105229139,0.39899009466171265,0.5117381811141968,-0.016794562339782715,0.4185035526752472,0.493857741355896,-0.02653844840824604,0.43562960624694824,0.477799654006958,-0.03367074951529503,0.355747252702713,0.5147371292114258,-0.007054021116346121,0.3938017785549164,0.4850948452949524,-0.015234584920108318,0.41740453243255615,0.4653349816799164,-0.024216435849666595,0.4370895028114319,0.4482799470424652,-0.030912714079022408,0.3413606286048889,0.49833351373672485,-0.009560205042362213,0.3770591616630554,0.471064954996109,-0.018070029094815254,0.40096229314804077,0.4547951817512512,-0.02526913397014141,0.42123836278915405,0.4411812424659729,-0.030262118205428123,0.32106783986091614,0.4851118326187134,-0.013828803785145283,0.3484659194946289,0.4644855856895447,-0.02152271382510662,0.36694738268852234,0.45380672812461853,-0.024813467636704445,0.3839729428291321,0.44444042444229126,-0.026980670168995857,HELLO
0.2681768834590912,0.585118293762207,2.55074610322481e-07,0.3036043047904968,0.6018031239509583,-0.014980873093008995,0.3434032201766968,0.6035935282707214,-0.020543215796351433,0.37068644165992737,0.5817946791648865,-0.025148244574666023,0.3700522184371948,0.5494746565818787,-0.029753590002655983,0.3652767837047577,0.5363109111785889,-0.006863464135676622,0.40007486939430237,0.5100012421607971,-0.017263872548937798,0.4203856289386749,0.49179938435554504,-0.027237562462687492,0.4381633996963501,0.4753970205783844,-0.03437547758221626,0.355954110622406,0.5142881870269775,-0.007423305418342352,0.3940475285053253,0.48499056696891785,-0.016075657680630684,0.4176686704158783,0.4647163450717926,-0.025115972384810448,0.4371597468852997,0.44739943742752075,-0.03171698376536369,0.3414684236049652,0.4980945885181427,-0.010327136144042015,0.37746021151542664,0.47080719470977783,-0.019061017781496048,0.4011800289154053,0.45404869318008423,-0.025833025574684143,0.4210782051086426,0.44035443663597107,-0.030387025326490402,0.32116594910621643,0.4848019778728485,-0.014943510293960571,0.3485790491104126,0.4645840525627136,-0.02262335643172264,0.367037832736969,0.4542835056781769,-0.025528578087687492,0.3838564157485962,0.44537872076034546,-0.0272806566208601,HELLO
0.2698647975921631,0.5854076743125916,2.4680286969669396e-07,0.30626583099365234,0.6014401912689209,-0.013745637610554695,0.34557628631591797,0.6016926765441895,-0.018812257796525955,0.3717160224914551,0.5802302360534668,-0.02315562590956688,0.37257471680641174,0.5483328104019165,-0.02760975807905197,0.36596643924713135,0.5352951884269714,-0.005812050309032202,0.39990904927253723,0.5095823407173157,-0.015961207449436188,0.41938963532447815,0.49261441826820374,-0.025614388287067413,0.4364975392818451,0.4771587550640106,-0.03246927633881569,0.35661229491233826,0.5134174227714539,-0.00687370216473937,0.39437630772590637,0.48400574922561646,-0.015463131479918957,0.41759389638900757,0.46462130546569824,-0.02430589310824871,0.4370209276676178,0.4479384124279022,-0.030680205672979355,0.34184956550598145,0.4972255527973175,-0.01022434514015913,0.3780348598957062,0.4693981111049652,-0.019047413021326065,0.4014285206794739,0.4527929425239563,-0.025892267003655434,0.4213636517524719,0.43932920694351196,-0.030409082770347595,0.3214624226093292,0.48411160707473755,-0.01511329784989357,0.348638117313385,0.46291640400886536,-0.022905265912413597,0.3670780062675476,0.4523879885673523,-0.025967681780457497,0.3841809332370758,0.44352272152900696,-0.027787700295448303,HELLO
0.27040284872055054,0.5855993032455444,2.496107924798707e-07,0.30665987730026245,0.6013463139533997,-0.013726875185966492,0.3453575074672699,0.6013882756233215,-0.01904401369392872,0.37168002128601074,0.5799087882041931,-0.02363329939544201,0.3724788427352905,0.5479483604431152,-0.028322406113147736,0.3655763566493988,0.5363172888755798,-0.006105123087763786,0.3996991515159607,0.5107062458992004,-0.01637333445250988,0.4190495014190674,0.49390625953674316,-0.025988459587097168,0.4359200894832611,0.478588342666626,-0.03273853659629822,0.35629862546920776,0.5141732692718506,-0.007176700979471207,0.3946264386177063,0.4843135476112366,-0.01591501757502556,0.4180145263671875,0.46490031480789185,-0.024666884914040565,0.4373703598976135,0.44835785031318665,-0.03092227876186371,0.3415849208831787,0.497538298368454,-0.010539167560636997,0.3778879642486572,0.46945720911026,-0.01947113685309887,0.40145453810691833,0.45292627811431885,-0.02640600875020027,0.4214455187320709,0.4398476481437683,-0.03096015751361847,0.32129594683647156,0.48410242795944214,-0.01541854813694954,0.34843549132347107,0.462900310754776,-0.023281155154109,0.36698582768440247,0.4523630738258362,-0.02647266536951065,0.38416215777397156,0.44378939270973206,-0.028377482667565346,HELLO
0.2694088816642761,0.5861462950706482,2.452956096021808e-07,0.3049536347389221,0.601986289024353,-0.014395931735634804,0.34466150403022766,0.6016414761543274,-0.019651219248771667,0.37144139409065247,0.5786141157150269,-0.024033566936850548,0.3708029091358185,0.5465605854988098,-0.028486913070082664,0.3650650978088379,0.5361062288284302,-0.00587729224935174,0.3986467123031616,0.5105346441268921,-0.016011567786335945,0.4181064963340759,0.49397918581962585,-0.025736043229699135,0.4351903796195984,0.47916558384895325,-0.032709307968616486,0.3558213412761688,0.5141618847846985,-0.006727654952555895,0.39349955320358276,0.48441070318222046,-0.015408050268888474,0.4169190526008606,0.4651472568511963,-0.024325797334313393,0.43652334809303284,0.44873929023742676,-0.03079867549240589,0.3412126898765564,0.49814802408218384,-0.009979202412068844,0.37698671221733093,0.47015145421028137,-0.019104309380054474,0.4006882309913635,0.453704297542572,-0.02621452510356903,0.4209578037261963,0.4405405819416046,-0.030929269269108772,0.3208281099796295,0.4854026436805725,-0.014837550930678844,0.3478572964668274,0.4641842246055603,-0.0230441614985466,0.3666151762008667,0.45371970534324646,-0.026465386152267456,0.38410916924476624,0.4448901414871216,-0.028601190075278282,HELLO
0.2693626284599304,0.5859882235527039,2.4931466668931535e-07,0.3048662841320038,0.6019186973571777,-0.014798233285546303,0.34466174244880676,0.6018423438072205,-0.020172378048300743,0.3713792860507965,0.5786348581314087,-0.024580923840403557,0.37110987305641174,0.5464622378349304,-0.028995193541049957,0.36498668789863586,0.5357428789138794,-0.006143759470432997,0.39873579144477844,0.5101721882820129,-0.01622042991220951,0.41811883449554443,0.49367693066596985,-0.025874735787510872,0.43504834175109863,0.47886183857917786,-0.032779593020677567,0.3558260500431061,0.5139213800430298,-0.006718635559082031,0.3936261236667633,0.4841215908527374,-0.015311123803257942,0.4169688820838928,0.4646603465080261,-0.02417571470141411,0.4362987279891968,0.4481528699398041,-0.03060845099389553,0.3413101136684418,0.49804210662841797,-0.009721220470964909,0.37705257534980774,0.47003835439682007,-0.018743040040135384,0.40048885345458984,0.45356321334838867,-0.02580326609313488,0.4203765392303467,0.4404754638671875,-0.030482422560453415,0.3209201693534851,0.485373318195343,-0.014361429028213024,0.3477497398853302,0.4640701413154602,-0.02250843122601509,0.36626216769218445,0.4535456895828247,-0.02590681053698063,0.3835179805755615,0.44469118118286133,-0.0280076265335083,HELLO
0.2683371901512146,0.5857357978820801,2.4205752424677485e-07,0.30386459827423096,0.6027253866195679,-0.014921366237103939,0.34371745586395264,0.6033667325973511,-0.02033839002251625,0.3709404170513153,0.5806545615196228,-0.024735404178500175,0.36938878893852234,0.5485484600067139,-0.029073163866996765,0.3656872808933258,0.536513090133667,-0.006077746860682964,0.3993186354637146,0.5102070569992065,-0.015852175652980804,0.4182855784893036,0.49273738265037537,-0.025384407490491867,0.4348079264163971,0.4770430326461792,-0.032304976135492325,0.35628098249435425,0.5144014358520508,-0.006530069746077061,0.39362019300460815,0.4848005473613739,-0.014787920750677586,0.4163426458835602,0.46559783816337585,-0.02346729300916195,0.435065895318985,0.44934189319610596,-0.029816176742315292,0.3415437638759613,0.4983154833316803,-0.009385216049849987,0.3770829737186432,0.470548540353775,-0.018033728003501892,0.4002460241317749,0.4542335271835327,-0.02480694279074669,0.41994112730026245,0.44122669100761414,-0.029369555413722992,0.3207663893699646,0.48558756709098816,-0.013925399631261826,0.3473244309425354,0.46392127871513367,-0.021701814606785774,0.3656921684741974,0.4532916247844696,-0.024834858253598213,0.38286009430885315,0.4444721043109894,-0.02679680660367012,HELLO
0.2683887183666229,0.585820198059082,2.3764370382650668e-07,0.3040424883365631,0.6025642156600952,-0.014795438386499882,0.3438057601451874,0.6037737727165222,-0.020219361409544945,0.37059497833251953,0.5809506177902222,-0.024632982909679413,0.36923229694366455,0.5488091111183167,-0.02900928258895874,0.36585521697998047,0.5355783104896545,-0.006197183392941952,0.39914196729660034,0.5089471340179443,-0.01594468019902706,0.41804051399230957,0.49097687005996704,-0.025543857365846634,0.43467313051223755,0.4746646583080292,-0.032584987580776215,0.35636603832244873,0.513612687587738,-0.006756124086678028,0.3933006823062897,0.4840565323829651,-0.014873996376991272,0.4159419536590576,0.46491721272468567,-0.02351713553071022,0.43476277589797974,0.44859763979911804,-0.02993975393474102,0.34161150455474854,0.49787458777427673,-0.009678791277110577,0.37712305784225464,0.4700499176979065,-0.018170705065131187,0.40025800466537476,0.4536327123641968,-0.024817178025841713,0.4199184775352478,0.44028565287590027,-0.029372554272413254,0.3208164870738983,0.48552998900413513,-0.014280112460255623,0.3472681939601898,0.46374449133872986,-0.021922534331679344,0.3655675947666168,0.4530867040157318,-0.02492556720972061,0.3826580047607422,0.4439481794834137,-0.026846973225474358,HELLO
0.2673156261444092,0.5919195413589478,2.3049673814057314e-07,0.3035873770713806,0.6076990962028503,-0.015147748403251171,0.34311068058013916,0.608646035194397,-0.020714042708277702,0.37023523449897766,0.5858912467956543,-0.02534516714513302,0.3700937032699585,0.5536673069000244,-0.02988741174340248,0.36395469307899475,0.542048454284668,-0.005148048512637615,0.39755508303642273,0.515765905380249,-0.015154197812080383,0.41664549708366394,0.49795570969581604,-0.0250888429582119,0.43344277143478394,0.48193618655204773,-0.03224731981754303,0.3547365069389343,0.5202862024307251,-0.005584957543760538,0.3919502794742584,0.49085503816604614,-0.014043646864593029,0.4148232638835907,0.4715348184108734,-0.023286916315555573,0.4336369037628174,0.4547816812992096,-0.029980115592479706,0.34044650197029114,0.5045117735862732,-0.0085127679631114,0.37558379769325256,0.47684910893440247,-0.017240894958376884,0.3989925682544708,0.45998162031173706,-0.02423534169793129,0.4187943935394287,0.4459907114505768,-0.028843937441706657,0.3201221823692322,0.49196329712867737,-0.013185948133468628,0.34677210450172424,0.47000575065612793,-0.02091287635266781,0.3654610514640808,0.4585617780685425,-0.024026619270443916,0.38263291120529175,0.44896888732910156,-0.02587689831852913,HELLO
0.26741257309913635,0.590869665145874,2.443680386932101e-07,0.3038330078125,0.6075044870376587,-0.014813369140028954,0.3440564274787903,0.6083470582962036,-0.019942784681916237,0.37057042121887207,0.5853614211082458,-0.024104133248329163,0.3708220422267914,0.5539602637290955,-0.028147494420409203,0.36481672525405884,0.5408871173858643,-0.005728343967348337,0.3987051546573639,0.5140267014503479,-0.015512981452047825,0.41831135749816895,0.4961373507976532,-0.02507619746029377,0.4352107048034668,0.48017486929893494,-0.03187848627567291,0.35530269145965576,0.5190895199775696,-0.006048703100532293,0.3923315703868866,0.4894790053367615,-0.014135830104351044,0.4151204526424408,0.4695618748664856,-0.022878188639879227,0.4335225820541382,0.45272573828697205,-0.029213661327958107,0.3410223722457886,0.5032758712768555,-0.008740345947444439,0.3759925663471222,0.47582799196243286,-0.016953108832240105,0.39876827597618103,0.4592151939868927,-0.023430930450558662,0.41770288348197937,0.4460911452770233,-0.027709905058145523,0.3207136392593384,0.4905347228050232,-0.013148082420229912,0.3473852872848511,0.46896976232528687,-0.020382964983582497,0.3654620945453644,0.4581773281097412,-0.023080047219991684,0.38195157051086426,0.44922974705696106,-0.02461991086602211,HELLO
0.2655709981918335,0.5858743190765381,2.379403269969771e-07,0.3017357885837555,0.6038023829460144,-0.01487668976187706,0.3418636620044708,0.6057208776473999,-0.02016383968293667,0.36969438195228577,0.584370493888855,-0.0245303213596344,0.36905211210250854,0.5522871613502502,-0.028868837282061577,0.3635478615760803,0.5377971529960632,-0.005851352121680975,0.3967728614807129,0.5112114548683167,-0.015610164031386375,0.4159463047981262,0.4941598176956177,-0.02530774474143982,0.4331112205982208,0.47913381457328796,-0.032380495220422745,0.3539960980415344,0.5151591300964355,-0.00622722040861845,0.390188992023468,0.4853174388408661,-0.014507956802845001,0.4129691421985626,0.4657859206199646,-0.023584548383951187,0.43214845657348633,0.4493487477302551,-0.03027859330177307,0.33944380283355713,0.499249130487442,-0.00895106140524149,0.3744119107723236,0.4709877371788025,-0.01748325303196907,0.3970814049243927,0.45360708236694336,-0.024224961176514626,0.4164445996284485,0.4396570026874542,-0.028725648298859596,0.3190256953239441,0.4868730306625366,-0.013364533893764019,0.3457982838153839,0.4648657441139221,-0.020906584337353706,0.3639843761920929,0.45360708236694336,-0.0238934475928545,0.38068056106567383,0.44401511549949646,-0.02570187859237194,HELLO
0.26661697030067444,0.5877814888954163,2.4244732799161284e-07,0.3028036952018738,0.6046489477157593,-0.015093216672539711,0.3424932062625885,0.6061582565307617,-0.02081320993602276,0.36906424164772034,0.58431476354599,-0.025608036667108536,0.3691777288913727,0.55196213722229,-0.030398836359381676,0.3644987642765045,0.5375661849975586,-0.006576865445822477,0.39770129323005676,0.5100774765014648,-0.01696399226784706,0.41716256737709045,0.49221664667129517,-0.027008621022105217,0.4344554543495178,0.47634565830230713,-0.034219011664390564,0.35445505380630493,0.5156992673873901,-0.007167722564190626,0.39081496000289917,0.48570191860198975,-0.015946941450238228,0.41387301683425903,0.4657430350780487,-0.025237344205379486,0.43309611082077026,0.44878607988357544,-0.031993329524993896,0.33941930532455444,0.5001179575920105,-0.0101470947265625,0.37447255849838257,0.47199174761772156,-0.019075805321335793,0.3975449204444885,0.45465904474258423,-0.026047494262456894,0.4171268939971924,0.44056418538093567,-0.030625121667981148,0.31869643926620483,0.4880448579788208,-0.01483758445829153,0.3455294370651245,0.4658612012863159,-0.022849388420581818,0.36377426981925964,0.4543488621711731,-0.026094557717442513,0.3805428743362427,0.444436639547348,-0.02798939123749733,HELLO
0.2669903337955475,0.5905880928039551,2.3825093364848726e-07,0.30319079756736755,0.6073095798492432,-0.015267577953636646,0.342596173286438,0.6084364056587219,-0.021078988909721375,0.369915246963501,0.5851538777351379,-0.025895629078149796,0.3690410554409027,0.5522231459617615,-0.03079352155327797,0.3628840744495392,0.5430028438568115,-0.006532908882945776,0.39638960361480713,0.517562747001648,-0.01676282286643982,0.4155823290348053,0.5008485317230225,-0.026802772656083107,0.43279173970222473,0.4853987991809845,-0.03402632474899292,0.3538237512111664,0.5199702382087708,-0.0069220117293298244,0.3911876678466797,0.4909179210662842,-0.015345861203968525,0.4140351116657257,0.47183138132095337,-0.024506093934178352,0.43336135149002075,0.45481327176094055,-0.03130076080560684,0.3395121097564697,0.5032777190208435,-0.009708598256111145,0.3746182322502136,0.4765284061431885,-0.018291380256414413,0.397975355386734,0.4598352313041687,-0.025437816977500916,0.41792601346969604,0.44570040702819824,-0.030335433781147003,0.31934699416160583,0.490091472864151,-0.014202173799276352,0.34636935591697693,0.46814876794815063,-0.021632399410009384,0.36476707458496094,0.4569270610809326,-0.024662021547555923,0.38178151845932007,0.44727659225463867,-0.026639506220817566,HELLO
0.2673393487930298,0.5902309417724609,2.494840032341017e-07,0.30318063497543335,0.6073892712593079,-0.01578824780881405,0.3427537679672241,0.608211100101471,-0.021683206781744957,0.36998000741004944,0.585378110408783,-0.026399562135338783,0.36918169260025024,0.5529733300209045,-0.031111933290958405,0.36340391635894775,0.541454017162323,-0.007905280217528343,0.396759033203125,0.5147446393966675,-0.01817467249929905,0.4162195920944214,0.49681463837623596,-0.02807457000017166,0.4334755539894104,0.48045217990875244,-0.035212188959121704,0.35387498140335083,0.5184032917022705,-0.00796001497656107,0.39068564772605896,0.48877543210983276,-0.016289122402668,0.41376960277557373,0.4687928855419159,-0.02513977140188217,0.4330078661441803,0.45161423087120056,-0.03168829157948494,0.339149534702301,0.5020163059234619,-0.010340726934373379,0.3742388188838959,0.47449249029159546,-0.01863316260278225,0.39748847484588623,0.4574526250362396,-0.02523544803261757,0.4171832203865051,0.4436390697956085,-0.02974019944667816,0.3186524212360382,0.48929673433303833,-0.014487901702523232,0.3453437089920044,0.4672766923904419,-0.021711446344852448,0.36353081464767456,0.4560393691062927,-0.02445056103169918,0.38016659021377563,0.44651708006858826,-0.026147883385419846,HELLO
0.268393337726593,0.5911368131637573,2.412195101442194e-07,0.3039224445819855,0.6085484623908997,-0.015973597764968872,0.34387046098709106,0.6106057167053223,-0.02199109084904194,0.3710644543170929,0.5869196653366089,-0.026802025735378265,0.3697231411933899,0.5541461706161499,-0.03155972808599472,0.36495256423950195,0.5427273511886597,-0.007120439782738686,0.3980807363986969,0.5167677998542786,-0.017215490341186523,0.4171294867992401,0.49961739778518677,-0.027004526928067207,0.4341356158256531,0.484281450510025,-0.03412536904215813,0.35579580068588257,0.5206380486488342,-0.0070602321065962315,0.3923302888870239,0.49087631702423096,-0.015569860115647316,0.41510558128356934,0.47204792499542236,-0.024559563025832176,0.4342496395111084,0.45590370893478394,-0.031160123646259308,0.34134700894355774,0.5049339532852173,-0.00941867008805275,0.37551504373550415,0.4769135117530823,-0.018320512026548386,0.3986690640449524,0.4603925347328186,-0.025442592799663544,0.4185769557952881,0.446952760219574,-0.030212629586458206,0.3209606111049652,0.4926407039165497,-0.013516627252101898,0.3468094766139984,0.4702034890651703,-0.021580856293439865,0.3649982810020447,0.45892706513404846,-0.02506307139992714,0.3820330500602722,0.44943657517433167,-0.027228107675909996,HELLO
0.2690093517303467,0.5918606519699097,2.3910871504995157e-07,0.305300772190094,0.608330488204956,-0.015290111303329468,0.3448231816291809,0.610035240650177,-0.021176818758249283,0.3715302348136902,0.586950421333313,-0.025996973738074303,0.3697153627872467,0.5536144971847534,-0.030834602192044258,0.3653978407382965,0.542972207069397,-0.007236487232148647,0.39882439374923706,0.5164068937301636,-0.017428485676646233,0.4180314540863037,0.49830299615859985,-0.02735375240445137,0.4351072311401367,0.48175254464149475,-0.03454696387052536,0.3560541272163391,0.5209771394729614,-0.007604026701301336,0.3926074206829071,0.49109894037246704,-0.01585284061729908,0.4154040217399597,0.4717212915420532,-0.02465461753308773,0.43442365527153015,0.4548816978931427,-0.03121819719672203,0.34170016646385193,0.5052024126052856,-0.010290725156664848,0.37627238035202026,0.47715461254119873,-0.01857764832675457,0.39945948123931885,0.460879385471344,-0.024939024820923805,0.4191572964191437,0.4474756419658661,-0.029298193752765656,0.3214477002620697,0.4927609860897064,-0.01472356915473938,0.3474666178226471,0.4700906276702881,-0.021965518593788147,0.36588507890701294,0.4590863585472107,-0.024606868624687195,0.3828622102737427,0.4497305452823639,-0.02626754529774189,HELLO
0.26888909935951233,0.592843770980835,2.463339399128017e-07,0.30450302362442017,0.607938289642334,-0.014801793731749058,0.34327930212020874,0.6101573705673218,-0.020912230014801025,0.3697160482406616,0.5889426469802856,-0.02608589269220829,0.3708993196487427,0.556394100189209,-0.031342435628175735,0.3652264177799225,0.5433919429779053,-0.007894527167081833,0.3988957107067108,0.5170143246650696,-0.018738925457000732,0.4184427857398987,0.49948805570602417,-0.029007989913225174,0.435911625623703,0.4832133650779724,-0.03628889471292496,0.35557591915130615,0.521494448184967,-0.008738245815038681,0.3927050232887268,0.4917152225971222,-0.017572849988937378,0.41568857431411743,0.47215455770492554,-0.026709001511335373,0.43497592210769653,0.4549115300178528,-0.03343759849667549,0.3407084345817566,0.5056777000427246,-0.011849832721054554,0.37592291831970215,0.47740814089775085,-0.020524244755506516,0.39919015765190125,0.46081477403640747,-0.0271746888756752,0.41905635595321655,0.44711676239967346,-0.03168587014079094,0.31999489665031433,0.4930511713027954,-0.016640495508909225,0.34675392508506775,0.47031742334365845,-0.024201644584536552,0.3653181791305542,0.4593929648399353,-0.027046268805861473,0.3826218545436859,0.45010632276535034,-0.028765542432665825,HELLO
0.2685947120189667,0.5933070182800293,2.439601871628838e-07,0.30435457825660706,0.6082473993301392,-0.014448726549744606,0.34316006302833557,0.6098304986953735,-0.020195377990603447,0.36970841884613037,0.5883305668830872,-0.025083908811211586,0.370593786239624,0.5559835433959961,-0.030025828629732132,0.36474668979644775,0.5435702800750732,-0.0066679175943136215,0.3985874652862549,0.5179924964904785,-0.017082953825592995,0.4179849922657013,0.5009061694145203,-0.02713981829583645,0.4351494312286377,0.4848290681838989,-0.03431933745741844,0.35542890429496765,0.5218498110771179,-0.007601786870509386,0.39290663599967957,0.4923996925354004,-0.016204366460442543,0.415812611579895,0.47297167778015137,-0.025280876085162163,0.4348089396953583,0.45562243461608887,-0.031952790915966034,0.34080296754837036,0.5060181617736816,-0.010842900723218918,0.3760279715061188,0.4780772030353546,-0.019473502412438393,0.3993130624294281,0.4614562392234802,-0.026269668713212013,0.4191977381706238,0.44746237993240356,-0.030873000621795654,0.320156455039978,0.49329137802124023,-0.015730781480669975,0.34687340259552,0.4709168076515198,-0.023321833461523056,0.365394651889801,0.459942102432251,-0.026271171867847443,0.3826996982097626,0.4505169987678528,-0.02808312326669693,HELLO
0.7199243307113647,0.6588211059570312,1.9520497573921602e-07,0.6915892362594604,0.682045578956604,-0.009467105381190777,0.6554603576660156,0.6769794821739197,-0.013817103579640388,0.6329378485679626,0.6493493914604187,-0.01774197444319725,0.6281833648681641,0.621349573135376,-0.02121441625058651,0.6315484642982483,0.6260377168655396,-0.004089100286364555,0.600640594959259,0.5986398458480835,-0.011311305686831474,0.5821475386619568,0.5804934501647949,-0.01830584742128849,0.5676679611206055,0.5657010674476624,-0.023554900661110878,0.6407266855239868,0.6018873453140259,-0.005662314593791962,0.6074917316436768,0.5725175738334656,-0.010973853059113026,0.586312472820282,0.5550180077552795,-0.017122888937592506,0.5693508386611938,0.5424166917800903,-0.021357566118240356,0.655061662197113,0.5840331315994263,-0.008864096365869045,0.6233929395675659,0.5556923151016235,-0.014231644570827484,0.602716326713562,0.5403450727462769,-0.018888596445322037,0.5859020352363586,0.5293676257133484,-0.022132953628897667,0.6741464138031006,0.5707115530967712,-0.013219122774899006,0.6499797701835632,0.5466366410255432,-0.01856541819870472,0.6330785751342773,0.5351360440254211,-0.020616404712200165,0.6178041696548462,0.5269352197647095,-0.021611182019114494,HELLO 
0.7287838459014893,0.6638376116752625,1.8681470237424946e-07,0.6952285766601562,0.6841782331466675,-0.010830109007656574,0.6583450436592102,0.6778608560562134,-0.01567329466342926,0.6355512738227844,0.6486213803291321,-0.020329084247350693,0.6275855898857117,0.6175791621208191,-0.02430829219520092,0.6333625912666321,0.6239699721336365,-0.001559951575472951,0.601354718208313,0.597188413143158,-0.009201690554618835,0.5830729007720947,0.5802325010299683,-0.017016373574733734,0.5684292912483215,0.5651453733444214,-0.022912366315722466,0.6416914463043213,0.6016677618026733,-0.0031574852764606476,0.6070033311843872,0.5723855495452881,-0.009237518534064293,0.5862265229225159,0.5555251836776733,-0.016280146315693855,0.5698291063308716,0.5416411757469177,-0.02117822878062725,0.6555143594741821,0.5849171280860901,-0.0069635906256735325,0.6227057576179504,0.5560676455497742,-0.01311316154897213,0.6016231775283813,0.5407339930534363,-0.018192801624536514,0.5843749046325684,0.5287215709686279,-0.021795984357595444,0.6747285723686218,0.5716983675956726,-0.012226817198097706,0.6498279571533203,0.5472221374511719,-0.01758347637951374,0.6327681541442871,0.5352766513824463,-0.01957854814827442,0.6173940896987915,0.5259990096092224,-0.020735666155815125,HELLO 
0.7299996614456177,0.667661726474762,1.7270069463393156e-07,0.6944531798362732,0.6854256391525269,-0.009695671498775482,0.6578099131584167,0.6773785948753357,-0.014252588152885437,0.6353076100349426,0.6482976675033569,-0.01907287910580635,0.6268476843833923,0.6188039183616638,-0.023317232728004456,0.6325037479400635,0.6240574717521667,0.00024564520572312176,0.6009929180145264,0.5976054072380066,-0.0076664588414132595,0.5829896926879883,0.5803772211074829,-0.01588626392185688,0.5684776902198792,0.5644254088401794,-0.022138208150863647,0.641273558139801,0.6018885374069214,-0.002130792709067464,0.6066413521766663,0.5724161267280579,-0.008485082536935806,0.5860534310340881,0.5554890632629395,-0.015745513141155243,0.5695188641548157,0.5410494804382324,-0.020989112555980682,0.6555333137512207,0.5849872827529907,-0.006769686006009579,0.6226534247398376,0.5566738843917847,-0.013024083338677883,0.6017504930496216,0.5413162708282471,-0.017719406634569168,0.584548830986023,0.5293646454811096,-0.02120959386229515,0.6752086877822876,0.5717339515686035,-0.01288468949496746,0.6502869725227356,0.5471755862236023,-0.017958516255021095,0.6330695748329163,0.5351266860961914,-0.01957377977669239,0.6172545552253723,0.5262376070022583,-0.020673882216215134,HELLO 
0.7294248938560486,0.6690150499343872,1.5109918649613974e-07,0.6934186220169067,0.6864126920700073,-0.007559315767139196,0.6559687256813049,0.6771109104156494,-0.010142075829207897,0.6336656808853149,0.6469067931175232,-0.013415072113275528,0.6272091865539551,0.6191824078559875,-0.016255702823400497,0.6315472722053528,0.6237004995346069,0.003923911601305008,0.5997655987739563,0.5972471237182617,-0.002457841532304883,0.5817115902900696,0.5801787376403809,-0.010063077323138714,0.567083477973938,0.564520001411438,-0.016190500929951668,0.6398925185203552,0.600975513458252,0.0008729600231163204,0.6049036979675293,0.5714355707168579,-0.003982822876423597,0.5842615962028503,0.5546097159385681,-0.010886712931096554,0.5676038265228271,0.540631115436554,-0.016143260523676872,0.6537581086158752,0.5840506553649902,-0.0043600015342235565,0.6204084157943726,0.5551623106002808,-0.009370304644107819,0.5998265743255615,0.5397188663482666,-0.014038223773241043,0.5828469395637512,0.528187096118927,-0.017841273918747902,0.6732773184776306,0.5706383585929871,-0.010992140509188175,0.6489112973213196,0.5466445684432983,-0.01511330809444189,0.6319890022277832,0.5351487398147583,-0.016651010140776634,0.6161704659461975,0.5269657373428345,-0.018009481951594353,HELLO 
0.7302109003067017,0.6688095331192017,1.5527271557402855e-07,0.6943235993385315,0.6857168078422546,-0.009098302572965622,0.6569798588752747,0.6777395009994507,-0.013000061735510826,0.6341117024421692,0.6489543318748474,-0.017288638278841972,0.6261805295944214,0.619428277015686,-0.020996112376451492,0.6310461759567261,0.6241122484207153,0.0018244357779622078,0.599798321723938,0.596589982509613,-0.005389071069657803,0.5817217230796814,0.5794656872749329,-0.013308541849255562,0.5669839382171631,0.5638818144798279,-0.019553950056433678,0.6399012804031372,0.6014121174812317,-0.0006986858206801116,0.6053450703620911,0.5706632137298584,-0.006293190643191338,0.5847926735877991,0.5534263849258423,-0.013252505101263523,0.5679506659507751,0.5390180349349976,-0.018497206270694733,0.6543200016021729,0.584434986114502,-0.005522680468857288,0.6213070154190063,0.5553619265556335,-0.011208080686628819,0.6006180644035339,0.539938747882843,-0.0157358106225729,0.5833219885826111,0.5282124280929565,-0.01932036131620407,0.6742783188819885,0.571280837059021,-0.0118317361921072,0.6499150395393372,0.5467950701713562,-0.016546955332159996,0.6327595114707947,0.5348643660545349,-0.018136896193027496,0.6168791651725769,0.5261196494102478,-0.019369663670659065,HELLO 
0.7302263379096985,0.6698670983314514,1.4836612649560266e-07,0.6949669718742371,0.6866670250892639,-0.008697893470525742,0.6579496264457703,0.6787498593330383,-0.012593576684594154,0.6354333758354187,0.6524088978767395,-0.016994547098875046,0.628639817237854,0.6252326369285583,-0.02094513550400734,0.6314944624900818,0.6238951683044434,0.001482420484535396,0.6002289056777954,0.5970831513404846,-0.005978268571197987,0.5821030735969543,0.5801973342895508,-0.01426160428673029,0.5670623779296875,0.5646411180496216,-0.02085864171385765,0.6401605010032654,0.60087651014328,-0.0014294860884547234,0.6056360602378845,0.5707415342330933,-0.007067694328725338,0.5853015184402466,0.5535910129547119,-0.014109191484749317,0.5683585405349731,0.539317786693573,-0.019514895975589752,0.6544798612594604,0.5836993455886841,-0.006567140109837055,0.6215645670890808,0.5552273392677307,-0.012057147920131683,0.600927472114563,0.5396361947059631,-0.016648465767502785,0.5835738778114319,0.5281995534896851,-0.0204231645911932,0.6745097637176514,0.570673406124115,-0.01321331039071083,0.6501267552375793,0.5465786457061768,-0.01773335412144661,0.6328504085540771,0.535081148147583,-0.01932520605623722,0.6167960166931152,0.5271785259246826,-0.020686941221356392,HELLO 
0.7302529811859131,0.670304536819458,1.4456009012064897e-07,0.6948663592338562,0.6867124438285828,-0.008576879277825356,0.6579757332801819,0.6787949204444885,-0.012399588711559772,0.635683000087738,0.6525567173957825,-0.016775919124484062,0.6288025379180908,0.6253687143325806,-0.020630961284041405,0.6310241222381592,0.6234167218208313,0.0021943976171314716,0.5999202132225037,0.5970680713653564,-0.0050800577737390995,0.5820183157920837,0.5802778601646423,-0.013333047740161419,0.5671371221542358,0.5645745992660522,-0.01994459517300129,0.6397952437400818,0.6004787087440491,-0.000778860179707408,0.6054975390434265,0.5708569884300232,-0.0061921789310872555,0.5853549242019653,0.553634762763977,-0.013105573132634163,0.5686827301979065,0.5392503142356873,-0.01846460998058319,0.6542855501174927,0.583407461643219,-0.006039985455572605,0.6217074990272522,0.5552706122398376,-0.011378267779946327,0.6012787222862244,0.539968729019165,-0.015781830996274948,0.5840016603469849,0.5288111567497253,-0.019435254856944084,0.6745002269744873,0.5704082250595093,-0.012839422561228275,0.6501439213752747,0.5464300513267517,-0.01731930673122406,0.6328543424606323,0.5349509119987488,-0.018845902755856514,0.6166694760322571,0.527006983757019,-0.02014678530395031,HELLO 
0.729327380657196,0.6701642274856567,1.5452131663096225e-07,0.6933212876319885,0.6858024597167969,-0.008317122235894203,0.6574375629425049,0.6774519681930542,-0.012511533685028553,0.6350523233413696,0.6511975526809692,-0.017418142408132553,0.6280289888381958,0.62403404712677,-0.021876253187656403,0.631339430809021,0.6240577101707458,0.0017458981601521373,0.5999679565429688,0.5970271229743958,-0.0060195317491889,0.5817903876304626,0.5799803733825684,-0.014347543939948082,0.566619873046875,0.5641111731529236,-0.02086964249610901,0.6401956677436829,0.6016492247581482,-0.0014966115122660995,0.6056296229362488,0.5708589553833008,-0.007521873340010643,0.5850896835327148,0.5534098744392395,-0.014594788663089275,0.5679894685745239,0.538910984992981,-0.01992308720946312,0.6545892357826233,0.5843566656112671,-0.006954931654036045,0.6216317415237427,0.5554950833320618,-0.012714528478682041,0.6009775400161743,0.5398406982421875,-0.017035432159900665,0.583584189414978,0.5282912254333496,-0.02047581784427166,0.6743469834327698,0.5710585117340088,-0.013902443461120129,0.6498392224311829,0.5465488433837891,-0.018490731716156006,0.6325175166130066,0.5345420837402344,-0.0198439359664917,0.6165871024131775,0.5262613296508789,-0.02092703990638256,HELLO 
0.7291499972343445,0.6691880226135254,1.5375101725112472e-07,0.6925358176231384,0.6852678656578064,-0.00737305823713541,0.6555251479148865,0.6762678623199463,-0.01034245640039444,0.6335645914077759,0.649111270904541,-0.014085426926612854,0.6288779973983765,0.6238065958023071,-0.017421208322048187,0.6309387683868408,0.62321537733078,0.003596444381400943,0.5999320149421692,0.5963509678840637,-0.0029904048424214125,0.5820866823196411,0.5793363451957703,-0.010701724328100681,0.56706702709198,0.5639294385910034,-0.01688273996114731,0.6398701667785645,0.6006651520729065,0.00041192976641468704,0.6055737733840942,0.5698615908622742,-0.004467898514121771,0.5852237343788147,0.5525354146957397,-0.011081003583967686,0.5682842135429382,0.5384402275085449,-0.01613038405776024,0.6542345285415649,0.5836581587791443,-0.004905547481030226,0.621635913848877,0.5547707676887512,-0.009672106243669987,0.6011737585067749,0.5390235185623169,-0.01393442414700985,0.5839610695838928,0.5276626944541931,-0.017413290217518806,0.673977255821228,0.5706548690795898,-0.011642959900200367,0.6502623558044434,0.5457763671875,-0.015304223634302616,0.6332414150238037,0.5336094498634338,-0.016421280801296234,0.6175243258476257,0.5250601768493652,-0.017444612458348274,HELLO 
0.7284497022628784,0.6700953841209412,1.4585421581614355e-07,0.6921064257621765,0.6857246160507202,-0.007251452654600143,0.6557478904724121,0.6769669055938721,-0.010356216691434383,0.6336424946784973,0.6505957245826721,-0.014339189976453781,0.6270420551300049,0.6236352324485779,-0.017949379980564117,0.6308737993240356,0.622997522354126,0.0038552405312657356,0.6001196503639221,0.5964063405990601,-0.003042516764253378,0.5823249816894531,0.579627513885498,-0.010995278134942055,0.5672414898872375,0.5640502572059631,-0.017376266419887543,0.6396686434745789,0.6008792519569397,0.0003854590468108654,0.6056517958641052,0.5703945755958557,-0.004931788891553879,0.585498034954071,0.5532668828964233,-0.011828389018774033,0.5684475898742676,0.5389219522476196,-0.017109030857682228,0.6539740562438965,0.5842586755752563,-0.005283086560666561,0.6213512420654297,0.5552409291267395,-0.010704917833209038,0.6009013056755066,0.5398051142692566,-0.015126697719097137,0.5834649801254272,0.5283399820327759,-0.01865963079035282,0.6736331582069397,0.5715435743331909,-0.012338496744632721,0.6492392420768738,0.5466141700744629,-0.01678009331226349,0.6318778395652771,0.534415066242218,-0.01822912134230137,0.6155765652656555,0.525686502456665,-0.019440287724137306,HELLO 
0.7287402749061584,0.6703366041183472,1.4060668718229863e-07,0.6927048563957214,0.6862391233444214,-0.00786598864942789,0.6571463942527771,0.6783221960067749,-0.011429296806454659,0.6350466012954712,0.6523656845092773,-0.015761621296405792,0.6271956562995911,0.6250811815261841,-0.01965561881661415,0.6316627264022827,0.6234334111213684,0.0033622782211750746,0.600486695766449,0.5974509716033936,-0.0035754425916820765,0.5826073884963989,0.5810668468475342,-0.01160094141960144,0.5676511526107788,0.5653840899467468,-0.018052320927381516,0.640352189540863,0.6014252305030823,-1.6683587091392837e-05,0.6058264970779419,0.571742057800293,-0.005528236273676157,0.5853651762008667,0.5550833940505981,-0.012821489945054054,0.5682605504989624,0.540739893913269,-0.018435897305607796,0.6545739769935608,0.5848967432975769,-0.005654367618262768,0.6217708587646484,0.556199312210083,-0.011390702798962593,0.6009064316749573,0.540986180305481,-0.01642414927482605,0.583156168460846,0.5292500257492065,-0.02041827142238617,0.6743453741073608,0.5719558000564575,-0.012697217054665089,0.6496568322181702,0.5466617941856384,-0.01753680221736431,0.6320766806602478,0.5346632599830627,-0.019465191289782524,0.6155509352684021,0.5261815786361694,-0.021037813276052475,HELLO 
0.7291239500045776,0.6696284413337708,1.4876465570523578e-07,0.6934462189674377,0.6855423450469971,-0.008459029719233513,0.6568564772605896,0.6768453121185303,-0.01200540829449892,0.6340696811676025,0.6496202349662781,-0.016160637140274048,0.6281227469444275,0.6229949593544006,-0.019876830279827118,0.6317226886749268,0.623752772808075,0.0025581284426152706,0.6006221771240234,0.5974241495132446,-0.0044314246624708176,0.5825731158256531,0.5807813405990601,-0.012330458499491215,0.5674658417701721,0.5650880336761475,-0.018730582669377327,0.640388011932373,0.6012736558914185,-0.0004547246790025383,0.6058647632598877,0.5712694525718689,-0.006087691523134708,0.5853390693664551,0.5545147657394409,-0.013104709796607494,0.5681519508361816,0.5404693484306335,-0.018426401540637016,0.6548048257827759,0.5843884944915771,-0.005714063998311758,0.6217254400253296,0.5552389621734619,-0.011540141887962818,0.6008775234222412,0.5398727655410767,-0.016263464465737343,0.5832485556602478,0.5283746719360352,-0.01995277777314186,0.6748060584068298,0.5713765621185303,-0.012422170490026474,0.6501990556716919,0.54634690284729,-0.017229048535227776,0.6327300071716309,0.533933162689209,-0.018959907814860344,0.6164115071296692,0.5250722765922546,-0.0203549824655056,HELLO 
0.7292298078536987,0.6700385808944702,1.508493738811012e-07,0.6929212808609009,0.6858475804328918,-0.007908645085990429,0.6562322974205017,0.6768770813941956,-0.011156810447573662,0.6333979964256287,0.6494876146316528,-0.015135029330849648,0.6269860863685608,0.6232319474220276,-0.018666958436369896,0.6309789419174194,0.6237719655036926,0.0034850004594773054,0.600113570690155,0.5972325801849365,-0.003518459154292941,0.5824109315872192,0.5803335905075073,-0.011675667949020863,0.5672036409378052,0.5644308924674988,-0.018315283581614494,0.6396832466125488,0.6012437343597412,0.00021727064449805766,0.6052879095077515,0.5716249346733093,-0.005311823915690184,0.5847463607788086,0.5547539591789246,-0.01252953801304102,0.5669532418251038,0.5405657291412354,-0.018088672310113907,0.6540961265563965,0.5842387676239014,-0.005308224819600582,0.6212742924690247,0.555368185043335,-0.011065838858485222,0.6004308462142944,0.539792001247406,-0.01589866355061531,0.5823759436607361,0.5281606912612915,-0.019709954038262367,0.6740373969078064,0.5710296630859375,-0.012264983728528023,0.6494529247283936,0.5462552905082703,-0.01708773523569107,0.6320323944091797,0.5339266657829285,-0.01888800784945488,0.6155937910079956,0.5250393748283386,-0.020345164462924004,HELLO 
0.7291691303253174,0.6701341271400452,1.4176873719407013e-07,0.6940460205078125,0.6867518424987793,-0.007928282953798771,0.6575618386268616,0.6777891516685486,-0.01119011640548706,0.6345866918563843,0.6516839861869812,-0.015017920173704624,0.6261298656463623,0.627872884273529,-0.018356194719672203,0.6302551031112671,0.6236740946769714,0.002688912907615304,0.59963458776474,0.5969895124435425,-0.004143177065998316,0.5820558071136475,0.5803475975990295,-0.012237579561769962,0.5667819380760193,0.5650628805160522,-0.018816927447915077,0.639226496219635,0.6010311245918274,-0.00043334710062481463,0.6051735877990723,0.5710998773574829,-0.0055191535502672195,0.5848263502120972,0.554514467716217,-0.012456192634999752,0.5672867298126221,0.5411089658737183,-0.017944810912013054,0.6537930965423584,0.5843476057052612,-0.00573001941666007,0.6214626431465149,0.5555223822593689,-0.01087364461272955,0.6007804870605469,0.5400490164756775,-0.01546507515013218,0.5829530954360962,0.5289911031723022,-0.019315004348754883,0.6738930344581604,0.5714918971061707,-0.01247253455221653,0.6496130228042603,0.5469500422477722,-0.016916858032345772,0.6320992708206177,0.5350448489189148,-0.018608836457133293,0.6155785322189331,0.5268917679786682,-0.02007056027650833,HELLO 
0.7291406393051147,0.6701440215110779,1.4123776281849132e-07,0.6940619349479675,0.6868335604667664,-0.007925662212073803,0.6577213406562805,0.6780108213424683,-0.011290937662124634,0.6347642540931702,0.6521986722946167,-0.015226823277771473,0.6260471940040588,0.6282802224159241,-0.018675750121474266,0.6302869915962219,0.6236481070518494,0.00251385779120028,0.5996024012565613,0.5967857241630554,-0.004408461973071098,0.5819889903068542,0.5801712274551392,-0.012511237524449825,0.5667139291763306,0.5649795532226562,-0.01906508021056652,0.6393047571182251,0.6011124849319458,-0.0006500479648821056,0.6050893068313599,0.5709937810897827,-0.005834091920405626,0.5846887826919556,0.5543681979179382,-0.012785717844963074,0.5671596527099609,0.5409510731697083,-0.018258724361658096,0.6538869142532349,0.5844641923904419,-0.005980843678116798,0.6213825941085815,0.5556209087371826,-0.011204271577298641,0.600615382194519,0.5401690006256104,-0.01578824408352375,0.5827498435974121,0.5290719270706177,-0.01961200125515461,0.6739912033081055,0.5715932846069336,-0.012748606503009796,0.649573028087616,0.5470184087753296,-0.017247838899493217,0.631960391998291,0.5351430773735046,-0.01892988756299019,0.6154025793075562,0.526985764503479,-0.020363666117191315,HELLO 
0.7289095520973206,0.6691919565200806,1.4309682683233405e-07,0.6926687955856323,0.6864975690841675,-0.007666461635380983,0.6557754874229431,0.6781601905822754,-0.010702118277549744,0.6328964829444885,0.6508105397224426,-0.014523065648972988,0.6277029514312744,0.6231882572174072,-0.01791073940694332,0.6308422088623047,0.6231152415275574,0.004086512606590986,0.5999124050140381,0.5971217155456543,-0.0026570402551442385,0.582134485244751,0.5805742144584656,-0.010683010332286358,0.5670177340507507,0.5651723742485046,-0.01720854453742504,0.6393957138061523,0.6009355783462524,0.0008577479748055339,0.6051442623138428,0.5711634159088135,-0.0042572724632918835,0.5847354531288147,0.5544313788414001,-0.011050240136682987,0.5672497749328613,0.5406046509742737,-0.0163071621209383,0.6536012291908264,0.5841992497444153,-0.004661462269723415,0.6209651231765747,0.5555788278579712,-0.0098787322640419,0.6002845764160156,0.5400296449661255,-0.014240958727896214,0.5825871825218201,0.5284200310707092,-0.017799772322177887,0.6733824610710144,0.5713299512863159,-0.011662517674267292,0.6489492654800415,0.5468788146972656,-0.015886975452303886,0.6316205859184265,0.5346142649650574,-0.01730285957455635,0.6153974533081055,0.5257571339607239,-0.018561696633696556,HELLO 
0.7289631366729736,0.668835461139679,1.4727763186783704e-07,0.6929987072944641,0.6863653659820557,-0.007752214092761278,0.656063973903656,0.6783565282821655,-0.010817996226251125,0.6330045461654663,0.6508488655090332,-0.014624997973442078,0.6276134848594666,0.623284101486206,-0.018032444640994072,0.6313757300376892,0.6238874793052673,0.0034730632323771715,0.6003881096839905,0.5974253416061401,-0.003327542683109641,0.5823054313659668,0.5808526873588562,-0.01121967751532793,0.5669267177581787,0.565720796585083,-0.017587367445230484,0.6397135257720947,0.6012611985206604,0.00029180492856539786,0.6052829027175903,0.5705447196960449,-0.0048225075006484985,0.5846717953681946,0.5537086725234985,-0.011413613334298134,0.5672374963760376,0.5401169657707214,-0.016468506306409836,0.6537315845489502,0.5843117237091064,-0.0051296912133693695,0.6207915544509888,0.5551146268844604,-0.010242029093205929,0.6000353097915649,0.539557158946991,-0.014486054889857769,0.5823442339897156,0.5280894041061401,-0.017955387011170387,0.6733229160308838,0.5714762210845947,-0.012028954923152924,0.6488246917724609,0.5465505719184875,-0.01619636081159115,0.631385087966919,0.5341272354125977,-0.017555592581629753,0.6151689291000366,0.5253221988677979,-0.01874946989119053,HELLO 
0.728954553604126,0.6691392064094543,1.478342568361768e-07,0.6926038265228271,0.6865354180335999,-0.007604539394378662,0.6557115316390991,0.6781933307647705,-0.010609826073050499,0.6328254342079163,0.6505568027496338,-0.014404610730707645,0.6273752450942993,0.6231291890144348,-0.017841922119259834,0.631430983543396,0.6239843964576721,0.003635789267718792,0.60038822889328,0.5974555015563965,-0.0032317645382136106,0.582264244556427,0.5807930827140808,-0.011188626289367676,0.5668258666992188,0.565561056137085,-0.01760062202811241,0.6397857666015625,0.6013867259025574,0.00037202175008133054,0.6053124070167542,0.5706150531768799,-0.004845134448260069,0.5846965312957764,0.5536869764328003,-0.011578142642974854,0.5671939253807068,0.5399377942085266,-0.016735248267650604,0.6537875533103943,0.5844377875328064,-0.005122773349285126,0.6207578182220459,0.5551041960716248,-0.010346850380301476,0.5999877452850342,0.539495587348938,-0.014718740247189999,0.5822623372077942,0.5279943943023682,-0.018264589831233025,0.6733773946762085,0.5715797543525696,-0.012072292156517506,0.6488395929336548,0.5465440154075623,-0.016316520050168037,0.631349503993988,0.5340956449508667,-0.017750650644302368,0.6150258779525757,0.5253183841705322,-0.019001131877303123,HELLO 
0.7291396856307983,0.6688383221626282,1.451688689257935e-07,0.6929256916046143,0.6859117150306702,-0.00699612544849515,0.6567956209182739,0.6770702004432678,-0.009753935970366001,0.6343287229537964,0.651042103767395,-0.013382081873714924,0.6258772015571594,0.6263973116874695,-0.01663578487932682,0.6312578916549683,0.623751163482666,0.00401645340025425,0.6005859971046448,0.5967707633972168,-0.00263170781545341,0.5827972888946533,0.5800762176513672,-0.010394765995442867,0.5674175024032593,0.5649662017822266,-0.016637874767184258,0.6398422718048096,0.6012511253356934,0.0003914437838830054,0.6057494282722473,0.5704095959663391,-0.0046982355415821075,0.5853033065795898,0.5535092949867249,-0.011396252550184727,0.5678930282592773,0.5398424863815308,-0.016547344624996185,0.6540485620498657,0.5844348669052124,-0.005402541719377041,0.6213249564170837,0.5552870631217957,-0.010579514317214489,0.6007248759269714,0.5397855043411255,-0.014833000488579273,0.5830315351486206,0.5283030867576599,-0.018313312903046608,0.6737061142921448,0.571685254573822,-0.012584059499204159,0.649080753326416,0.5465731620788574,-0.016968252137303352,0.6316510438919067,0.5339594483375549,-0.01829037256538868,0.615416407585144,0.5249035358428955,-0.019410155713558197,HELLO 
0.7290226817131042,0.6690078973770142,1.4735562103851407e-07,0.6925206184387207,0.6859777569770813,-0.006955341901630163,0.6561490893363953,0.6766359210014343,-0.009564220905303955,0.6337361931800842,0.6500908136367798,-0.013060548342764378,0.6263343095779419,0.6258467435836792,-0.016170931980013847,0.6307843923568726,0.6233102083206177,0.0046812682412564754,0.6000820994377136,0.5969058871269226,-0.0016956510953605175,0.5825849175453186,0.5803284049034119,-0.009410927072167397,0.5675015449523926,0.565135657787323,-0.015661733224987984,0.6394875645637512,0.6009783744812012,0.0011363261146470904,0.60551917552948,0.5706863403320312,-0.003704963019117713,0.5852079391479492,0.553792417049408,-0.010394593700766563,0.5679789781570435,0.5400550961494446,-0.015557337552309036,0.6537756323814392,0.5842560529708862,-0.00460990471765399,0.6212087869644165,0.5554273724555969,-0.009591148234903812,0.6007176041603088,0.5399599671363831,-0.013850654475390911,0.5832037329673767,0.5285149216651917,-0.017341984435915947,0.6734762191772461,0.571500837802887,-0.011761062778532505,0.6489158272743225,0.5468783378601074,-0.015921713784337044,0.631596028804779,0.5345550179481506,-0.017182791605591774,0.615454912185669,0.5256385803222656,-0.018285930156707764,HELLO 
0.7294280529022217,0.6689311265945435,1.4674360215849447e-07,0.6928195953369141,0.6854143142700195,-0.007409552112221718,0.6570978164672852,0.6759883165359497,-0.010552345775067806,0.6344873309135437,0.6500355005264282,-0.014518789015710354,0.6250858306884766,0.6251406669616699,-0.018070096150040627,0.6320347189903259,0.6233692765235901,0.0036288562696427107,0.6009348630905151,0.5964649319648743,-0.003378917695954442,0.5829800963401794,0.579936146736145,-0.011379960924386978,0.5673813819885254,0.564801037311554,-0.01776057854294777,0.6405563950538635,0.6010732054710388,8.039183012442663e-05,0.6060583591461182,0.5706183910369873,-0.005403407849371433,0.585188090801239,0.5539855360984802,-0.012481113895773888,0.5672257542610168,0.5405021905899048,-0.01788838393986225,0.6545848846435547,0.5844297409057617,-0.005676948931068182,0.6214427947998047,0.5554947853088379,-0.011231127195060253,0.6006144881248474,0.5399800539016724,-0.01570213958621025,0.5826186537742615,0.5283811688423157,-0.019284488633275032,0.673996090888977,0.5715792179107666,-0.012835735455155373,0.6489714980125427,0.546607255935669,-0.017472494393587112,0.6313853859901428,0.5339829921722412,-0.018922539427876472,0.6149455904960632,0.5249587297439575,-0.020105740055441856,HELLO 
0.7296573519706726,0.6687915921211243,1.4633238265560067e-07,0.6930319666862488,0.6855566501617432,-0.007463427726179361,0.6564697623252869,0.675234854221344,-0.010180295445024967,0.6334822177886963,0.6478957533836365,-0.01371762529015541,0.6257699728012085,0.6237199306488037,-0.016815608367323875,0.6317404508590698,0.6227273344993591,0.0046899947337806225,0.6006203889846802,0.5963321328163147,-0.001767207169905305,0.5829042196273804,0.579784631729126,-0.009612539783120155,0.5674595832824707,0.5643810629844666,-0.01605258323252201,0.6404536962509155,0.6007155776023865,0.0013185476418584585,0.606190025806427,0.571299135684967,-0.003790570655837655,0.5854096412658691,0.5547482371330261,-0.010881777852773666,0.5672498941421509,0.541120707988739,-0.016415061429142952,0.6545926928520203,0.5842851400375366,-0.004331406205892563,0.621941089630127,0.5559111833572388,-0.00973373744636774,0.6009989380836487,0.5403171181678772,-0.014466152526438236,0.582845151424408,0.5286539793014526,-0.018290605396032333,0.6739956140518188,0.5712676048278809,-0.011420373804867268,0.6492223143577576,0.5467621088027954,-0.01601370982825756,0.6316432356834412,0.53420090675354,-0.017742833122611046,0.6150922179222107,0.5251666307449341,-0.019225547090172768,HELLO 
0.7295262813568115,0.6679551005363464,1.552681823113744e-07,0.6931493282318115,0.6857926249504089,-0.008181605488061905,0.6562634110450745,0.6755292415618896,-0.010995551012456417,0.6330109238624573,0.6469099521636963,-0.014493313618004322,0.626211404800415,0.6207536458969116,-0.01750762201845646,0.631727397441864,0.6224194169044495,0.004529729951173067,0.6005899310112,0.5960054993629456,-0.0017481818795204163,0.582847535610199,0.5792698860168457,-0.00949142500758171,0.5675933361053467,0.5635987520217896,-0.015865592285990715,0.6402785181999207,0.6002935171127319,0.0016454175347462296,0.6057808995246887,0.570744514465332,-0.00321328011341393,0.5849830508232117,0.5541166067123413,-0.010118688456714153,0.5671507716178894,0.5404688119888306,-0.015508663840591908,0.6543442606925964,0.5838834047317505,-0.003605437697842717,0.6213456988334656,0.5552660822868347,-0.008798905648291111,0.6002219915390015,0.5399652719497681,-0.01357725914567709,0.5821422338485718,0.5286495089530945,-0.017467470839619637,0.673688530921936,0.5708091259002686,-0.010366210713982582,0.6489468216896057,0.5465260148048401,-0.014759180136024952,0.6314429044723511,0.5341379642486572,-0.016583910211920738,0.615040123462677,0.525137186050415,-0.018189892172813416,HELLO 
0.7294601798057556,0.6684455275535583,1.495889705438458e-07,0.6931878328323364,0.6852098703384399,-0.00780149782076478,0.6572155952453613,0.6759270429611206,-0.010970912873744965,0.6344864964485168,0.6488630175590515,-0.014928481541574001,0.626355767250061,0.6232790350914001,-0.018514610826969147,0.6322085857391357,0.6231673955917358,0.0035840931814163923,0.6015447378158569,0.5963969826698303,-0.003333881264552474,0.5836470127105713,0.5796698927879333,-0.01138981617987156,0.5681074857711792,0.5642350912094116,-0.017874108627438545,0.6405218839645386,0.6009504199028015,0.00019845960196107626,0.6061457395553589,0.5705778002738953,-0.005246954504400492,0.5851687788963318,0.55380779504776,-0.01238648034632206,0.5671848058700562,0.5401241779327393,-0.017858467996120453,0.6544259786605835,0.5843449234962463,-0.005441796500235796,0.6214488744735718,0.5552283525466919,-0.01101474929600954,0.6003175377845764,0.5396848917007446,-0.015752971172332764,0.5820869207382202,0.5281155705451965,-0.019548574462532997,0.6737115979194641,0.5715879201889038,-0.012523511424660683,0.6488443613052368,0.5468288660049438,-0.01712528057396412,0.6313643455505371,0.5343257784843445,-0.018733197823166847,0.6150360703468323,0.5254059433937073,-0.02009628340601921,HELLO 
0.7294792532920837,0.6683571338653564,1.5102106942777027e-07,0.6933146715164185,0.6851272583007812,-0.007895044982433319,0.657312273979187,0.6759135723114014,-0.011088292114436626,0.6345112323760986,0.6487208604812622,-0.015042431652545929,0.6265190243721008,0.6229647994041443,-0.018597468733787537,0.6320835947990417,0.6231726408004761,0.003578721545636654,0.6013680696487427,0.5964365601539612,-0.003303365083411336,0.5835133790969849,0.5796365737915039,-0.011335859075188637,0.5680535435676575,0.5640852451324463,-0.017810573801398277,0.6404210925102234,0.6009325385093689,0.0002632226678542793,0.6060331463813782,0.5707548260688782,-0.005141887813806534,0.5850911736488342,0.5539711713790894,-0.012259017676115036,0.5671353340148926,0.5402144193649292,-0.017724454402923584,0.6543509364128113,0.5843103528022766,-0.0053183650597929955,0.6214285492897034,0.5552420616149902,-0.010872472077608109,0.6003345847129822,0.5396726131439209,-0.015617537312209606,0.5821355581283569,0.5280532240867615,-0.019418705254793167,0.6736459732055664,0.5715042948722839,-0.012350348755717278,0.6487962007522583,0.5468083620071411,-0.016962753608822823,0.6313439011573792,0.5343054533004761,-0.018599487841129303,0.6150315403938293,0.5253416299819946,-0.019981924444437027,HELLO 
0.7298936247825623,0.6684890389442444,1.5656385699003295e-07,0.6944405436515808,0.6853340864181519,-0.007973293773829937,0.6582139730453491,0.6768432259559631,-0.01149934995919466,0.6350514888763428,0.6501905918121338,-0.01578446663916111,0.627988874912262,0.6239882111549377,-0.019685033708810806,0.6323381066322327,0.6231971979141235,0.0026632705703377724,0.6014479398727417,0.5960745811462402,-0.004455873277038336,0.5835255980491638,0.5791610479354858,-0.012531849555671215,0.5680736303329468,0.5634876489639282,-0.019033996388316154,0.6405832767486572,0.6010148525238037,-0.0007188547751866281,0.6057969331741333,0.5704091787338257,-0.006298162043094635,0.58478182554245,0.5534353256225586,-0.013224625028669834,0.5669523477554321,0.5396575927734375,-0.018526621162891388,0.65463787317276,0.5843376517295837,-0.006325500551611185,0.6213988661766052,0.5549856424331665,-0.011986898258328438,0.6002925038337708,0.5394559502601624,-0.016610248014330864,0.5822076797485352,0.5281057953834534,-0.02031240612268448,0.6741635799407959,0.571543276309967,-0.01337993610650301,0.6494099497795105,0.5464605093002319,-0.0181196928024292,0.6318842172622681,0.5338408350944519,-0.01980403997004032,0.6155371069908142,0.5249755382537842,-0.021197237074375153,HELLO 
0.7298341393470764,0.6688026785850525,1.5240408401950845e-07,0.6942573189735413,0.6855416893959045,-0.007821385748684406,0.6580381989479065,0.6767361760139465,-0.01127557922154665,0.6349101662635803,0.6499930024147034,-0.015536242164671421,0.6279405951499939,0.62393718957901,-0.0194390919059515,0.6322678923606873,0.6228953003883362,0.002975194016471505,0.6014078855514526,0.5958759188652039,-0.004083741456270218,0.5835200548171997,0.5790822505950928,-0.01218764390796423,0.5680225491523743,0.5634960532188416,-0.018755102530121803,0.6405900716781616,0.6008753180503845,-0.0005047997692599893,0.6058443784713745,0.5703238844871521,-0.006056645885109901,0.5848721265792847,0.5533778667449951,-0.013054270297288895,0.5669612288475037,0.5396351218223572,-0.018458198755979538,0.654671847820282,0.5843549370765686,-0.006213517393916845,0.6215120553970337,0.5550214052200317,-0.011864143423736095,0.6004457473754883,0.5394263863563538,-0.01653096452355385,0.5823459029197693,0.5280429124832153,-0.020305773243308067,0.6742194294929504,0.5717271566390991,-0.013365398161113262,0.6494908332824707,0.5466867685317993,-0.01810274086892605,0.6319462656974792,0.5339837074279785,-0.019838180392980576,0.6155263781547546,0.5250198841094971,-0.02131287194788456,HELLO 
0.7302922606468201,0.6686687469482422,1.5324917512771208e-07,0.6946160793304443,0.6853477954864502,-0.0078944843262434,0.6581861972808838,0.6763436794281006,-0.011155816726386547,0.6350138187408447,0.6491810083389282,-0.01521679013967514,0.6283542513847351,0.6240994334220886,-0.018913764506578445,0.6323462128639221,0.6236715316772461,0.0032112314365804195,0.6015413403511047,0.5964474081993103,-0.0037305778823792934,0.5836778879165649,0.5793494582176208,-0.011766682378947735,0.568337619304657,0.563586950302124,-0.01828162930905819,0.6405771374702454,0.6013335585594177,-0.0001861557539086789,0.6059591770172119,0.570583164691925,-0.005641323979943991,0.5851088762283325,0.5532878637313843,-0.012632071040570736,0.5674514770507812,0.5392948985099792,-0.018006328493356705,0.6546522974967957,0.5844299793243408,-0.0058254217728972435,0.6214314103126526,0.5552297234535217,-0.0113771827891469,0.6004833579063416,0.5393988490104675,-0.016077950596809387,0.5826714038848877,0.527888834476471,-0.019849568605422974,0.6742847561836243,0.5715604424476624,-0.01292445883154869,0.6494356393814087,0.5467641353607178,-0.017546340823173523,0.6318331956863403,0.534243643283844,-0.019229263067245483,0.6155844926834106,0.5255810022354126,-0.020654773339629173,HELLO 
0.7302864193916321,0.668805718421936,1.5596960167840734e-07,0.6944786906242371,0.6851652264595032,-0.007977320812642574,0.6580203175544739,0.6758477687835693,-0.011273647658526897,0.634859561920166,0.6483957767486572,-0.01537411194294691,0.6283676028251648,0.6234036684036255,-0.01912865601480007,0.6327157020568848,0.6235019564628601,0.0032214915845543146,0.6019785404205322,0.5964649319648743,-0.0037441153544932604,0.5840215682983398,0.579520583152771,-0.011824548244476318,0.5685293674468994,0.5638247728347778,-0.0183983463793993,0.640782356262207,0.6012189984321594,-0.00017460031085647643,0.6061519384384155,0.5703776478767395,-0.005668962374329567,0.5852287411689758,0.5530776977539062,-0.012729857116937637,0.5674384832382202,0.5390853881835938,-0.01818777434527874,0.6547365188598633,0.5844365358352661,-0.005820908583700657,0.6214785575866699,0.5550626516342163,-0.011419943533837795,0.6004825234413147,0.5392722487449646,-0.016187895089387894,0.5826126337051392,0.5278459787368774,-0.020029336214065552,0.6742845177650452,0.571618378162384,-0.012935256585478783,0.6495161056518555,0.5467169284820557,-0.0175690446048975,0.6319445371627808,0.5340824723243713,-0.019310027360916138,0.6156746745109558,0.5253262519836426,-0.020820552483201027,HELLO 
0.7304655909538269,0.6690083742141724,1.5184295421022398e-07,0.694547712802887,0.6853589415550232,-0.007522993721067905,0.6583347916603088,0.6763535737991333,-0.01072097010910511,0.6353414058685303,0.6495557427406311,-0.014818856492638588,0.6286805868148804,0.6237649321556091,-0.018566902726888657,0.632774829864502,0.6232265830039978,0.0036225293297320604,0.6016619801521301,0.5962745547294617,-0.0034403898753225803,0.5835577249526978,0.5792245864868164,-0.011596634052693844,0.5679677724838257,0.5636047720909119,-0.018171867355704308,0.6410159468650818,0.6012271046638489,3.211327566532418e-05,0.60643070936203,0.5706017017364502,-0.005520359147340059,0.5853697061538696,0.553512454032898,-0.01264987513422966,0.5674043297767639,0.5397403240203857,-0.018127648159861565,0.6549447774887085,0.5845935344696045,-0.005790338851511478,0.6217814683914185,0.555377721786499,-0.011399836279451847,0.6005669832229614,0.5395474433898926,-0.016079336404800415,0.5825153589248657,0.5280449986457825,-0.019829971715807915,0.6743828058242798,0.5717907547950745,-0.013051263056695461,0.649541437625885,0.5468629598617554,-0.01769409328699112,0.6318015456199646,0.5343424677848816,-0.019342143088579178,0.6153608560562134,0.5256655216217041,-0.020735176280140877,HELLO 
0.7305886149406433,0.6687722206115723,1.5142815357194195e-07,0.6948297023773193,0.6854156255722046,-0.007626676466315985,0.6585738658905029,0.6763969659805298,-0.010793624445796013,0.635481595993042,0.649348795413971,-0.01483212597668171,0.6286917924880981,0.6237133145332336,-0.01850797049701214,0.6330130696296692,0.6230545043945312,0.0036404544953256845,0.6018463373184204,0.5962141156196594,-0.0033149048686027527,0.5836865901947021,0.5792744159698486,-0.01142500527203083,0.5680606365203857,0.563715934753418,-0.017991162836551666,0.6411393880844116,0.6010370254516602,0.00012097026774426922,0.6064862012863159,0.5705249905586243,-0.00532086007297039,0.5853757858276367,0.5535407662391663,-0.012437386438250542,0.5673797130584717,0.539847731590271,-0.01793740689754486,0.6549856066703796,0.5845028162002563,-0.005636992864310741,0.6217942237854004,0.5553027987480164,-0.011141400784254074,0.6005799770355225,0.539499044418335,-0.01585225760936737,0.5825235843658447,0.527982771396637,-0.01966729946434498,0.6743670701980591,0.5717967748641968,-0.012847872450947762,0.6495550870895386,0.5469087362289429,-0.01743975654244423,0.631824254989624,0.534359335899353,-0.01913382299244404,0.615365743637085,0.525590181350708,-0.020590009167790413,HELLO 
0.7311827540397644,0.6678867340087891,1.4901311828907637e-07,0.6959656476974487,0.6852375864982605,-0.008186359889805317,0.6594527959823608,0.676774263381958,-0.011733980849385262,0.6362079977989197,0.6502656936645508,-0.015993855893611908,0.6288844347000122,0.6240901350975037,-0.019834941253066063,0.6333478689193726,0.6230006814002991,0.002551502315327525,0.6021609306335449,0.5963395833969116,-0.0046943314373493195,0.5839906334877014,0.5796306729316711,-0.012900670990347862,0.5683292746543884,0.5641539096832275,-0.019520696252584457,0.6414965391159058,0.6008228063583374,-0.0007689624326303601,0.6067749261856079,0.5705415606498718,-0.006464802194386721,0.5857232809066772,0.5536074042320251,-0.01356197614222765,0.5677503347396851,0.5397736430168152,-0.019032901152968407,0.6554046273231506,0.5841933488845825,-0.006336837541311979,0.6220923662185669,0.5550664067268372,-0.012071293778717518,0.6009827256202698,0.5393323302268982,-0.01671769469976425,0.5828332901000977,0.5276840925216675,-0.02047657035291195,0.6748390793800354,0.5715234279632568,-0.013382965698838234,0.6499152183532715,0.5468831062316895,-0.01824832335114479,0.632236659526825,0.5343213081359863,-0.019994016736745834,0.6158084869384766,0.5253857970237732,-0.021448815241456032,HELLO 
0.7308915257453918,0.6682603359222412,1.5212998505376163e-07,0.695465624332428,0.6853427290916443,-0.007965520955622196,0.6591151356697083,0.6764523983001709,-0.01141406036913395,0.6360528469085693,0.6497868299484253,-0.015620452351868153,0.6288571953773499,0.6241160035133362,-0.019462009891867638,0.6333038210868835,0.6232035756111145,0.0027390611357986927,0.60221928358078,0.5964881777763367,-0.004436194431036711,0.5840974450111389,0.5796710252761841,-0.012645049020648003,0.5684800744056702,0.5641657114028931,-0.019283371046185493,0.6414663195610046,0.6009591817855835,-0.0006822707364335656,0.6067515015602112,0.5705864429473877,-0.006350283976644278,0.5856838822364807,0.5536473989486694,-0.013567958027124405,0.5676352977752686,0.5399197340011597,-0.019156228750944138,0.655340313911438,0.5843023657798767,-0.00631519453600049,0.6220169067382812,0.5550068616867065,-0.01203547976911068,0.6008867025375366,0.5392436385154724,-0.016826031729578972,0.5827245116233826,0.527690052986145,-0.020724311470985413,0.6747222542762756,0.5716238021850586,-0.01338967215269804,0.6498708724975586,0.5469033718109131,-0.0182232316583395,0.6322507262229919,0.5342700481414795,-0.020021887496113777,0.6158201098442078,0.5253221392631531,-0.021562205627560616,HELLO 
0.7309538125991821,0.6681267619132996,1.5223065474856412e-07,0.6955409646034241,0.6852271556854248,-0.008034791797399521,0.6591318249702454,0.67645263671875,-0.011514361947774887,0.635993242263794,0.6497642993927002,-0.015739770606160164,0.6290056705474854,0.6239390969276428,-0.019574813544750214,0.6332308053970337,0.6229842901229858,0.0027692329604178667,0.602179229259491,0.5963748693466187,-0.004376585595309734,0.584062933921814,0.579647421836853,-0.012567169964313507,0.5684338212013245,0.5641554594039917,-0.019209040328860283,0.6413896083831787,0.6008152961730957,-0.0006246287375688553,0.6067306995391846,0.5705623626708984,-0.006272121798247099,0.5856796503067017,0.5536399483680725,-0.013428037986159325,0.5676599740982056,0.5398774147033691,-0.018964987248182297,0.65529865026474,0.5842112302780151,-0.0062471311539411545,0.6220559477806091,0.5550251007080078,-0.01197077613323927,0.600935697555542,0.5392858982086182,-0.016698502004146576,0.582770824432373,0.5276994109153748,-0.02053648605942726,0.6747372150421143,0.5715693831443787,-0.01332645770162344,0.6499426364898682,0.5468557476997375,-0.01817278377711773,0.6323579549789429,0.5341841578483582,-0.019948607310652733,0.6159815788269043,0.5251443982124329,-0.0214565210044384,HELLO 
0.7314168810844421,0.6678047180175781,1.4533641490288574e-07,0.6960554718971252,0.6851457953453064,-0.007306807674467564,0.6602827906608582,0.6770215630531311,-0.010543214157223701,0.6380632519721985,0.6514431238174438,-0.014606567099690437,0.6293656229972839,0.6269397735595703,-0.01834946684539318,0.6342423558235168,0.6229700446128845,0.0023612058721482754,0.6028712391853333,0.5961629152297974,-0.004890973214060068,0.5845822691917419,0.5793877840042114,-0.012984681874513626,0.5687955617904663,0.5640769600868225,-0.01936885342001915,0.6422857642173767,0.6006878614425659,-0.001318477327004075,0.607405960559845,0.5702144503593445,-0.0068990024738013744,0.5860845446586609,0.5533969402313232,-0.013924220576882362,0.5678989887237549,0.5397132635116577,-0.019302772358059883,0.6559226512908936,0.5839033722877502,-0.007076187524944544,0.6226604580879211,0.554707944393158,-0.012474591843783855,0.6017080545425415,0.5390729904174805,-0.01692410372197628,0.5836756825447083,0.5275444388389587,-0.020562035962939262,0.6749409437179565,0.571159839630127,-0.014231167733669281,0.6499934196472168,0.5464760661125183,-0.018711544573307037,0.6323872208595276,0.5340315699577332,-0.020104127004742622,0.6160169243812561,0.5253053903579712,-0.021272780373692513,HELLO 
0.7317932844161987,0.6677581667900085,1.4604376019633492e-07,0.6965848803520203,0.6852052211761475,-0.006802684161812067,0.6612160205841064,0.6755914092063904,-0.009353453293442726,0.639360785484314,0.6500942707061768,-0.01283305138349533,0.6303545832633972,0.628738522529602,-0.016059035435318947,0.6342489719390869,0.6221275925636292,0.003697148757055402,0.6030916571617126,0.5953077673912048,-0.0029653445817530155,0.584750771522522,0.578592836856842,-0.010773612186312675,0.5689545273780823,0.5636909604072571,-0.0169675275683403,0.6423699855804443,0.5998337864875793,-6.654650496784598e-05,0.6079379320144653,0.5690958499908447,-0.0051732794381678104,0.5869210362434387,0.5520989894866943,-0.012025825679302216,0.569196879863739,0.5385031700134277,-0.017240064218640327,0.6559553742408752,0.5833693742752075,-0.005916308145970106,0.6230261325836182,0.5540726184844971,-0.010928083211183548,0.6020612120628357,0.538603663444519,-0.015432948246598244,0.5841667056083679,0.5272977948188782,-0.019106116145849228,0.6747745871543884,0.5710890293121338,-0.013147251680493355,0.6499433517456055,0.5464160442352295,-0.017351392656564713,0.6322914958000183,0.5340584516525269,-0.018742119893431664,0.6159901022911072,0.5253416895866394,-0.019921964034438133,HELLO 
0.7316981554031372,0.6679490208625793,1.4473229725808778e-07,0.6961649656295776,0.6851538419723511,-0.006714962422847748,0.6606728434562683,0.6753590106964111,-0.00930711068212986,0.6388209462165833,0.6493757963180542,-0.01281883753836155,0.630791425704956,0.6270104646682739,-0.01603682152926922,0.6333828568458557,0.6217718124389648,0.004062538966536522,0.602451503276825,0.5952745079994202,-0.002406026003882289,0.5844968557357788,0.5786089301109314,-0.010223863646388054,0.5689895153045654,0.5634950995445251,-0.01652764528989792,0.6418076753616333,0.5993807911872864,0.0002792466839309782,0.6076158285140991,0.5689018368721008,-0.00458316458389163,0.5868535041809082,0.5519072413444519,-0.011424235068261623,0.5692911744117737,0.5382509231567383,-0.016741879284381866,0.6557289958000183,0.5830180048942566,-0.00560696329921484,0.6230868101119995,0.5537002682685852,-0.0104997418820858,0.6020941138267517,0.5383031368255615,-0.015117576345801353,0.5841315984725952,0.5272210836410522,-0.01895676553249359,0.6749071478843689,0.5708780884742737,-0.012864474207162857,0.650392472743988,0.5461480617523193,-0.017079908400774002,0.6327048540115356,0.5340380072593689,-0.018631773069500923,0.6162424683570862,0.5256450772285461,-0.019988112151622772,HELLO 
0.7329328656196594,0.6678549647331238,1.3858222303042567e-07,0.6981977224349976,0.6848847270011902,-0.006898810621351004,0.6629734039306641,0.6758346557617188,-0.009594470262527466,0.6411428451538086,0.6512073278427124,-0.013145647011697292,0.6307929754257202,0.6309809684753418,-0.016414275392889977,0.6347545385360718,0.6215909719467163,0.0031257732771337032,0.6037555932998657,0.5948165655136108,-0.0036710374988615513,0.5853553414344788,0.578213095664978,-0.011525783687829971,0.5695626139640808,0.5634565949440002,-0.017705831676721573,0.6431229114532471,0.5993766188621521,-0.0006150324479676783,0.608871579170227,0.5686966776847839,-0.00568174896761775,0.5879163146018982,0.5518393516540527,-0.01234371867030859,0.5703668594360352,0.5385729074478149,-0.017432812601327896,0.6569383144378662,0.5828114151954651,-0.0064301565289497375,0.6240455508232117,0.5534147620201111,-0.011335170827805996,0.60313481092453,0.5379952192306519,-0.015519922599196434,0.5854292511940002,0.526856541633606,-0.018965858966112137,0.6759446263313293,0.5706937909126282,-0.013646920211613178,0.6509963274002075,0.546136736869812,-0.017786657437682152,0.6333606243133545,0.5337164402008057,-0.0189678817987442,0.6173683404922485,0.5249500274658203,-0.019947774708271027,HELLO 
0.7329814434051514,0.6678419709205627,1.4065159348319867e-07,0.6980578899383545,0.6849112510681152,-0.007103385403752327,0.6629230976104736,0.6754439473152161,-0.009793274104595184,0.6410341262817383,0.6501745581626892,-0.013252928853034973,0.6301754713058472,0.62968909740448,-0.016344157978892326,0.634610652923584,0.6214683651924133,0.0031867227517068386,0.6036220192909241,0.5950527191162109,-0.003585726721212268,0.585398256778717,0.5784435272216797,-0.011498195119202137,0.5696280002593994,0.5634352564811707,-0.017757056280970573,0.6430380940437317,0.5991312861442566,-0.0003627415280789137,0.6087945699691772,0.5690738558769226,-0.00534580135717988,0.5878898501396179,0.5522986650466919,-0.012018955312669277,0.570237398147583,0.538834273815155,-0.01717194728553295,0.6569378972053528,0.5826022028923035,-0.006028034258633852,0.6242575645446777,0.5534233450889587,-0.010912617668509483,0.603417694568634,0.5380275845527649,-0.015138646587729454,0.5854960680007935,0.5267685055732727,-0.018655987456440926,0.6760718822479248,0.5703312158584595,-0.013119503855705261,0.6514853835105896,0.5457461476325989,-0.017330974340438843,0.6339768767356873,0.5334445238113403,-0.018646951764822006,0.617831289768219,0.5246838927268982,-0.019741790369153023,HELLO 
0.7338829040527344,0.6673247814178467,1.270813925202674e-07,0.699179470539093,0.6834758520126343,-0.005893000867217779,0.6641374826431274,0.673576295375824,-0.007915666326880455,0.6426712870597839,0.649015486240387,-0.011038956232368946,0.632103681564331,0.6300292015075684,-0.014001880772411823,0.6373220086097717,0.6204525232315063,0.004123745020478964,0.6058544516563416,0.5943173170089722,-0.0026111819315701723,0.5872169733047485,0.5779339075088501,-0.010364094749093056,0.5713953971862793,0.5632715821266174,-0.016416311264038086,0.6453847289085388,0.5985633730888367,-5.825317566632293e-05,0.6106264591217041,0.5682545304298401,-0.005209647119045258,0.5894494652748108,0.5514636635780334,-0.01206768024712801,0.5717707276344299,0.5380058288574219,-0.017239097505807877,0.6588085293769836,0.5821205973625183,-0.006223348900675774,0.6254478693008423,0.5529563426971436,-0.01119527779519558,0.6044977903366089,0.5375764966011047,-0.015463356859982014,0.5868138074874878,0.5262312889099121,-0.01890832930803299,0.6773793697357178,0.5699741244316101,-0.013694585300981998,0.6521350145339966,0.5453736782073975,-0.01777305267751217,0.6345025897026062,0.5326234102249146,-0.018886590376496315,0.6185013651847839,0.5233306288719177,-0.019813884049654007,HELLO 
0.7334855794906616,0.6671138405799866,1.2982791020021978e-07,0.6985992789268494,0.6840976476669312,-0.006035972852259874,0.6636876463890076,0.6739895939826965,-0.008067472837865353,0.6422749757766724,0.6482217311859131,-0.011074249632656574,0.631464958190918,0.6281417608261108,-0.01378503069281578,0.6360242962837219,0.6200007200241089,0.004241852089762688,0.6049324870109558,0.594501256942749,-0.0021826878655701876,0.5870363116264343,0.5783592462539673,-0.009778193198144436,0.5718472599983215,0.5636329650878906,-0.015768395736813545,0.6443799138069153,0.5978552103042603,0.0002956393000204116,0.609872579574585,0.5686213374137878,-0.004473946988582611,0.5887634754180908,0.5523173809051514,-0.011135362088680267,0.5711350440979004,0.5390588045120239,-0.01621738076210022,0.6582213044166565,0.5813913941383362,-0.005656246095895767,0.6252819895744324,0.5526735782623291,-0.010410919785499573,0.6046441793441772,0.5375284552574158,-0.014542320743203163,0.5870316028594971,0.526119589805603,-0.01794545352458954,0.677244246006012,0.5691647529602051,-0.012916766107082367,0.6527083516120911,0.5447691082954407,-0.016940651461482048,0.6354565024375916,0.5323168635368347,-0.018056079745292664,0.6195985078811646,0.5229436159133911,-0.018976585939526558,HELLO 
0.7365486025810242,0.6653076410293579,1.2549696748465067e-07,0.7029249668121338,0.6821988821029663,-0.006330458912998438,0.6677489280700684,0.6734857559204102,-0.008665578439831734,0.646535336971283,0.6502141952514648,-0.01184489019215107,0.6347903609275818,0.6325905323028564,-0.014746424742043018,0.6386693716049194,0.6199160218238831,0.002665122039616108,0.6070860624313354,0.5935877561569214,-0.004127893131226301,0.5886666178703308,0.5769709348678589,-0.01176542229950428,0.5731761455535889,0.5622997879981995,-0.017643537372350693,0.6469482183456421,0.5975820422172546,-0.0011904614511877298,0.6124677658081055,0.5672926306724548,-0.006130135152488947,0.5916835069656372,0.5503372550010681,-0.012675127014517784,0.5745341777801514,0.5367451310157776,-0.017629893496632576,0.6605367064476013,0.5809239149093628,-0.006967863999307156,0.6276015639305115,0.5522581934928894,-0.011618668213486671,0.6066857576370239,0.5367276668548584,-0.01575387641787529,0.5891926288604736,0.5252679586410522,-0.019172722473740578,0.6793338060379028,0.5687665939331055,-0.014064762741327286,0.6547238826751709,0.5444960594177246,-0.017914345487952232,0.6372312903404236,0.5322268009185791,-0.018907606601715088,0.6215922236442566,0.5236100554466248,-0.019734447821974754,HELLO 
0.7361347675323486,0.6664034724235535,1.2955493389199546e-07,0.7021241188049316,0.6819046139717102,-0.005293293856084347,0.6667584776878357,0.672791063785553,-0.007267083507031202,0.6453762054443359,0.6492834091186523,-0.010249082930386066,0.6342740058898926,0.630743145942688,-0.012998148798942566,0.6375181078910828,0.6197782754898071,0.0036250620614737272,0.6064508557319641,0.5936151742935181,-0.002750453306362033,0.5888040065765381,0.5770293474197388,-0.010158267803490162,0.5738473534584045,0.5622174143791199,-0.016002867370843887,0.6460955142974854,0.5973991751670837,-0.000679412332829088,0.6121000051498413,0.5671764612197876,-0.005236830562353134,0.5918516516685486,0.5502207279205322,-0.011552497744560242,0.5750231146812439,0.5366783142089844,-0.016458047553896904,0.6600672006607056,0.580826997756958,-0.006833881139755249,0.6275022625923157,0.5515598058700562,-0.011269111186265945,0.6071624755859375,0.5361090302467346,-0.015222134999930859,0.5897575616836548,0.5248081684112549,-0.01861678622663021,0.6791906356811523,0.5688498616218567,-0.01420064177364111,0.6548061966896057,0.5442987084388733,-0.0181069727987051,0.637589693069458,0.5318874716758728,-0.01914322003722191,0.6217774748802185,0.5230048894882202,-0.020043259486556053,HELLO 
0.7395690679550171,0.6640596389770508,1.1520738496528793e-07,0.7053473591804504,0.6807711124420166,-0.005090609658509493,0.669469952583313,0.672203779220581,-0.006506068632006645,0.6479365229606628,0.6496432423591614,-0.008909345604479313,0.6357380747795105,0.6333300471305847,-0.011009257286787033,0.6410843729972839,0.6185996532440186,0.004147825296968222,0.6099651455879211,0.5917635560035706,-0.001987743191421032,0.5918092131614685,0.575170636177063,-0.009181877598166466,0.5766360759735107,0.5610117316246033,-0.014649687334895134,0.6497139930725098,0.5957446098327637,9.33592818910256e-05,0.6156068444252014,0.5649489164352417,-0.0040685152634978294,0.5950049757957458,0.5481882691383362,-0.01015261746942997,0.5780292749404907,0.5352489948272705,-0.014749259687960148,0.6634292006492615,0.578682541847229,-0.005783361382782459,0.630746603012085,0.5500018000602722,-0.009628459811210632,0.6098506450653076,0.5350662469863892,-0.013313150964677334,0.5925719141960144,0.5246288776397705,-0.01640583947300911,0.6823043823242188,0.5661123394966125,-0.012888253666460514,0.6578360199928284,0.5418359041213989,-0.016011031344532967,0.6401259899139404,0.5299951434135437,-0.016536016017198563,0.6244624853134155,0.522124171257019,-0.016994016245007515,HELLO 
0.739099383354187,0.6654126048088074,1.2973363539003913e-07,0.7047054171562195,0.6801615357398987,-0.004703883081674576,0.6698288917541504,0.6721509099006653,-0.0063245282508432865,0.6494987607002258,0.6506850123405457,-0.009007172659039497,0.6379833221435547,0.6344259977340698,-0.01135348156094551,0.639682948589325,0.6187281608581543,0.004024316556751728,0.6092944145202637,0.5920608639717102,-0.0023427417036145926,0.5920162200927734,0.5750523805618286,-0.009925435297191143,0.57720547914505,0.5603052377700806,-0.015725038945674896,0.648603618144989,0.5962649583816528,-0.00032786926021799445,0.6150229573249817,0.565414547920227,-0.004469277337193489,0.5949282050132751,0.5482745170593262,-0.010560594499111176,0.5781197547912598,0.5348955392837524,-0.015274297446012497,0.6627048254013062,0.5793110728263855,-0.006472802720963955,0.6303482055664062,0.5504058003425598,-0.010163968428969383,0.6103147268295288,0.535226047039032,-0.013572865165770054,0.5935030579566956,0.5244091153144836,-0.016537901014089584,0.6818773150444031,0.5666139721870422,-0.013849415816366673,0.6574453711509705,0.5419453978538513,-0.016971295699477196,0.6401403546333313,0.5298669934272766,-0.01737484708428383,0.6245240569114685,0.5214704871177673,-0.017741208896040916,HELLO 
0.7448246479034424,0.661536693572998,1.0226294477888587e-07,0.7098135352134705,0.6758917570114136,-0.005295576527714729,0.675887405872345,0.6681419610977173,-0.008102594874799252,0.6552533507347107,0.6460643410682678,-0.012056960724294186,0.6420814394950867,0.6290485858917236,-0.015776485204696655,0.6468722224235535,0.6157947778701782,0.0033078384585678577,0.6163769960403442,0.5899216532707214,-0.004053504206240177,0.5981106162071228,0.5742610096931458,-0.012396363541483879,0.5825157165527344,0.5612542033195496,-0.018608612939715385,0.6546617150306702,0.5933406949043274,-0.0014064398128539324,0.6205742955207825,0.5624550580978394,-0.006642345804721117,0.599575400352478,0.5463642477989197,-0.013596761971712112,0.5822656750679016,0.5348998308181763,-0.018729206174612045,0.6678767204284668,0.576347827911377,-0.00792635977268219,0.6350415349006653,0.5475864410400391,-0.012459615245461464,0.6142666339874268,0.532839298248291,-0.016018789261579514,0.5971792936325073,0.5230526328086853,-0.018886014819145203,0.6869005560874939,0.5636947751045227,-0.01571928709745407,0.661743700504303,0.539228081703186,-0.019073419272899628,0.6440244317054749,0.5271806716918945,-0.019061045721173286,0.6286202073097229,0.5193858742713928,-0.01901564560830593,HELLO 
0.7440422177314758,0.6641595959663391,1.0982812881366044e-07,0.7102627754211426,0.6771954894065857,-0.0043876213021576405,0.6762285232543945,0.6683998107910156,-0.006603896152228117,0.6556251645088196,0.6465223431587219,-0.01010977290570736,0.6428770422935486,0.6311377286911011,-0.013342473655939102,0.6457709074020386,0.61576247215271,0.004779609385877848,0.6161424517631531,0.5906232595443726,-0.0020100907422602177,0.5987080335617065,0.574836254119873,-0.010036936961114407,0.5839512944221497,0.5611521005630493,-0.016218148171901703,0.6536767482757568,0.5935168266296387,-0.00018583444762043655,0.6204233765602112,0.5633142590522766,-0.004914299119263887,0.6008030772209167,0.5465362071990967,-0.011427156627178192,0.5846559405326843,0.5338083505630493,-0.0164687167853117,0.666949987411499,0.576465904712677,-0.006967758294194937,0.6343845129013062,0.5475588440895081,-0.011311322450637817,0.6147308945655823,0.5325489044189453,-0.014675062149763107,0.5984387397766113,0.5222435593605042,-0.01751963049173355,0.6859164834022522,0.5632622241973877,-0.014970120042562485,0.6605112552642822,0.5385692119598389,-0.018458187580108643,0.6432609558105469,0.5264295339584351,-0.018747905269265175,0.627907395362854,0.5184593200683594,-0.019025541841983795,HELLO 
0.7503752708435059,0.6612452268600464,9.25530088125015e-08,0.7153376340866089,0.670740008354187,-0.005048427265137434,0.6783379912376404,0.6590813994407654,-0.007166439667344093,0.6563974022865295,0.6338496208190918,-0.010419804602861404,0.6465691328048706,0.610282838344574,-0.013238434679806232,0.6516343355178833,0.6048417091369629,0.004909649956971407,0.6211954355239868,0.579237699508667,-0.0019175097113475204,0.6031661629676819,0.5640228986740112,-0.00985216349363327,0.5884537100791931,0.5514435768127441,-0.015849443152546883,0.6606969833374023,0.5854502320289612,0.0004296520783100277,0.6285617351531982,0.5552300810813904,-0.004678614437580109,0.6086000204086304,0.5390112996101379,-0.011280806735157967,0.5926228761672974,0.5266791582107544,-0.015987182036042213,0.6749451756477356,0.5711708068847656,-0.005912653170526028,0.6447048783302307,0.5422254204750061,-0.010421370156109333,0.6249911785125732,0.5268991589546204,-0.013388431631028652,0.6088027954101562,0.5157260894775391,-0.01576056331396103,0.6945186257362366,0.5608322620391846,-0.013554854318499565,0.6715307831764221,0.5352639555931091,-0.016831498593091965,0.6545363068580627,0.5224547386169434,-0.016612129285931587,0.6396462917327881,0.513630747795105,-0.016335034742951393,HELLO 
0.7498987913131714,0.660241961479187,1.0265372196727185e-07,0.7146214246749878,0.670012354850769,-0.004688489716500044,0.6783660054206848,0.6590064764022827,-0.007204016670584679,0.6564846634864807,0.6334075331687927,-0.011031676083803177,0.6471205949783325,0.6093751192092896,-0.014406409114599228,0.6521954536437988,0.6057667136192322,0.004450447391718626,0.6223482489585876,0.5787138342857361,-0.002629329916089773,0.6047945022583008,0.5629015564918518,-0.010493767447769642,0.5898431539535522,0.5499662160873413,-0.016575686633586884,0.6609824299812317,0.5872347354888916,-0.0003329541359562427,0.6294755935668945,0.5558423399925232,-0.005961460527032614,0.610156238079071,0.5390546917915344,-0.012330012395977974,0.5942444205284119,0.5267660617828369,-0.0169625673443079,0.6749883890151978,0.5730512142181396,-0.006995740812271833,0.6443374156951904,0.5430375337600708,-0.01199999451637268,0.6250925064086914,0.5273470282554626,-0.01496279239654541,0.6090036034584045,0.5167806148529053,-0.01738099381327629,0.69426429271698,0.5625635385513306,-0.014903436414897442,0.6718625426292419,0.5366038680076599,-0.018676303327083588,0.6555801033973694,0.5229024291038513,-0.018938656896352768,0.6410849094390869,0.513476550579071,-0.019126269966363907,HELLO 
0.7632308006286621,0.6473825573921204,9.592867655783266e-08,0.7266641855239868,0.656161904335022,-0.007346161641180515,0.6903523802757263,0.6425582766532898,-0.010807863436639309,0.6692026257514954,0.6146994829177856,-0.015163293108344078,0.6582247018814087,0.591134786605835,-0.019091863185167313,0.6681104302406311,0.5863521099090576,0.0007932490552775562,0.6382144689559937,0.556251049041748,-0.0081476466730237,0.619062602519989,0.5395811796188354,-0.01722344197332859,0.6031963229179382,0.5262657999992371,-0.023979727178812027,0.6768380999565125,0.5707067251205444,-0.003033093409612775,0.6447258591651917,0.5410678386688232,-0.01126810535788536,0.6230055689811707,0.5255557894706726,-0.019561320543289185,0.6047075986862183,0.5145733952522278,-0.02501397766172886,0.6899247765541077,0.559015691280365,-0.008803526870906353,0.6585265398025513,0.5312532186508179,-0.01637234538793564,0.6368576288223267,0.5163844227790833,-0.020941242575645447,0.6183510422706604,0.505908727645874,-0.023807482793927193,0.7085626125335693,0.5500015616416931,-0.0159462820738554,0.6856325268745422,0.5234432220458984,-0.02208772487938404,0.6686044931411743,0.5103033185005188,-0.02351677604019642,0.6532425880432129,0.5019030570983887,-0.023940585553646088,HELLO 
0.7631909847259521,0.6479367613792419,1.1482085682246179e-07,0.7280435562133789,0.6573306918144226,-0.006348485592752695,0.6921761631965637,0.6447830200195312,-0.00989323016256094,0.6712212562561035,0.6188277006149292,-0.014491677284240723,0.6614308953285217,0.5973214507102966,-0.018737860023975372,0.6688708066940308,0.5869994759559631,0.0006967511726543307,0.638906717300415,0.5580220818519592,-0.008606722578406334,0.6193622350692749,0.5410292148590088,-0.018281467258930206,0.6028189659118652,0.5279900431632996,-0.02549971081316471,0.6775104403495789,0.5708514451980591,-0.0039433869533240795,0.6452377438545227,0.5412102341651917,-0.012127424590289593,0.6231685876846313,0.5252720713615417,-0.020583026111125946,0.6045186519622803,0.5140811800956726,-0.026372024789452553,0.6909744143486023,0.5590155720710754,-0.010407893918454647,0.6594761610031128,0.5303760766983032,-0.017665497958660126,0.6381862163543701,0.5148581266403198,-0.02218298614025116,0.6204060316085815,0.5046380758285522,-0.025229020044207573,0.7101197242736816,0.550447940826416,-0.018209019675850868,0.6873718500137329,0.5241212844848633,-0.024006644263863564,0.6701139807701111,0.5111774802207947,-0.025418467819690704,0.6547719240188599,0.5028713345527649,-0.02600335329771042,HELLO 
0.7799385190010071,0.6309031844139099,8.82472193097783e-08,0.74326092004776,0.6381250619888306,-0.008316469378769398,0.7065650224685669,0.6231515407562256,-0.012358232401311398,0.6854405999183655,0.5950624942779541,-0.017244044691324234,0.675451397895813,0.5691438317298889,-0.021432245150208473,0.6870347857475281,0.5680570006370544,0.0011935945367440581,0.6568480134010315,0.5379923582077026,-0.008503547869622707,0.6383717060089111,0.5200861692428589,-0.018226422369480133,0.6229730248451233,0.5054287910461426,-0.025499587878584862,0.6946451663970947,0.5515224933624268,-0.0024461005814373493,0.6641202569007874,0.5210280418395996,-0.011046592146158218,0.643640398979187,0.5038589835166931,-0.019660709425807,0.6259578466415405,0.4908447861671448,-0.025482870638370514,0.7068600058555603,0.539812445640564,-0.008297416381537914,0.67718505859375,0.5105502605438232,-0.016241014003753662,0.6580146551132202,0.49340516328811646,-0.020669544115662575,0.641130268573761,0.48112648725509644,-0.023534517735242844,0.7249870300292969,0.5316486358642578,-0.01567278802394867,0.7040222883224487,0.5045543909072876,-0.02189960889518261,0.689055323600769,0.49154582619667053,-0.022960618138313293,0.6751335263252258,0.48358646035194397,-0.02326781116425991,HELLO 
0.77779221534729,0.6321611404418945,1.1025766610828214e-07,0.7420943379402161,0.6377159953117371,-0.005870594177395105,0.7068415880203247,0.6217923164367676,-0.008915173821151257,0.6874017119407654,0.5944215655326843,-0.013064621016383171,0.6776037812232971,0.5711504817008972,-0.016728000715374947,0.6855601668357849,0.5666119456291199,0.0026297960430383682,0.6572744250297546,0.5374969840049744,-0.006586399860680103,0.6395135521888733,0.5194434523582458,-0.01633678562939167,0.6246004104614258,0.5048392415046692,-0.0235619954764843,0.6944655776023865,0.5508321523666382,-0.0020166269969195127,0.6649491786956787,0.5198420882225037,-0.00993015430867672,0.6448162198066711,0.5027047395706177,-0.018316317349672318,0.6273236274719238,0.4899422824382782,-0.0241733118891716,0.707563579082489,0.5401935577392578,-0.008649153634905815,0.679320216178894,0.5092983841896057,-0.015710970386862755,0.6602658629417419,0.49319031834602356,-0.019969848915934563,0.6436094641685486,0.4824942350387573,-0.022897936403751373,0.7261404991149902,0.5334600806236267,-0.01663406379520893,0.7051360607147217,0.5055081844329834,-0.02229720540344715,0.6891339421272278,0.4922187626361847,-0.02355918101966381,0.6739652156829834,0.4837200939655304,-0.02414092794060707,HELLO 
0.7907934188842773,0.6198574900627136,1.1127158217050237e-07,0.7561677098274231,0.6233826875686646,-0.007309743668884039,0.721381425857544,0.608207106590271,-0.011262740939855576,0.7029163241386414,0.5817354917526245,-0.01595589704811573,0.6968318819999695,0.559038519859314,-0.02013337053358555,0.7018026113510132,0.5475190281867981,-0.00025396078126505017,0.673742413520813,0.5148765444755554,-0.009430683217942715,0.6575629711151123,0.49465954303741455,-0.01862245611846447,0.6442186832427979,0.47792288661003113,-0.025262219831347466,0.7121285796165466,0.5316280722618103,-0.0038209976628422737,0.6841164827346802,0.49746161699295044,-0.0108409458771348,0.6662423610687256,0.4767913818359375,-0.017905239015817642,0.651766300201416,0.4603910744190216,-0.022963780909776688,0.7261791825294495,0.5213633179664612,-0.009352271445095539,0.7017280459403992,0.4894194006919861,-0.015043538063764572,0.6861441731452942,0.4713442027568817,-0.017809752374887466,0.6730249524116516,0.4580688178539276,-0.01986176148056984,0.7451034784317017,0.5159245133399963,-0.016443781554698944,0.7270544171333313,0.48797500133514404,-0.020429154857993126,0.7135521769523621,0.47370249032974243,-0.020271437242627144,0.7013264894485474,0.46440157294273376,-0.019957397133111954,HELLO 
0.7910535335540771,0.6194636225700378,1.1643464858934749e-07,0.7575264573097229,0.6233586668968201,-0.006795255467295647,0.7236469388008118,0.6079209446907043,-0.010613490827381611,0.7060457468032837,0.5807153582572937,-0.015147462487220764,0.6979109644889832,0.560041069984436,-0.019239408895373344,0.7018829584121704,0.5467525124549866,-0.0004025619418825954,0.674963653087616,0.5151327252388,-0.00967184454202652,0.6588089466094971,0.4950226843357086,-0.019225476309657097,0.6450760364532471,0.4782906770706177,-0.02623557485640049,0.7128741145133972,0.5306346416473389,-0.004553020000457764,0.6854441165924072,0.4960601031780243,-0.01165560632944107,0.6671741008758545,0.4760492742061615,-0.019191758707165718,0.6514315605163574,0.46001747250556946,-0.02478688769042492,0.7277920842170715,0.5209326148033142,-0.010614382103085518,0.7037421464920044,0.48741331696510315,-0.016242768615484238,0.6873062252998352,0.4695669710636139,-0.019698450341820717,0.6729127764701843,0.4565175175666809,-0.02252919040620327,0.7473451495170593,0.5164151787757874,-0.01818166859447956,0.728951096534729,0.48859384655952454,-0.022608507424592972,0.7144405841827393,0.474621057510376,-0.023352721706032753,0.700847864151001,0.4651068449020386,-0.023824939504265785,HELLO 
0.7984943985939026,0.6133522987365723,1.6568428407026659e-07,0.7617784142494202,0.617950975894928,-0.008088530041277409,0.7268800139427185,0.5990734100341797,-0.012268994003534317,0.7135137915611267,0.5630902051925659,-0.016979236155748367,0.7150222659111023,0.5349125266075134,-0.021527938544750214,0.7102814316749573,0.5412254333496094,-0.0022207715082913637,0.6836991310119629,0.5043488144874573,-0.011311817914247513,0.6680095195770264,0.4807446002960205,-0.02037131041288376,0.655018150806427,0.46092331409454346,-0.027165867388248444,0.7221938967704773,0.521632969379425,-0.005644012708216906,0.6933040618896484,0.4822341501712799,-0.012396816164255142,0.6750219464302063,0.45831379294395447,-0.019745569676160812,0.659534215927124,0.4391055107116699,-0.025083599612116814,0.7381563186645508,0.5097928047180176,-0.010896344669163227,0.7105429768562317,0.47373342514038086,-0.016610827296972275,0.6924896240234375,0.4526202380657196,-0.020941218361258507,0.6768520474433899,0.4367271363735199,-0.024327680468559265,0.7590738534927368,0.5033928155899048,-0.017618415877223015,0.7393700480461121,0.47369152307510376,-0.022451253607869148,0.7241896390914917,0.4573599100112915,-0.023693423718214035,0.7101485133171082,0.44529396295547485,-0.024483416229486465,HELLO 
0.8000659942626953,0.6131808161735535,1.5352969739979017e-07,0.7634075880050659,0.618294358253479,-0.0073715816251933575,0.727762758731842,0.5992316603660583,-0.010729278437793255,0.7117796540260315,0.5650476813316345,-0.014860994182527065,0.7118226289749146,0.5387586951255798,-0.018642062321305275,0.7110541462898254,0.5407918691635132,-0.00011050250031985343,0.6840429306030273,0.504993200302124,-0.008286832831799984,0.66838538646698,0.48190274834632874,-0.016929030418395996,0.6553264856338501,0.46225765347480774,-0.023610416799783707,0.7221981883049011,0.5218195915222168,-0.003752876305952668,0.6928112506866455,0.48324522376060486,-0.009908152744174004,0.6745365262031555,0.45989900827407837,-0.01697792299091816,0.659095048904419,0.4411606788635254,-0.022181987762451172,0.7382623553276062,0.5096950531005859,-0.009268700145184994,0.7095836400985718,0.47396790981292725,-0.014564229175448418,0.6913784146308899,0.4530121088027954,-0.018633710220456123,0.6758754849433899,0.43759122490882874,-0.021875811740756035,0.7595052123069763,0.503113329410553,-0.016241248697042465,0.7393134832382202,0.4741044044494629,-0.020570863038301468,0.7238408923149109,0.45784640312194824,-0.021710196509957314,0.7099695205688477,0.44585132598876953,-0.0225323885679245,HELLO 
0.8037761449813843,0.6146207451820374,1.6255732759873354e-07,0.766072154045105,0.6169471144676208,-0.007593100890517235,0.729652464389801,0.5956404805183411,-0.01096597220748663,0.7142723202705383,0.560602605342865,-0.014990636147558689,0.7149540781974792,0.532866895198822,-0.01862078160047531,0.715126097202301,0.5372999310493469,-0.00031796470284461975,0.6874927282333374,0.5003930926322937,-0.008849084377288818,0.6713317036628723,0.47694265842437744,-0.017687039449810982,0.6580676436424255,0.456664502620697,-0.02443256787955761,0.7269697189331055,0.518524169921875,-0.00403093034401536,0.6965942978858948,0.4783564507961273,-0.010289589874446392,0.6776200532913208,0.45343032479286194,-0.017590468749403954,0.661493182182312,0.4325646162033081,-0.022977406159043312,0.743507981300354,0.5066952109336853,-0.009654895402491093,0.7145563364028931,0.46854349970817566,-0.015238271094858646,0.6958836317062378,0.4455238878726959,-0.01982739008963108,0.6795920133590698,0.4278410077095032,-0.023443356156349182,0.7654396891593933,0.5005930662155151,-0.01672450825572014,0.745313286781311,0.46952325105667114,-0.021326662972569466,0.7300843000411987,0.4517959654331207,-0.02268568053841591,0.7160855531692505,0.43831872940063477,-0.023680366575717926,HELLO 
0.8049800395965576,0.6136578321456909,1.512975984496734e-07,0.7676075100898743,0.6170443296432495,-0.00792776234447956,0.7308358550071716,0.5957772731781006,-0.011296219192445278,0.7140445709228516,0.5604685544967651,-0.015088556334376335,0.7131826877593994,0.5329557061195374,-0.018280470743775368,0.7149657607078552,0.5360144376754761,-0.0005496739177033305,0.6874450445175171,0.4985143542289734,-0.00809265673160553,0.6716418266296387,0.4754113256931305,-0.016136031597852707,0.6582538485527039,0.4555460810661316,-0.022528093308210373,0.7269794940948486,0.5164504647254944,-0.00380503642372787,0.6966371536254883,0.4756668210029602,-0.008996271528303623,0.6780623197555542,0.451217383146286,-0.015424336306750774,0.6621991395950317,0.4313774108886719,-0.020487068220973015,0.7437965273857117,0.5045033693313599,-0.008958809077739716,0.7142760753631592,0.4660840928554535,-0.013586924411356449,0.6962798237800598,0.44355183839797974,-0.0175467599183321,0.6805742979049683,0.42683228850364685,-0.02103937417268753,0.7656713724136353,0.4985782206058502,-0.015615010634064674,0.7452152371406555,0.46844178438186646,-0.01961665228009224,0.729863166809082,0.4512295722961426,-0.02093118615448475,0.7157096862792969,0.43808063864707947,-0.022083770483732224,HELLO 
0.8073670864105225,0.6157729625701904,1.6348838016710943e-07,0.7696053981781006,0.6190184354782104,-0.010703998617827892,0.732869029045105,0.6002256870269775,-0.016334518790245056,0.7165413498878479,0.563668429851532,-0.02197013981640339,0.7149784564971924,0.5322126150131226,-0.02686980552971363,0.7161844968795776,0.5386973023414612,-0.003635882632806897,0.6878352165222168,0.5015159249305725,-0.012865432538092136,0.67206871509552,0.4782142639160156,-0.022246358916163445,0.6585921049118042,0.4577191174030304,-0.02944551780819893,0.7280561327934265,0.5181209444999695,-0.006031419150531292,0.6968886256217957,0.4770960211753845,-0.012343833222985268,0.678239107131958,0.45208874344825745,-0.019469819962978363,0.662135124206543,0.43195241689682007,-0.025027308613061905,0.7447327971458435,0.5056846737861633,-0.010582986287772655,0.7151561379432678,0.4677003026008606,-0.015943381935358047,0.6967831254005432,0.44498008489608765,-0.020010201260447502,0.6808409094810486,0.4283815324306488,-0.023543892428278923,0.7667368054389954,0.4994249939918518,-0.016889913007616997,0.7459961771965027,0.46957167983055115,-0.021306367591023445,0.7307984828948975,0.45298251509666443,-0.022457996383309364,0.717110276222229,0.4410036504268646,-0.02341293916106224,HELLO 
0.8075973987579346,0.6163634657859802,1.6107485123484366e-07,0.7705044746398926,0.6189730763435364,-0.009811092168092728,0.7337852120399475,0.6009978652000427,-0.015239601023495197,0.7173412442207336,0.566201388835907,-0.020854827016592026,0.7158119678497314,0.5366410613059998,-0.02577943541109562,0.7158040404319763,0.53774493932724,-0.003089417703449726,0.6877555847167969,0.5009281635284424,-0.012115861289203167,0.6720144152641296,0.47787559032440186,-0.02143467776477337,0.658577024936676,0.45750942826271057,-0.02864919789135456,0.7277848720550537,0.5178637504577637,-0.006094826385378838,0.6965804100036621,0.4771159291267395,-0.01222902536392212,0.6779518127441406,0.4523477256298065,-0.019254453480243683,0.661924421787262,0.43217307329177856,-0.02478320337831974,0.7446900010108948,0.5059069991111755,-0.011179002933204174,0.7149294018745422,0.4675425887107849,-0.016375727951526642,0.6967528462409973,0.4447794556617737,-0.020268213003873825,0.6809666752815247,0.42811858654022217,-0.023725280538201332,0.7671175599098206,0.5001053214073181,-0.017980065196752548,0.7462999820709229,0.4701307415962219,-0.022234728559851646,0.7310387492179871,0.45357421040534973,-0.023208927363157272,0.7171977162361145,0.44155263900756836,-0.024084672331809998,HELLO 
0.8055750131607056,0.6214566230773926,1.3989034641781473e-07,0.7690486907958984,0.6260468363761902,-0.009361554868519306,0.7323960661888123,0.6073340773582458,-0.013970740139484406,0.7162078619003296,0.5715845823287964,-0.018948808312416077,0.7146346569061279,0.5427955389022827,-0.023386094719171524,0.7141849398612976,0.5438827872276306,-0.002134137786924839,0.6861092448234558,0.508403480052948,-0.010894356295466423,0.6706005930900574,0.4857410192489624,-0.020038094371557236,0.6573615670204163,0.46545618772506714,-0.027301542460918427,0.7251594662666321,0.5231854915618896,-0.00529451435431838,0.6948732733726501,0.4835039973258972,-0.011697549372911453,0.676515519618988,0.45915132761001587,-0.01900789514183998,0.6605538129806519,0.43911242485046387,-0.02483990229666233,0.7415657043457031,0.5108258128166199,-0.010567216202616692,0.7127454280853271,0.4738730788230896,-0.016446653753519058,0.6944549083709717,0.45163896679878235,-0.021258102729916573,0.6781836748123169,0.43496817350387573,-0.025413181632757187,0.7640717029571533,0.5048439502716064,-0.01746518537402153,0.7446346282958984,0.47477805614471436,-0.022678088396787643,0.7292129397392273,0.45774924755096436,-0.024836381897330284,0.7147803902626038,0.4453018605709076,-0.026647940278053284,HELLO 
0.8050817251205444,0.6207628846168518,1.519871233313097e-07,0.7692700028419495,0.625275731086731,-0.009794184006750584,0.733330488204956,0.6078660488128662,-0.014956353232264519,0.7167295813560486,0.5736542344093323,-0.020346127450466156,0.7151508927345276,0.5443910956382751,-0.025116749107837677,0.713654100894928,0.5432052612304688,-0.002985008293762803,0.686376690864563,0.5070855617523193,-0.012171306647360325,0.6708588600158691,0.4838787615299225,-0.02168363519012928,0.6576849818229675,0.46326133608818054,-0.029186926782131195,0.7252151966094971,0.5229074954986572,-0.006080117076635361,0.6950101852416992,0.48314177989959717,-0.012947269715368748,0.6766946911811829,0.45888829231262207,-0.020652012899518013,0.660577654838562,0.4388384222984314,-0.0266924649477005,0.7419558167457581,0.5108923316001892,-0.011262494139373302,0.7134649753570557,0.47380581498146057,-0.01745433360338211,0.6950806975364685,0.45205727219581604,-0.022277768701314926,0.6785352230072021,0.4359632134437561,-0.026367271319031715,0.7644320726394653,0.5052662491798401,-0.018092887476086617,0.7450180649757385,0.47548165917396545,-0.02350190468132496,0.7295624613761902,0.458979994058609,-0.025628771632909775,0.7149320244789124,0.44680869579315186,-0.02734139934182167,HELLO 
0.8023194074630737,0.6258124113082886,1.4438104756209214e-07,0.7655515670776367,0.6303755044937134,-0.009535104967653751,0.7287251353263855,0.611730694770813,-0.014651522040367126,0.7127947807312012,0.5753490328788757,-0.020142298191785812,0.7154919505119324,0.5451598763465881,-0.025277964770793915,0.7127696871757507,0.5485875010490417,-0.0037234139163047075,0.6838440299034119,0.5118703246116638,-0.01268676482141018,0.6678218841552734,0.4893343150615692,-0.021696358919143677,0.6541474461555481,0.4694899320602417,-0.028899893164634705,0.7244390249252319,0.5282033681869507,-0.007004306651651859,0.693422257900238,0.48779383301734924,-0.013822818174958229,0.674750804901123,0.4634958803653717,-0.021334223449230194,0.6582404375076294,0.4437069892883301,-0.027253389358520508,0.7411625385284424,0.5156925916671753,-0.012251915410161018,0.7114986181259155,0.47783544659614563,-0.018341204151511192,0.6934365630149841,0.4552812874317169,-0.023254428058862686,0.6773329377174377,0.4385354518890381,-0.027421295642852783,0.7633093595504761,0.5093067288398743,-0.01908736675977707,0.7425267100334167,0.4791015684604645,-0.02439979650080204,0.7269076108932495,0.4618421792984009,-0.026658302173018456,0.712479829788208,0.4491550922393799,-0.028535034507513046,HELLO 
0.8031350374221802,0.6250448226928711,1.5479233184123586e-07,0.7666899561882019,0.6301277279853821,-0.01048824843019247,0.7294514775276184,0.6119438409805298,-0.01596822775900364,0.7129859924316406,0.5751872062683105,-0.021618198603391647,0.7164828777313232,0.5448163747787476,-0.02669229544699192,0.7124049067497253,0.5491669774055481,-0.0035738435108214617,0.6840044856071472,0.5125300884246826,-0.012611760757863522,0.6681198477745056,0.489712119102478,-0.021762128919363022,0.6548596024513245,0.469553679227829,-0.029022254049777985,0.7240910530090332,0.5282416343688965,-0.006370242219418287,0.6926875114440918,0.4878008961677551,-0.013131849467754364,0.6739582419395447,0.46337080001831055,-0.02050629071891308,0.6576432585716248,0.4434337019920349,-0.026226598769426346,0.7407863736152649,0.5153596997261047,-0.011287558823823929,0.7108520865440369,0.47687506675720215,-0.01727662980556488,0.6926547288894653,0.45435240864753723,-0.021947648376226425,0.6766108274459839,0.43763792514801025,-0.02585100382566452,0.7628727555274963,0.5087913274765015,-0.017918292433023453,0.7418333888053894,0.47864893078804016,-0.02293851599097252,0.7262123823165894,0.46136218309402466,-0.02482549101114273,0.7120003700256348,0.4484740197658539,-0.026399625465273857,HELLO 
0.8043045997619629,0.6271336078643799,1.4200243469986162e-07,0.7681009769439697,0.6313747763633728,-0.009760396555066109,0.7315787076950073,0.6128720045089722,-0.014565193094313145,0.712883710861206,0.5782413482666016,-0.019710933789610863,0.7117100954055786,0.5493652820587158,-0.024275939911603928,0.7137725353240967,0.5491420030593872,-0.0015962059842422605,0.6853874921798706,0.5126792788505554,-0.010515636764466763,0.6690422296524048,0.4898967742919922,-0.01983521692454815,0.6551674604415894,0.46949753165245056,-0.027190696448087692,0.7252604961395264,0.5292468070983887,-0.004696196410804987,0.6939460635185242,0.4893916845321655,-0.011386060155928135,0.6748547554016113,0.46474558115005493,-0.018938710913062096,0.6581223011016846,0.44406357407569885,-0.02476627752184868,0.7418944239616394,0.5170459151268005,-0.009971145540475845,0.7119860649108887,0.4793468117713928,-0.015962088480591774,0.6939405202865601,0.45665138959884644,-0.020374447107315063,0.6779282093048096,0.4393463730812073,-0.02403879165649414,0.7642908096313477,0.510745108127594,-0.016955848783254623,0.7429649829864502,0.48077863454818726,-0.02191738225519657,0.7273341417312622,0.46348679065704346,-0.02358439192175865,0.7127742767333984,0.4501957893371582,-0.024940837174654007,HELLO 
0.8043713569641113,0.6272237300872803,1.4306573348221718e-07,0.7680975794792175,0.6306678652763367,-0.009593534283339977,0.7322744727134705,0.6122350692749023,-0.014634322375059128,0.7140865921974182,0.5784991383552551,-0.020047709345817566,0.7109716534614563,0.5499405860900879,-0.024916231632232666,0.7137135863304138,0.5495578646659851,-0.00218808907084167,0.6855155229568481,0.5128811001777649,-0.011482758447527885,0.669432520866394,0.49005600810050964,-0.020988499745726585,0.6556296348571777,0.46961861848831177,-0.028459349647164345,0.7252554893493652,0.5294610857963562,-0.005542759783565998,0.6940061450004578,0.48924511671066284,-0.012652073055505753,0.6750301122665405,0.4647510051727295,-0.020495275035500526,0.6583348512649536,0.44411391019821167,-0.02656126394867897,0.7419191598892212,0.5171003937721252,-0.011024334467947483,0.7118391990661621,0.4784815311431885,-0.017459135502576828,0.6937270760536194,0.45585042238235474,-0.02211625687777996,0.6774187684059143,0.43852686882019043,-0.025983106344938278,0.7643042206764221,0.5105108618736267,-0.018147584050893784,0.7429029941558838,0.4801059365272522,-0.023617524653673172,0.7272218465805054,0.46290794014930725,-0.025491420179605484,0.7123511433601379,0.4497586786746979,-0.026984987780451775,HELLO 
0.8060135245323181,0.626996636390686,1.4791996250096417e-07,0.7690563797950745,0.6299257278442383,-0.010182208381593227,0.7339218854904175,0.6118959188461304,-0.015843607485294342,0.7176176309585571,0.5785928964614868,-0.021760456264019012,0.7132190465927124,0.5509613156318665,-0.02706928737461567,0.7145793437957764,0.5482384562492371,-0.0026393397711217403,0.6869697570800781,0.512299120426178,-0.012274099513888359,0.671103835105896,0.4897250533103943,-0.022232308983802795,0.6572681665420532,0.46942174434661865,-0.02990519441664219,0.7265790700912476,0.5285280346870422,-0.00583095196634531,0.6961790919303894,0.4886311888694763,-0.013059199787676334,0.6774939298629761,0.46434253454208374,-0.021132126450538635,0.6606729626655579,0.44370007514953613,-0.02736571431159973,0.7433334589004517,0.5164518356323242,-0.011231604963541031,0.714677631855011,0.4787873327732086,-0.017534567043185234,0.6965702176094055,0.4563463032245636,-0.02219119668006897,0.6801179647445679,0.43890851736068726,-0.02606179192662239,0.765726625919342,0.5102126598358154,-0.018368951976299286,0.7447068095207214,0.47991347312927246,-0.023579712957143784,0.7290950417518616,0.4626263380050659,-0.025164950639009476,0.7142148017883301,0.44899940490722656,-0.026438690721988678,HELLO 
0.805890679359436,0.6271376609802246,1.5488045335132483e-07,0.768893301486969,0.6302990913391113,-0.010353436693549156,0.7341928482055664,0.6117157340049744,-0.016084035858511925,0.7176229357719421,0.5777159333229065,-0.02198110520839691,0.7130409479141235,0.5507180690765381,-0.02731296792626381,0.7144206166267395,0.5488288402557373,-0.003311723005026579,0.6868771314620972,0.5124151706695557,-0.012997230514883995,0.6711792945861816,0.48973268270492554,-0.022978125140070915,0.6573907732963562,0.4692879021167755,-0.030701113864779472,0.7267085313796997,0.5285743474960327,-0.006386627443134785,0.696067750453949,0.4883463978767395,-0.013547388836741447,0.677167534828186,0.4641798734664917,-0.021606849506497383,0.6602146029472351,0.4439343512058258,-0.027907785028219223,0.7437796592712402,0.5162428021430969,-0.011615468189120293,0.7148598432540894,0.47807177901268005,-0.017865069210529327,0.6965655088424683,0.4555942416191101,-0.02253519743680954,0.679948091506958,0.43843796849250793,-0.026499712839722633,0.7663812637329102,0.5099344849586487,-0.018557598814368248,0.7453341484069824,0.4794361889362335,-0.0238089170306921,0.7298703193664551,0.46219754219055176,-0.025421639904379845,0.7151983380317688,0.4489377737045288,-0.02673393115401268,HELLO 
0.8081339597702026,0.6265571713447571,1.4967524464282178e-07,0.7709488272666931,0.6301268935203552,-0.008951609954237938,0.7363057732582092,0.6109836101531982,-0.01343129388988018,0.7198719382286072,0.5777943134307861,-0.018298881128430367,0.7134767174720764,0.5532721877098083,-0.022543800994753838,0.7160375118255615,0.5494167804718018,-0.0011861103121191263,0.6887319684028625,0.5121702551841736,-0.009699229151010513,0.672973096370697,0.4893157184123993,-0.018691284582018852,0.6592346429824829,0.46945279836654663,-0.025616997852921486,0.7280899882316589,0.5291177034378052,-0.004581123124808073,0.6975305676460266,0.48837754130363464,-0.010667900554835796,0.6786683201789856,0.46368181705474854,-0.01810969039797783,0.662071168422699,0.44322532415390015,-0.023840541020035744,0.744983434677124,0.5166653990745544,-0.0100254463031888,0.71573805809021,0.4787691533565521,-0.015361398458480835,0.697502076625824,0.4563075602054596,-0.019710751250386238,0.681258499622345,0.43921294808387756,-0.023363014683127403,0.7674615979194641,0.5101168751716614,-0.017069194465875626,0.7463626265525818,0.47995373606681824,-0.021373201161623,0.7309263348579407,0.4629282057285309,-0.02240852080285549,0.7168337106704712,0.44992509484291077,-0.023237906396389008,HELLO 
0.8072575330734253,0.6279363632202148,1.5832692668027448e-07,0.7695345282554626,0.6308898329734802,-0.008850368671119213,0.7351008057594299,0.6110260486602783,-0.013488098047673702,0.7194581627845764,0.5773141980171204,-0.018597377464175224,0.7148568034172058,0.5517001748085022,-0.023141171783208847,0.7156797647476196,0.5497254729270935,-0.00101064785849303,0.6886916756629944,0.5126050710678101,-0.009629328735172749,0.6730657815933228,0.48993322253227234,-0.018793350085616112,0.6593199968338013,0.4700601100921631,-0.02592054195702076,0.7277113199234009,0.5291104912757874,-0.0045369770377874374,0.6974425315856934,0.4881911277770996,-0.010675051249563694,0.6787047386169434,0.4635796546936035,-0.018169144168496132,0.6620742678642273,0.4432561695575714,-0.023993996903300285,0.7446756362915039,0.5163712501525879,-0.01013453584164381,0.7154548168182373,0.478132963180542,-0.015476968139410019,0.6974393129348755,0.45569825172424316,-0.019795313477516174,0.6812255382537842,0.43880462646484375,-0.02347302809357643,0.7671356201171875,0.5096374750137329,-0.017344478517770767,0.7460334300994873,0.47916752099990845,-0.021659111604094505,0.7306081056594849,0.4622405767440796,-0.0227208249270916,0.7163823246955872,0.44966262578964233,-0.02362595498561859,HELLO 
0.8087906241416931,0.6284580826759338,1.4338297660287935e-07,0.7706292867660522,0.6314090490341187,-0.008140907622873783,0.7360934615135193,0.6111676692962646,-0.012114920653402805,0.7211279273033142,0.5775325298309326,-0.016708344221115112,0.7164702415466309,0.5536278486251831,-0.020973507314920425,0.7183466553688049,0.5494498610496521,-0.0005143827293068171,0.6909329295158386,0.5129985809326172,-0.009243033826351166,0.6751863956451416,0.4899884760379791,-0.018564224243164062,0.6615379452705383,0.4693809449672699,-0.02579835243523121,0.7308006286621094,0.5299279689788818,-0.00445778202265501,0.7003910541534424,0.4893782436847687,-0.011007383465766907,0.6814442873001099,0.4645179510116577,-0.01908639632165432,0.6644951701164246,0.4431632161140442,-0.02534724585711956,0.7478805184364319,0.5179864764213562,-0.010409833863377571,0.7190503478050232,0.4797568619251251,-0.01637285389006138,0.7005755305290222,0.45711976289749146,-0.02137443795800209,0.6840237379074097,0.43921875953674316,-0.025463497266173363,0.7702623605728149,0.5118106603622437,-0.01787548139691353,0.7491730451583862,0.4812142848968506,-0.022725174203515053,0.7336924076080322,0.4636315405368805,-0.024224169552326202,0.7193262577056885,0.4494173526763916,-0.025475649163126945,HELLO 
0.8086395263671875,0.6281295418739319,1.5918418228011433e-07,0.7707767486572266,0.631489634513855,-0.008918583393096924,0.7360873222351074,0.6115278601646423,-0.0133369667455554,0.7212913632392883,0.5770648717880249,-0.018132127821445465,0.7168619632720947,0.5520732998847961,-0.022451018914580345,0.7174923419952393,0.5503267645835876,-0.0017704064957797527,0.6901475191116333,0.5128529667854309,-0.010437291115522385,0.674721360206604,0.48965680599212646,-0.01954103447496891,0.6612206697463989,0.46902066469192505,-0.026669999584555626,0.7300196886062622,0.5300541520118713,-0.005208461079746485,0.6995866298675537,0.48889049887657166,-0.011470177210867405,0.6810715198516846,0.46422573924064636,-0.019145548343658447,0.6646009087562561,0.44358500838279724,-0.025156550109386444,0.7472812533378601,0.5178258419036865,-0.010661683976650238,0.7180030941963196,0.47897541522979736,-0.016286199912428856,0.6998288035392761,0.4561738967895508,-0.021097753196954727,0.6834970116615295,0.4385990798473358,-0.025152772665023804,0.769727349281311,0.5115372538566589,-0.017677150666713715,0.7487130761146545,0.48080581426620483,-0.02255694940686226,0.7332296967506409,0.4632714092731476,-0.024241076782345772,0.7188209891319275,0.4494346082210541,-0.02561374008655548,HELLO 
0.8113530874252319,0.6295620799064636,1.4033030026894266e-07,0.7737564444541931,0.633640468120575,-0.008408511988818645,0.737798273563385,0.6146418452262878,-0.013047986663877964,0.7232115268707275,0.5801020264625549,-0.018300961703062057,0.7226645350456238,0.5531467199325562,-0.02340392954647541,0.7209790945053101,0.5529022812843323,-0.0028483502101153135,0.6931082010269165,0.515480101108551,-0.012202844955027103,0.6770198345184326,0.49200379848480225,-0.021651864051818848,0.6632408499717712,0.47145432233810425,-0.029025793075561523,0.7328892350196838,0.5321758985519409,-0.007001744117587805,0.7019550204277039,0.490619957447052,-0.014230161905288696,0.6829342842102051,0.4654277265071869,-0.02225952409207821,0.666143536567688,0.44437891244888306,-0.028402170166373253,0.7496843934059143,0.5194294452667236,-0.013042446225881577,0.7198691368103027,0.4798611104488373,-0.01952964998781681,0.7015921473503113,0.4567234218120575,-0.024630125612020493,0.6853327751159668,0.4387563467025757,-0.0287651214748621,0.7720616459846497,0.5130881667137146,-0.020560329779982567,0.750445544719696,0.48160266876220703,-0.026078494265675545,0.7345392107963562,0.4633854925632477,-0.027944261208176613,0.719745934009552,0.4490468204021454,-0.029421741142868996,HELLO 
0.8116496205329895,0.6291288137435913,1.5529045072071312e-07,0.7743937373161316,0.6335510015487671,-0.008915348909795284,0.7382679581642151,0.6152676939964294,-0.013921728357672691,0.7235947847366333,0.5810724496841431,-0.019381090998649597,0.722734808921814,0.5538787245750427,-0.02454598806798458,0.7204005122184753,0.5526567697525024,-0.00353065668605268,0.692449688911438,0.5146973729133606,-0.012900100089609623,0.6766501069068909,0.4911273419857025,-0.022318318486213684,0.6630233526229858,0.47032099962234497,-0.029687298461794853,0.7323893904685974,0.5319105386734009,-0.007353659253567457,0.7012825608253479,0.4903966784477234,-0.014331921003758907,0.6826322078704834,0.4654228091239929,-0.02205430343747139,0.6661884784698486,0.4445149302482605,-0.02807082049548626,0.7492956519126892,0.5191707611083984,-0.013115419074892998,0.7191300392150879,0.47926557064056396,-0.019310835748910904,0.7010107636451721,0.45594272017478943,-0.024209970608353615,0.6848251819610596,0.4379463791847229,-0.028311267495155334,0.7716770172119141,0.5127454996109009,-0.020416051149368286,0.7498181462287903,0.48127007484436035,-0.02586105465888977,0.7338667511940002,0.46322011947631836,-0.02777126245200634,0.7189706563949585,0.4490695297718048,-0.02931705117225647,HELLO 
0.8145829439163208,0.6312863230705261,1.487664462729299e-07,0.7773367762565613,0.6361726522445679,-0.010336631909012794,0.7407668232917786,0.6171727776527405,-0.015933817252516747,0.7245001196861267,0.5822063684463501,-0.02179160714149475,0.7221026420593262,0.5537917017936707,-0.027303429320454597,0.723242998123169,0.5533772706985474,-0.0038543036207556725,0.6947015523910522,0.5162872076034546,-0.013830005191266537,0.6781741380691528,0.4928387403488159,-0.023747511208057404,0.6642787456512451,0.4719723165035248,-0.031393297016620636,0.734921395778656,0.5331918001174927,-0.007253753487020731,0.70345139503479,0.4921018183231354,-0.015148223377764225,0.6839803457260132,0.4670606553554535,-0.023633917793631554,0.6669562458992004,0.44592854380607605,-0.03007502481341362,0.7515510320663452,0.5208741426467896,-0.012783894315361977,0.7219930291175842,0.48114678263664246,-0.019995981827378273,0.7032683491706848,0.45767271518707275,-0.02550058811903,0.6866422891616821,0.4393807053565979,-0.029827777296304703,0.7738260626792908,0.5147592425346375,-0.019954226911067963,0.7523727416992188,0.4827863872051239,-0.026075836271047592,0.7363852858543396,0.46420055627822876,-0.028388818725943565,0.7214089035987854,0.4497382640838623,-0.030134214088320732,HELLO 
0.813971996307373,0.6324830055236816,1.5778330464399914e-07,0.7765649557113647,0.6364349126815796,-0.010203858837485313,0.7403121590614319,0.6164751648902893,-0.015956806018948555,0.7234717011451721,0.5809134244918823,-0.02197207696735859,0.721156120300293,0.5511872172355652,-0.02755051665008068,0.7224075794219971,0.553611159324646,-0.003981826361268759,0.6941083073616028,0.5161201357841492,-0.014028594829142094,0.6779546737670898,0.4926546514034271,-0.023930469527840614,0.664176881313324,0.47149282693862915,-0.03163678199052811,0.7343722581863403,0.5332214832305908,-0.0074620055966079235,0.7031273245811462,0.4916638433933258,-0.015203219838440418,0.684128999710083,0.46654781699180603,-0.023332199081778526,0.6674296259880066,0.445295512676239,-0.02964945137500763,0.7513904571533203,0.5209187865257263,-0.013070252723991871,0.721439778804779,0.4804667830467224,-0.020101454108953476,0.7030391693115234,0.4570155739784241,-0.025070838630199432,0.6864861249923706,0.4386451840400696,-0.02917659468948841,0.7739226222038269,0.5147902369499207,-0.020326169207692146,0.7521865367889404,0.48292145133018494,-0.02646835707128048,0.7361485958099365,0.4644101858139038,-0.028669321909546852,0.7209521532058716,0.44984695315361023,-0.030397996306419373,HELLO 
0.8150628805160522,0.6334552764892578,1.6981708483854163e-07,0.7769938707351685,0.6383360624313354,-0.0114964684471488,0.7400287985801697,0.6191694736480713,-0.01725587248802185,0.7232385873794556,0.5824862122535706,-0.02309723198413849,0.7227802276611328,0.5518704056739807,-0.028463289141654968,0.7230393290519714,0.556275486946106,-0.0041864123195409775,0.6946676969528198,0.5180116295814514,-0.01407508086413145,0.6783580780029297,0.49405163526535034,-0.023905137553811073,0.6642506122589111,0.4725983142852783,-0.03154205158352852,0.7349622845649719,0.5346997976303101,-0.006812138948589563,0.7037366628646851,0.4924957752227783,-0.014371844939887524,0.684413492679596,0.46697649359703064,-0.022577745839953423,0.6671137809753418,0.4456711709499359,-0.028828488662838936,0.7519410848617554,0.5215495824813843,-0.011695316061377525,0.7224277257919312,0.4820197820663452,-0.018450355157256126,0.7037774324417114,0.458679735660553,-0.023668847978115082,0.686871349811554,0.44085943698883057,-0.027831654995679855,0.7742357850074768,0.5146275758743286,-0.018368585035204887,0.7530746459960938,0.4827039837837219,-0.023932194337248802,0.7372713088989258,0.4643977880477905,-0.02598997950553894,0.7224579453468323,0.4502168893814087,-0.02758781984448433,HELLO 
0.8150323033332825,0.6333744525909424,1.7298104637575307e-07,0.7770912647247314,0.637799084186554,-0.011037454009056091,0.7399235367774963,0.6186922192573547,-0.016842477023601532,0.7232205271720886,0.5822753310203552,-0.02283427305519581,0.7236900925636292,0.5513700842857361,-0.028401648625731468,0.7228379249572754,0.5564812421798706,-0.004372709430754185,0.6943464279174805,0.5178437829017639,-0.01436827052384615,0.6779532432556152,0.49373888969421387,-0.02422330714762211,0.663762092590332,0.472166508436203,-0.031965672969818115,0.7347113490104675,0.5352634787559509,-0.00734952837228775,0.7030365467071533,0.49281609058380127,-0.015096819959580898,0.68376624584198,0.4671335220336914,-0.023342618718743324,0.6665410995483398,0.44569477438926697,-0.02970009110867977,0.7517107725143433,0.5223495364189148,-0.012528247199952602,0.721510112285614,0.48187410831451416,-0.019585926085710526,0.7029262781143188,0.45795899629592896,-0.02503356710076332,0.6859984397888184,0.4397803843021393,-0.029410097748041153,0.7740793824195862,0.515402615070343,-0.019419660791754723,0.7527616024017334,0.48301923274993896,-0.02546551451086998,0.7366216778755188,0.46443575620651245,-0.027933085337281227,0.7213048934936523,0.450059711933136,-0.029885223135352135,HELLO 
0.8140004873275757,0.6350533962249756,1.702779144352462e-07,0.7764407992362976,0.6400989294052124,-0.010636175982654095,0.7394332885742188,0.6204387545585632,-0.016141535714268684,0.7231284379959106,0.5839943885803223,-0.021836722269654274,0.7242330312728882,0.5535362958908081,-0.02709781564772129,0.7216005921363831,0.5574659109115601,-0.0041982498951256275,0.6930585503578186,0.5191614031791687,-0.013809666968882084,0.6768012046813965,0.49513980746269226,-0.023417992517352104,0.662779688835144,0.4737769067287445,-0.03097747266292572,0.7335146069526672,0.5357553958892822,-0.0071462104097008705,0.7021629810333252,0.4934813380241394,-0.014298402704298496,0.6831666827201843,0.46802839636802673,-0.02210135944187641,0.6662504076957703,0.4467892050743103,-0.028156660497188568,0.7506812810897827,0.5223848819732666,-0.012214699760079384,0.7207809090614319,0.4825398921966553,-0.018533779308199883,0.7023690938949585,0.4594089686870575,-0.02348744310438633,0.6857031583786011,0.4419068992137909,-0.02761233225464821,0.773266613483429,0.5153466463088989,-0.01901187002658844,0.7522616386413574,0.4832504391670227,-0.024306664243340492,0.7365206480026245,0.4654276967048645,-0.026278557255864143,0.7216351628303528,0.45196786522865295,-0.02790425345301628,HELLO 
0.8144338130950928,0.6350014805793762,1.6508133171555528e-07,0.7774381041526794,0.6398583054542542,-0.011121144518256187,0.7401692271232605,0.6206705570220947,-0.016835277900099754,0.7234597206115723,0.5843496918678284,-0.022674862295389175,0.7244586944580078,0.553445041179657,-0.02802976407110691,0.7222532629966736,0.5573163628578186,-0.004458255134522915,0.6935169100761414,0.5193819403648376,-0.01429751142859459,0.6770817637443542,0.49548831582069397,-0.02402852289378643,0.6630637645721436,0.4741843044757843,-0.0316687636077404,0.7339731454849243,0.535768449306488,-0.007250029128044844,0.7022655606269836,0.4936884641647339,-0.01476355642080307,0.6831745505332947,0.46830588579177856,-0.02269996702671051,0.6662089824676514,0.44702205061912537,-0.028804736211895943,0.750917911529541,0.522570788860321,-0.012233871035277843,0.7208155393600464,0.48270589113235474,-0.019004836678504944,0.702334463596344,0.459566593170166,-0.02410193346440792,0.6856854557991028,0.4419513940811157,-0.028250856325030327,0.7734248638153076,0.5156586766242981,-0.01898292265832424,0.752454936504364,0.4835791289806366,-0.024654870852828026,0.7366450428962708,0.4655248522758484,-0.02684551291167736,0.721674919128418,0.45168015360832214,-0.028610607609152794,HELLO 
0.8139946460723877,0.6355724930763245,1.5358895666395256e-07,0.7766434550285339,0.6404808163642883,-0.010381308384239674,0.7403455376625061,0.6223871111869812,-0.015924451872706413,0.7240936756134033,0.5872648358345032,-0.021629471331834793,0.7214688658714294,0.5581455230712891,-0.026812316849827766,0.720416784286499,0.5581651329994202,-0.0038453435990959406,0.6915754079818726,0.5208452939987183,-0.013200108893215656,0.6752151846885681,0.4977038502693176,-0.02268454246222973,0.6608791947364807,0.47743290662765503,-0.03013264574110508,0.7325302362442017,0.5366867184638977,-0.006949360948055983,0.7012625336647034,0.4952091872692108,-0.013793792575597763,0.6824806332588196,0.4707837700843811,-0.021549632772803307,0.6656596064567566,0.4507824778556824,-0.027633776888251305,0.749794602394104,0.5234962701797485,-0.012162676081061363,0.7200873494148254,0.4845570921897888,-0.018284454941749573,0.7016780376434326,0.4620547890663147,-0.02303408645093441,0.6848507523536682,0.4450739026069641,-0.0270675141364336,0.7726300954818726,0.5164539813995361,-0.019057076424360275,0.7514349818229675,0.48445022106170654,-0.024385718628764153,0.7359290719032288,0.4666551351547241,-0.026154793798923492,0.7212854027748108,0.45325779914855957,-0.027578230947256088,HELLO 
0.8139944076538086,0.635505735874176,1.56608862766916e-07,0.7766237854957581,0.6398643255233765,-0.010552691295742989,0.7404319047927856,0.6221433281898499,-0.016352709382772446,0.7236396670341492,0.5874439477920532,-0.02233291231095791,0.7213147282600403,0.5574600100517273,-0.027752792462706566,0.7204157114028931,0.5581029057502747,-0.0037360035348683596,0.6918448209762573,0.5211395025253296,-0.013355002738535404,0.6755116581916809,0.4981599450111389,-0.023090170696377754,0.6612934470176697,0.4777791500091553,-0.03070191480219364,0.7323740720748901,0.536607563495636,-0.006886946968734264,0.7010372281074524,0.49552977085113525,-0.013949303887784481,0.6821324825286865,0.47118330001831055,-0.021795401349663734,0.6651699542999268,0.45096054673194885,-0.02791331149637699,0.7495269775390625,0.5231953263282776,-0.012204030528664589,0.7196863889694214,0.4843255281448364,-0.018547607585787773,0.7012120485305786,0.4619063436985016,-0.023213103413581848,0.6843343377113342,0.4447249174118042,-0.027151277288794518,0.7723633050918579,0.5160229802131653,-0.01923208124935627,0.7510702610015869,0.48463675379753113,-0.02460278756916523,0.7356019616127014,0.4669804871082306,-0.02622537687420845,0.7209888696670532,0.4533306360244751,-0.027545087039470673,HELLO 
0.8113614916801453,0.6355569958686829,1.572895058643553e-07,0.7730572819709778,0.6407572627067566,-0.009919189848005772,0.7379860877990723,0.6218104362487793,-0.015060994774103165,0.7220578193664551,0.5870056748390198,-0.020414674654603004,0.7182931303977966,0.5612661838531494,-0.025405844673514366,0.7181802988052368,0.5605748891830444,-0.004011936020106077,0.6894698143005371,0.5227609276771545,-0.013116850517690182,0.6730061173439026,0.49988797307014465,-0.022338658571243286,0.6583442687988281,0.4798775911331177,-0.029655180871486664,0.7307981848716736,0.5387545824050903,-0.007324890233576298,0.6990722417831421,0.49699118733406067,-0.014104609377682209,0.6799441576004028,0.4726918339729309,-0.02193489484488964,0.662665843963623,0.4529937505722046,-0.02819959446787834,0.7482830882072449,0.5251159071922302,-0.012628241442143917,0.7180919647216797,0.48554107546806335,-0.01885426975786686,0.6995055079460144,0.46307671070098877,-0.023849613964557648,0.6823194026947021,0.44627293944358826,-0.028126446530222893,0.7711461782455444,0.5174986720085144,-0.019509505480527878,0.7494552731513977,0.48550692200660706,-0.025076406076550484,0.7337464690208435,0.46775293350219727,-0.027038514614105225,0.7188422083854675,0.4543205201625824,-0.02866929955780506,HELLO 
0.6777868866920471,0.8413213491439819,-5.3100759345170445e-08,0.6515991687774658,0.8202841877937317,0.0011594033567234874,0.6426549553871155,0.7843345403671265,0.0008473016787320375,0.6349900364875793,0.7569257616996765,-0.002753706881776452,0.6284027695655823,0.7337082624435425,-0.0066056507639586926,0.6643608212471008,0.7286205291748047,0.004612200427800417,0.6517534255981445,0.68467777967453,-0.0033917585387825966,0.6453729867935181,0.6533606052398682,-0.008782840333878994,0.6426379084587097,0.6286532282829285,-0.011864371597766876,0.669786274433136,0.7278607487678528,-0.0023421249352395535,0.627791166305542,0.7128047347068787,-0.01569463312625885,0.6000427603721619,0.7026829719543457,-0.023636531084775925,0.5809813737869263,0.6914434432983398,-0.026409752666950226,0.6739740371704102,0.7327399253845215,-0.009787327609956264,0.6299194097518921,0.743118941783905,-0.026728831231594086,0.6314051747322083,0.776192843914032,-0.02826087549328804,0.6401506066322327,0.7993070483207703,-0.02358401194214821,0.6752037405967712,0.7419610023498535,-0.017282601445913315,0.6346142888069153,0.7483254671096802,-0.02963300608098507,0.6323943734169006,0.7744488716125488,-0.02754874899983406,0.6384144425392151,0.795632004737854,-0.021520288661122322,SEE YOU LATER 
0.6824315190315247,0.8474438786506653,-9.817338053608182e-08,0.6512604355812073,0.8233922123908997,0.0022327397018671036,0.6409592628479004,0.7864715456962585,0.0025305431336164474,0.6323810815811157,0.7582592964172363,-0.0007561435922980309,0.6257163882255554,0.7330946922302246,-0.004084196873009205,0.665900468826294,0.7286904454231262,0.007780281361192465,0.653954803943634,0.6843200325965881,0.0020389833953231573,0.6468124389648438,0.6546780467033386,-0.0017518495442345738,0.6437204480171204,0.6289093494415283,-0.004082892555743456,0.670568585395813,0.7276599407196045,0.0005894636269658804,0.6269465088844299,0.7138859033584595,-0.010292849503457546,0.5995724201202393,0.7041885852813721,-0.01735609769821167,0.5818554759025574,0.6912068128585815,-0.020159535109996796,0.6740784049034119,0.7326145172119141,-0.007074026390910149,0.628329873085022,0.7420198321342468,-0.02286151796579361,0.6299734711647034,0.7752736806869507,-0.024947863072156906,0.6385109424591064,0.79852294921875,-0.021205740049481392,0.6741510033607483,0.7421146035194397,-0.014705374836921692,0.6340709924697876,0.7468407154083252,-0.026537122204899788,0.6322550773620605,0.7740234136581421,-0.024778127670288086,0.638074517250061,0.7966436743736267,-0.019318128004670143,SEE YOU LATER 
0.6808083057403564,0.8493821024894714,-7.09921863517593e-08,0.6499213576316833,0.820199728012085,0.0024992076214402914,0.6414120197296143,0.7816253900527954,0.002281675348058343,0.6346315741539001,0.7519309520721436,-0.0020357142202556133,0.6289674639701843,0.7264315485954285,-0.006209038197994232,0.664996862411499,0.7276915907859802,0.008410685695707798,0.6543779373168945,0.6828609704971313,0.001099748071283102,0.6478750705718994,0.6532354354858398,-0.0035720719024538994,0.6455473303794861,0.6277652382850647,-0.00624697795137763,0.6710299253463745,0.7263702750205994,0.0006585061782971025,0.6282637715339661,0.7126862406730652,-0.012502873316407204,0.6005798578262329,0.703258752822876,-0.020565273240208626,0.5825760960578918,0.6908915638923645,-0.023533791303634644,0.675383985042572,0.7313966155052185,-0.007721853442490101,0.6293684840202332,0.7431789636611938,-0.024442819878458977,0.6303945183753967,0.7771530151367188,-0.02611100859940052,0.6390216946601868,0.7996417880058289,-0.021675871685147285,0.6754363775253296,0.7406842708587646,-0.01616005040705204,0.634398341178894,0.7459440231323242,-0.027839375659823418,0.6325908303260803,0.772104799747467,-0.025812063366174698,0.639164388179779,0.7925084829330444,-0.020027069374918938,SEE YOU LATER 
0.6817585825920105,0.8502858877182007,-8.401343620789703e-08,0.6495651006698608,0.8202794194221497,0.0028980255592614412,0.6407327055931091,0.7812291383743286,0.0032980202231556177,0.6338595747947693,0.7516041398048401,-0.0005527159664779902,0.6282147765159607,0.7267994284629822,-0.004271919373422861,0.6654837131500244,0.7277241349220276,0.009997897781431675,0.6542412042617798,0.6832255721092224,0.003620139556005597,0.6476041674613953,0.6546281576156616,-0.00038809902616776526,0.6451007723808289,0.6298533082008362,-0.0026198956184089184,0.6711678504943848,0.7264091968536377,0.0021777329966425896,0.628208339214325,0.7119545936584473,-0.010010097175836563,0.6000910401344299,0.7022059559822083,-0.017662469297647476,0.5817243456840515,0.6899286508560181,-0.02034745179116726,0.6754809021949768,0.7314269542694092,-0.0062959748320281506,0.6289280652999878,0.7437865734100342,-0.022031472995877266,0.6301046013832092,0.7774433493614197,-0.02374723181128502,0.6389068961143494,0.7998109459877014,-0.01949833519756794,0.6753929257392883,0.740707516670227,-0.014849824830889702,0.6345851421356201,0.7464826703071594,-0.02541508711874485,0.633273720741272,0.772071897983551,-0.02315765619277954,0.6402555704116821,0.7920766472816467,-0.01737867295742035,SEE YOU LATER 
0.6812744140625,0.8517066240310669,-8.081702418394343e-08,0.6501579880714417,0.8214073777198792,0.0017260503955185413,0.6398128867149353,0.783490777015686,0.0008468690211884677,0.6309905648231506,0.7551848888397217,-0.003970252815634012,0.6249185800552368,0.7322131991386414,-0.008597370237112045,0.6654666662216187,0.7276203632354736,0.00771305849775672,0.654202938079834,0.6835933327674866,0.0008711356204003096,0.6472254395484924,0.6552984714508057,-0.003376916516572237,0.6444848775863647,0.630473792552948,-0.005917837377637625,0.671419620513916,0.7270776629447937,0.000186683057108894,0.6276101469993591,0.7123143672943115,-0.012325560674071312,0.5989720225334167,0.7020958662033081,-0.020038170740008354,0.580228328704834,0.6894130706787109,-0.022982118651270866,0.6760329008102417,0.7330850958824158,-0.007958528585731983,0.6289013028144836,0.7448795437812805,-0.02389517053961754,0.6300635933876038,0.7784410119056702,-0.0251436959952116,0.6386319994926453,0.8007610440254211,-0.020649561658501625,0.6764324903488159,0.7438440322875977,-0.0162410419434309,0.6346251964569092,0.7494462132453918,-0.026856249198317528,0.6333736777305603,0.7749248147010803,-0.024253573268651962,0.6403418779373169,0.7950860261917114,-0.01828601025044918,SEE YOU LATER 
0.6803845763206482,0.8500312566757202,-8.162604103745252e-08,0.6489484310150146,0.8192934989929199,0.0009821968851611018,0.6397802233695984,0.7807253003120422,0.00017920527898240834,0.6318804025650024,0.7499657273292542,-0.00414916779845953,0.6246823072433472,0.7238870859146118,-0.008226812817156315,0.6651925444602966,0.7284072637557983,0.005700533743947744,0.652794599533081,0.6829515695571899,-0.0018096000421792269,0.6466884613037109,0.6538963913917542,-0.006346213631331921,0.6446622610092163,0.6287636756896973,-0.008815170265734196,0.6713380217552185,0.7280547618865967,-0.0010401832405477762,0.6273701786994934,0.7116996049880981,-0.014172897674143314,0.5991741418838501,0.7010282874107361,-0.021831318736076355,0.5801692008972168,0.6889308094978333,-0.02462100237607956,0.6756526231765747,0.7340248823165894,-0.00837072916328907,0.6282393932342529,0.7441284656524658,-0.02469179965555668,0.6295818090438843,0.7768767476081848,-0.025665126740932465,0.6379269361495972,0.7999910116195679,-0.020932933315634727,0.6758595108985901,0.7445782423019409,-0.015871917828917503,0.6346561908721924,0.7478603720664978,-0.02704719454050064,0.6323847770690918,0.7726662158966064,-0.024485498666763306,0.637933075428009,0.793686032295227,-0.018410896882414818,SEE YOU LATER 
0.68008953332901,0.8508517742156982,-8.353372749070331e-08,0.6487727165222168,0.8196935057640076,0.001842455007135868,0.6411064267158508,0.782282292842865,0.0013564721448346972,0.6340959668159485,0.7542132139205933,-0.0027248088736087084,0.6279944181442261,0.7293323874473572,-0.006817926187068224,0.6655469536781311,0.7281858325004578,0.006478006951510906,0.6536398530006409,0.6827945709228516,0.0005238005542196333,0.6470115780830383,0.6538901329040527,-0.003208497306331992,0.6442470550537109,0.6279152631759644,-0.005492355674505234,0.6716235876083374,0.7280384302139282,-0.0006411621579900384,0.6281975507736206,0.7133245468139648,-0.012006398290395737,0.5995749235153198,0.7033459544181824,-0.019719146192073822,0.5801792144775391,0.6895913481712341,-0.02307276614010334,0.6761080026626587,0.7341523766517639,-0.008112262934446335,0.6283108592033386,0.7421926856040955,-0.0236249677836895,0.628475546836853,0.7727116346359253,-0.02574283629655838,0.6363117098808289,0.7936839461326599,-0.02225317433476448,0.6754014492034912,0.7444078922271729,-0.015550173819065094,0.6337282657623291,0.7455126643180847,-0.026239005848765373,0.63176429271698,0.7697288393974304,-0.023774582892656326,0.6380528211593628,0.7909339666366577,-0.018082071095705032,SEE YOU LATER 
0.6826372742652893,0.8540201187133789,-8.629276493365978e-08,0.6501513719558716,0.8252716660499573,0.0025377916172146797,0.6409021019935608,0.7890215516090393,0.002165428129956126,0.6325120329856873,0.7622828483581543,-0.002447517355903983,0.6253489255905151,0.7386944890022278,-0.00704438891261816,0.6651152968406677,0.7304556965827942,0.009536818601191044,0.6537776589393616,0.6858272552490234,0.0034227294381707907,0.6472077965736389,0.6571862697601318,-0.0007350458181463182,0.6443630456924438,0.6317964792251587,-0.0032825053203850985,0.6707333326339722,0.7294542789459229,0.0013648121384903789,0.6275664567947388,0.713306188583374,-0.010337515734136105,0.598474383354187,0.7022150158882141,-0.018276290968060493,0.5785818099975586,0.6890339851379395,-0.02153286151587963,0.6751865744590759,0.7347787618637085,-0.007420079316943884,0.6288408637046814,0.7448577880859375,-0.023036738857626915,0.6308144927024841,0.7776552438735962,-0.0249565988779068,0.6396761536598206,0.7999252676963806,-0.021098118275403976,0.6748555898666382,0.7443825006484985,-0.016280662268400192,0.6341384649276733,0.7474461793899536,-0.026738932356238365,0.632790744304657,0.7725508809089661,-0.024035397917032242,0.6392431259155273,0.7933953404426575,-0.018102476373314857,SEE YOU LATER 
0.6825739145278931,0.8529989123344421,-7.2512868598551e-08,0.6507779955863953,0.8205173015594482,0.003820003941655159,0.6405781507492065,0.7824888229370117,0.003914855420589447,0.6307782530784607,0.7548507452011108,-0.00034580781357362866,0.6227590441703796,0.7312805652618408,-0.004480039235204458,0.6653309464454651,0.7281718254089355,0.01062696147710085,0.6536245942115784,0.6840794682502747,0.0048528010956943035,0.6457803249359131,0.6555417776107788,0.0011049670865759254,0.642028272151947,0.6303444504737854,-0.0012188754044473171,0.6704629063606262,0.7273843884468079,0.002169526182115078,0.6262346506118774,0.7116661667823792,-0.00912735890597105,0.5977548360824585,0.7010393142700195,-0.01671437919139862,0.5788792371749878,0.6882481575012207,-0.019776245579123497,0.6743113994598389,0.7330379486083984,-0.006792164873331785,0.6273033022880554,0.7448292374610901,-0.021549293771386147,0.6301142573356628,0.7783429622650146,-0.02309476211667061,0.6398247480392456,0.8005065321922302,-0.019146285951137543,0.6742516160011292,0.7429205775260925,-0.01576487347483635,0.6327922940254211,0.7491829991340637,-0.025530965998768806,0.6319588422775269,0.7753399610519409,-0.022877397015690804,0.6391322016716003,0.7963483929634094,-0.0171308945864439,SEE YOU LATER 
0.6819048523902893,0.8535634875297546,-7.421059677881203e-08,0.6506776213645935,0.8212584257125854,0.003281592158600688,0.6405083537101746,0.7844472527503967,0.002802439732477069,0.630991518497467,0.7579657435417175,-0.0020324760116636753,0.6238628029823303,0.734982430934906,-0.006712632719427347,0.6655067801475525,0.7283889055252075,0.009824136272072792,0.6545136570930481,0.6852888464927673,0.0036687194369733334,0.6471083760261536,0.656955897808075,-0.000451936008175835,0.6433256268501282,0.632060170173645,-0.003053395077586174,0.6708980798721313,0.7271950840950012,0.0013754164101555943,0.6267346739768982,0.7111598253250122,-0.010325039736926556,0.5980513691902161,0.7008548378944397,-0.018226690590381622,0.5785213112831116,0.6887990832328796,-0.021545425057411194,0.6748228669166565,0.7326380014419556,-0.007583113387227058,0.6276348829269409,0.7434181571006775,-0.022699985653162003,0.6300167441368103,0.7768142223358154,-0.024396676570177078,0.6391597390174866,0.7989274263381958,-0.02053052932024002,0.6741746664047241,0.7423229217529297,-0.016587698832154274,0.632961094379425,0.7470613121986389,-0.02672889083623886,0.6318308711051941,0.7726346254348755,-0.02420974336564541,0.6385406255722046,0.7933180332183838,-0.018528342247009277,SEE YOU LATER 
0.6818992495536804,0.8518029451370239,-6.798261864560118e-08,0.6493687629699707,0.8211877346038818,0.002326367888599634,0.6398284435272217,0.7834774851799011,0.00152403034735471,0.6316484212875366,0.755595326423645,-0.0032693324610590935,0.6242190599441528,0.7317897081375122,-0.007896022871136665,0.6654282212257385,0.7273204326629639,0.008033804595470428,0.6532626748085022,0.68259596824646,0.001371521851979196,0.6460438370704651,0.6536152362823486,-0.002940102946013212,0.6427081227302551,0.6285613775253296,-0.00558625441044569,0.6710866689682007,0.7268720269203186,0.00016738337581045926,0.6263238191604614,0.7100974917411804,-0.012364998459815979,0.5976421236991882,0.6995924711227417,-0.020229319110512733,0.578582227230072,0.6875565052032471,-0.02330363169312477,0.6748108863830566,0.7333429455757141,-0.008245003409683704,0.6272860169410706,0.7436403036117554,-0.023596376180648804,0.6286863088607788,0.7766780257225037,-0.02463582344353199,0.6372982859611511,0.7984678745269775,-0.020253600552678108,0.6741526126861572,0.7442207932472229,-0.016771065071225166,0.633220911026001,0.7477872371673584,-0.026714177802205086,0.6320155262947083,0.773064911365509,-0.023706216365098953,0.6387273073196411,0.7930562496185303,-0.017657188698649406,SEE YOU LATER 
0.6815623044967651,0.8533338904380798,-7.363446741237567e-08,0.6496051549911499,0.8227311372756958,0.0021644143853336573,0.640128493309021,0.7862821221351624,0.0011018456425517797,0.6315127015113831,0.7602884769439697,-0.004048660863190889,0.6239480972290039,0.7375895977020264,-0.009044845588505268,0.6655616164207458,0.7279131412506104,0.008081301115453243,0.654091477394104,0.683677613735199,0.0015303469263017178,0.6470368504524231,0.655304491519928,-0.00289643881842494,0.6435639262199402,0.6303814649581909,-0.005752252880483866,0.6709297895431519,0.7271966338157654,0.00010061461944133043,0.6269592642784119,0.7108188271522522,-0.01203368790447712,0.5977604985237122,0.7002502679824829,-0.02003510855138302,0.5778919458389282,0.6877194046974182,-0.023466024547815323,0.6748871207237244,0.7332364320755005,-0.008423764258623123,0.6279706358909607,0.7432183623313904,-0.023367902263998985,0.6293731331825256,0.7756484150886536,-0.024502446874976158,0.6378072500228882,0.7968073487281799,-0.02043367363512516,0.6741970181465149,0.7437158823013306,-0.017137642949819565,0.6335425972938538,0.7475965023040771,-0.026881268247961998,0.6324602365493774,0.7727373838424683,-0.023935992270708084,0.6393060088157654,0.7924791574478149,-0.018045978620648384,SEE YOU LATER 
0.6822399497032166,0.8526551723480225,-7.597306961315553e-08,0.6500061750411987,0.8221004009246826,0.002931569702923298,0.6405359506607056,0.7857321500778198,0.0022183523979038,0.6316125988960266,0.7593802213668823,-0.0026210779324173927,0.6231766939163208,0.7359371781349182,-0.007358091417700052,0.6657480001449585,0.7279615998268127,0.008381119929254055,0.6533070206642151,0.6833158731460571,0.001923996489495039,0.64602130651474,0.6548032760620117,-0.002221163595095277,0.6427861452102661,0.6296486854553223,-0.004801820497959852,0.671050488948822,0.7270638346672058,0.00037297746166586876,0.6261203289031982,0.7108863592147827,-0.011675035580992699,0.5971324443817139,0.70039302110672,-0.019339285790920258,0.5779427289962769,0.6874295473098755,-0.0225032027810812,0.674669086933136,0.7330086827278137,-0.008115092292428017,0.6270129084587097,0.7426974177360535,-0.02318701148033142,0.6289955377578735,0.775129497051239,-0.024427054449915886,0.6382753252983093,0.7961718440055847,-0.020406413823366165,0.6737394332885742,0.7431885004043579,-0.016649479046463966,0.6326717734336853,0.7468031644821167,-0.026532037183642387,0.6318997144699097,0.7719442248344421,-0.02367907389998436,0.639097273349762,0.7917901873588562,-0.017853738740086555,SEE YOU LATER 
0.6817455291748047,0.8526490926742554,-7.383811606587187e-08,0.6497950553894043,0.822268545627594,0.002493700012564659,0.6407369375228882,0.7864065766334534,0.001500686863437295,0.6323128938674927,0.7603451609611511,-0.003642158815637231,0.6244118809700012,0.7368285059928894,-0.008626183494925499,0.6655290722846985,0.7277007699012756,0.00818768609315157,0.6534271240234375,0.6833478808403015,0.001485969522036612,0.6460711359977722,0.6548371315002441,-0.0028870562091469765,0.6428182721138,0.6296758651733398,-0.005659414920955896,0.670798659324646,0.7268396019935608,0.00016236756346188486,0.6259832382202148,0.7108662128448486,-0.012342779897153378,0.5970483422279358,0.7004715204238892,-0.020357996225357056,0.578014612197876,0.6875123977661133,-0.023709265515208244,0.6745674014091492,0.7326754331588745,-0.00839218869805336,0.6267411708831787,0.7419219613075256,-0.023891933262348175,0.6288381814956665,0.7746557593345642,-0.025124505162239075,0.6382688879966736,0.7958151698112488,-0.02098350040614605,0.6739069819450378,0.7426905035972595,-0.01704721711575985,0.6325541138648987,0.745573878288269,-0.027279023081064224,0.6319505572319031,0.7705850601196289,-0.024418450891971588,0.639335036277771,0.7902960181236267,-0.018511485308408737,SEE YOU LATER 
0.6820628643035889,0.853241503238678,-7.795033951651931e-08,0.6502364277839661,0.8221600651741028,0.003082074224948883,0.6409156918525696,0.7855961322784424,0.0027637779712677,0.6316220164299011,0.759116530418396,-0.0017274407437071204,0.6231784224510193,0.7355087995529175,-0.006106214597821236,0.6656635999679565,0.7289090156555176,0.009238161146640778,0.6535485982894897,0.6841735243797302,0.003258930519223213,0.645946741104126,0.6554803848266602,-0.0005670675891451538,0.642551064491272,0.6299291253089905,-0.00293026608414948,0.6704440116882324,0.727577805519104,0.0013309851055964828,0.6259996294975281,0.7119092345237732,-0.010119318962097168,0.5968014597892761,0.7014540433883667,-0.01784064993262291,0.5775262713432312,0.6877635717391968,-0.02111993171274662,0.6740171909332275,0.7325263023376465,-0.007041193079203367,0.6260972619056702,0.7422840595245361,-0.022138172760605812,0.6278007626533508,0.7749403119087219,-0.024038352072238922,0.6371626257896423,0.7963714003562927,-0.020376261323690414,0.6730991005897522,0.7417656779289246,-0.01541303563863039,0.6314038634300232,0.7458313703536987,-0.02554183080792427,0.6306061744689941,0.7713754177093506,-0.023120330646634102,0.6381098031997681,0.7920546531677246,-0.01750822924077511,SEE YOU LATER 
0.680596649646759,0.8511705994606018,-7.225148834777428e-08,0.6481733322143555,0.8204028606414795,0.0018465094035491347,0.6382834911346436,0.7826133370399475,0.0009532995172776282,0.6293253302574158,0.7535769939422607,-0.003963400609791279,0.6213638782501221,0.7282164692878723,-0.008588775061070919,0.6635028123855591,0.7274464964866638,0.007862275466322899,0.6520684361457825,0.6825565695762634,0.0005238681915216148,0.6445208191871643,0.6535007953643799,-0.004309697076678276,0.6413822174072266,0.6284053325653076,-0.007259332574903965,0.6690921783447266,0.7263942956924438,8.185699698515236e-05,0.6249586939811707,0.7098281979560852,-0.013227586634457111,0.597088098526001,0.6996740698814392,-0.021359648555517197,0.5789771676063538,0.6869774460792542,-0.024438953027129173,0.6735526323318481,0.7319818139076233,-0.008353806100785732,0.6255846619606018,0.7410942316055298,-0.02478037402033806,0.6271330714225769,0.7745485901832581,-0.025817591696977615,0.6358999013900757,0.7968361973762512,-0.021081233397126198,0.6739224791526794,0.7425516843795776,-0.016945550218224525,0.6321218013763428,0.7450657486915588,-0.027874452993273735,0.6309133768081665,0.7700768709182739,-0.02492034062743187,0.6378422379493713,0.7904326915740967,-0.018630461767315865,SEE YOU LATER 
0.6802110075950623,0.8515834212303162,-7.079079011873546e-08,0.6490224599838257,0.8223307728767395,0.0010058933403342962,0.6397888660430908,0.7870206236839294,-0.000770576240029186,0.6312905550003052,0.7608263492584229,-0.006424467079341412,0.6238203048706055,0.7373626232147217,-0.01180209405720234,0.663752019405365,0.7279378771781921,0.006242031697183847,0.6521209478378296,0.68338942527771,-0.0014753727009519935,0.6449735760688782,0.6548328399658203,-0.0065585472621023655,0.64210045337677,0.6297439932823181,-0.009665331803262234,0.669059157371521,0.7265858054161072,-0.001291063497774303,0.6252723932266235,0.7109841108322144,-0.01447239052504301,0.5971992611885071,0.7010631561279297,-0.022610316053032875,0.5788532495498657,0.6881440281867981,-0.02589782327413559,0.6734097003936768,0.7319754958152771,-0.009485776536166668,0.6260672211647034,0.7418509125709534,-0.025675157085061073,0.6275613307952881,0.774230420589447,-0.027026541531085968,0.6365151405334473,0.7952209115028381,-0.022740518674254417,0.6732420325279236,0.7422778606414795,-0.017901640385389328,0.6320477724075317,0.7449634671211243,-0.028557326644659042,0.6313351392745972,0.7692583799362183,-0.025734921917319298,0.6387816071510315,0.7887303233146667,-0.019697677344083786,SEE YOU LATER 
0.6805739998817444,0.8502014875411987,-7.305676064106592e-08,0.6484567523002625,0.821831464767456,0.0019664308056235313,0.6388958692550659,0.7871481776237488,0.00011978917609667405,0.6301219463348389,0.76100754737854,-0.0058188410475850105,0.6221712827682495,0.7370810508728027,-0.011630079708993435,0.6636036038398743,0.7260284423828125,0.006650563795119524,0.6510655283927917,0.6817235946655273,-0.0008429262670688331,0.6436519026756287,0.6532029509544373,-0.005847122985869646,0.6406640410423279,0.6280474662780762,-0.009020109660923481,0.6695432066917419,0.7249392867088318,-0.0014791040448471904,0.6248368620872498,0.7095656394958496,-0.014389538206160069,0.5961204767227173,0.7004977464675903,-0.022149598225951195,0.5777637362480164,0.6876686811447144,-0.025290461257100105,0.6739150285720825,0.7311754822731018,-0.010205606929957867,0.626078188419342,0.740311324596405,-0.02601238712668419,0.6274087429046631,0.7727958559989929,-0.026761474087834358,0.6366895437240601,0.7936728596687317,-0.02228458598256111,0.6733453273773193,0.7421761751174927,-0.019098319113254547,0.6318889260292053,0.7449232339859009,-0.029551832005381584,0.6312306523323059,0.7692143321037292,-0.026518695056438446,0.6389223337173462,0.7883979082107544,-0.02045024000108242,SEE YOU LATER 
0.6801888942718506,0.8507580161094666,-7.705986604378268e-08,0.6486931443214417,0.8224279284477234,0.0015091588720679283,0.6395346522331238,0.7880750894546509,-0.0006721282261423767,0.6305975914001465,0.7628392577171326,-0.006721820682287216,0.6224259734153748,0.7391360402107239,-0.012656962499022484,0.6638314723968506,0.7260658144950867,0.005578592419624329,0.6507038474082947,0.6821606755256653,-0.0019044320797547698,0.6435176730155945,0.6543857455253601,-0.00692784646525979,0.6408547759056091,0.6288250088691711,-0.01020974013954401,0.6698395609855652,0.7250036001205444,-0.002221538918092847,0.625309407711029,0.7107934355735779,-0.014803524129092693,0.5970155000686646,0.702228844165802,-0.022482234984636307,0.5789121389389038,0.6884676218032837,-0.02586483582854271,0.6742798089981079,0.7311375737190247,-0.010567200370132923,0.6262928247451782,0.7402254343032837,-0.026189768686890602,0.6273608207702637,0.7718216180801392,-0.027241472154855728,0.6365770101547241,0.79160076379776,-0.023267772048711777,0.6733542084693909,0.7421449422836304,-0.01908724009990692,0.6321054697036743,0.7457507848739624,-0.02967577986419201,0.6320391297340393,0.7699309587478638,-0.02712397091090679,0.6403582692146301,0.7887123227119446,-0.021557772532105446,SEE YOU LATER 
0.6810218095779419,0.8492633104324341,-7.698751147700023e-08,0.6491351127624512,0.8188986778259277,0.0014325869269669056,0.6385771036148071,0.7830130457878113,-0.00022254607756622136,0.6289658546447754,0.7558889389038086,-0.005629490129649639,0.6202741861343384,0.7321807742118835,-0.010870433412492275,0.6630567908287048,0.724590539932251,0.005749546457082033,0.6501758694648743,0.6806197166442871,-0.0018179606413468719,0.6430771946907043,0.65247642993927,-0.006815725937485695,0.6403714418411255,0.6274288296699524,-0.009820283390581608,0.6688689589500427,0.7240481972694397,-0.001768573303706944,0.6245447397232056,0.7089812755584717,-0.014580328948795795,0.5957733392715454,0.6990867853164673,-0.022253599017858505,0.576967179775238,0.6867278814315796,-0.025333672761917114,0.6731472015380859,0.730567216873169,-0.009876436553895473,0.6263216733932495,0.7403649687767029,-0.02544696256518364,0.6275842189788818,0.7717314958572388,-0.026483550667762756,0.6364579796791077,0.7930306196212769,-0.022241637110710144,0.672735333442688,0.7417502403259277,-0.01819535158574581,0.6321876645088196,0.7454700469970703,-0.028215767815709114,0.6304985880851746,0.7689646482467651,-0.025374384596943855,0.6369796991348267,0.7882069945335388,-0.019527800381183624,SEE YOU LATER 
0.6841812133789062,0.8444929122924805,-5.6481660237750475e-08,0.6530395150184631,0.81547611951828,-0.0006377219688147306,0.6403777599334717,0.7810572385787964,-0.003149733878672123,0.6304815411567688,0.7559331059455872,-0.00891843531280756,0.6220118403434753,0.7337145805358887,-0.014347550459206104,0.663402259349823,0.7232844829559326,0.0031323882285505533,0.650180459022522,0.6796250343322754,-0.0056939818896353245,0.6428027749061584,0.6508077383041382,-0.011377436108887196,0.6395558714866638,0.6253551840782166,-0.014585680328309536,0.6682539582252502,0.7229965925216675,-0.003137377090752125,0.625023603439331,0.7098132371902466,-0.016931187361478806,0.597948431968689,0.7001156210899353,-0.02496003732085228,0.5802834630012512,0.6873776912689209,-0.0280996672809124,0.6721161007881165,0.7285504937171936,-0.010096749290823936,0.6268888711929321,0.7401912808418274,-0.027300085872411728,0.6290891170501709,0.7712844610214233,-0.02883843146264553,0.63826584815979,0.7927165031433105,-0.024324869737029076,0.6717478632926941,0.7390034794807434,-0.01731649413704872,0.6326535940170288,0.7437766194343567,-0.028725532814860344,0.6319394707679749,0.7686153054237366,-0.02613258548080921,0.6391094923019409,0.7891848683357239,-0.020026974380016327,SEE YOU LATER 
0.6910247206687927,0.8363891243934631,-3.4654775049602904e-08,0.6581366062164307,0.8084442615509033,0.001305309939198196,0.6440322995185852,0.7709840536117554,-0.0015647733816877007,0.6352736353874207,0.7451117038726807,-0.008203479461371899,0.6291665434837341,0.726871132850647,-0.01469398569315672,0.6648884415626526,0.7146459221839905,0.0030764720868319273,0.6523409485816956,0.6704275608062744,-0.00561476219445467,0.6440490484237671,0.6412785649299622,-0.011314459145069122,0.6386123299598694,0.6155835390090942,-0.015108074061572552,0.670787513256073,0.7156824469566345,-0.005172358825802803,0.6296414732933044,0.7073346972465515,-0.019013389945030212,0.6027641296386719,0.7023089528083801,-0.026207193732261658,0.5851846933364868,0.6918599605560303,-0.029068762436509132,0.6752960681915283,0.7244024872779846,-0.014037101529538631,0.6304392218589783,0.7347258925437927,-0.03064875490963459,0.6311125159263611,0.7647608518600464,-0.030632728710770607,0.6409398913383484,0.7830898761749268,-0.025705236941576004,0.67524254322052,0.7375509738922119,-0.023137131705880165,0.6362610459327698,0.7426568865776062,-0.03421509638428688,0.6351804137229919,0.7665773034095764,-0.031128525733947754,0.6434198021888733,0.7839866876602173,-0.02506980486214161,SEE YOU LATER 
0.6917878985404968,0.8375768661499023,-2.8708951660405546e-08,0.6603805422782898,0.8116142153739929,-0.00010812425898620859,0.6467083692550659,0.7777920961380005,-0.0031692232005298138,0.6373193264007568,0.7531883120536804,-0.009752274490892887,0.6287404298782349,0.7322784662246704,-0.016012538224458694,0.6653939485549927,0.7158284783363342,0.00213831290602684,0.6522377729415894,0.6717920899391174,-0.007072920445352793,0.6444456577301025,0.642058789730072,-0.013277515769004822,0.639610230922699,0.6160012483596802,-0.017187494784593582,0.6705779433250427,0.7152181267738342,-0.005183527246117592,0.6289653778076172,0.7052955627441406,-0.018965115770697594,0.6012256145477295,0.6996145844459534,-0.026752060279250145,0.5820286273956299,0.69036865234375,-0.03014141321182251,0.6746410131454468,0.7221153974533081,-0.013235154561698437,0.6307700276374817,0.7319389581680298,-0.029748402535915375,0.6313677430152893,0.7599841952323914,-0.03047202154994011,0.6402192711830139,0.7779702544212341,-0.026138514280319214,0.6742346286773682,0.7344442009925842,-0.02166520245373249,0.6362265944480896,0.739850640296936,-0.03244124352931976,0.6350820064544678,0.7618770599365234,-0.02977040968835354,0.6426761150360107,0.7790959477424622,-0.024118276312947273,SEE YOU LATER 
0.6989117860794067,0.8180564641952515,-3.702051287746144e-08,0.6660863161087036,0.7903519868850708,8.162324957083911e-05,0.6514292359352112,0.7537183165550232,-0.0020996571984142065,0.6430994868278503,0.7264233827590942,-0.007580657489597797,0.6365613341331482,0.7067002654075623,-0.012941090390086174,0.6674767732620239,0.7003979086875916,0.002242359332740307,0.6524935960769653,0.6577048301696777,-0.006874859798699617,0.6442230939865112,0.6293883323669434,-0.012414292432367802,0.6384338736534119,0.605143666267395,-0.015401721931993961,0.673903226852417,0.7021766901016235,-0.004866339266300201,0.6320788264274597,0.6934608221054077,-0.019086837768554688,0.6030067801475525,0.6885331273078918,-0.026716716587543488,0.5808632373809814,0.6820539832115173,-0.029310040175914764,0.6791418790817261,0.7112067341804504,-0.012650730088353157,0.6381319165229797,0.7281485199928284,-0.0292526688426733,0.6429286003112793,0.7579938173294067,-0.02975449524819851,0.6529982089996338,0.7773646116256714,-0.024663329124450684,0.6811800003051758,0.7245365381240845,-0.020671071484684944,0.64566570520401,0.7320250272750854,-0.030573641881346703,0.6456897854804993,0.7541261911392212,-0.026683352887630463,0.6520395874977112,0.7712308764457703,-0.01994762197136879,SEE YOU LATER 
0.6972882747650146,0.8176364302635193,-4.7174435024999184e-08,0.6650921106338501,0.7891907691955566,0.0014937755186110735,0.6525875926017761,0.750645101070404,0.0009897005511447787,0.6461511254310608,0.7215200662612915,-0.0034578326158225536,0.6430450677871704,0.6997942328453064,-0.007760661654174328,0.6685332655906677,0.7001184821128845,0.005625421181321144,0.6540462374687195,0.6568818688392639,-0.003068743972107768,0.646619439125061,0.6281769275665283,-0.008139483630657196,0.6414777040481567,0.6042041778564453,-0.010728134773671627,0.6746131181716919,0.701054573059082,-0.0021321189124137163,0.6334409713745117,0.6933050751686096,-0.016081076115369797,0.6045839190483093,0.6890812516212463,-0.023777641355991364,0.5827518105506897,0.6841552257537842,-0.02624291181564331,0.6798766851425171,0.7091923952102661,-0.010674742981791496,0.6375916004180908,0.730644702911377,-0.02750951051712036,0.6414850354194641,0.7598331570625305,-0.028846420347690582,0.6515243053436279,0.7786720991134644,-0.024026524275541306,0.6816735863685608,0.7220798134803772,-0.01942712999880314,0.6444616913795471,0.7336680889129639,-0.02968525141477585,0.6446200609207153,0.7559736967086792,-0.026684338226914406,0.6521264314651489,0.7725997567176819,-0.02043592743575573,SEE YOU LATER 
0.7067975401878357,0.8066544532775879,-7.455968642489097e-08,0.6743556261062622,0.7808618545532227,0.0032313147094100714,0.6587976217269897,0.7472038269042969,0.0018189933616667986,0.6482439637184143,0.7251889109611511,-0.004078570753335953,0.6385582685470581,0.7068749666213989,-0.010263632982969284,0.6745785474777222,0.6884833574295044,0.006437105592340231,0.6599948406219482,0.6469510793685913,-0.0011211137752979994,0.6511591672897339,0.6188367009162903,-0.006304063368588686,0.6436312794685364,0.5950887203216553,-0.00982130691409111,0.6806687116622925,0.6888584494590759,-0.003029121086001396,0.6386713981628418,0.6806212067604065,-0.015956180170178413,0.6085344552993774,0.6810022592544556,-0.023542333394289017,0.5849799513816833,0.6795791983604431,-0.02646935172379017,0.6863240003585815,0.6973589062690735,-0.013016088865697384,0.6458840370178223,0.7113865613937378,-0.027917830273509026,0.6505287885665894,0.7384599447250366,-0.028448861092329025,0.6604686379432678,0.7543506026268005,-0.024281198158860207,0.6881411075592041,0.7103503942489624,-0.023133985698223114,0.6540441513061523,0.7146545648574829,-0.032326508313417435,0.6542742848396301,0.7333471179008484,-0.02880047634243965,0.6611261367797852,0.7462727427482605,-0.022871144115924835,SEE YOU LATER 
0.716475248336792,0.7941716313362122,-7.795503620400268e-08,0.6821668148040771,0.7702640891075134,0.0018912074156105518,0.6658499240875244,0.7365582585334778,-0.000638093042653054,0.6551763415336609,0.7116191983222961,-0.006978192366659641,0.646166980266571,0.6937416791915894,-0.013558363541960716,0.679012656211853,0.6779975295066833,0.0019111497094854712,0.6583753228187561,0.6362105011940002,-0.008164338767528534,0.6467868089675903,0.6074152588844299,-0.014605480246245861,0.6371703147888184,0.5833779573440552,-0.018521100282669067,0.6850958466529846,0.6786082983016968,-0.0066690146923065186,0.638826847076416,0.6753097176551819,-0.021984051913022995,0.6079310774803162,0.6766929030418396,-0.029861468821763992,0.5838883519172668,0.6749944686889648,-0.03260739892721176,0.6901323199272156,0.6875768899917603,-0.015658032149076462,0.6471036672592163,0.7112128138542175,-0.0320785827934742,0.655189037322998,0.74032062292099,-0.03228859230875969,0.6675225496292114,0.7569539546966553,-0.027458278462290764,0.6918447017669678,0.7020328640937805,-0.024830466136336327,0.6552249193191528,0.7156243920326233,-0.03512946516275406,0.6586151123046875,0.7374354600906372,-0.031672537326812744,0.6680917739868164,0.751477837562561,-0.0253681018948555,SEE YOU LATER 
0.7178595066070557,0.7959830164909363,-8.222725966788857e-08,0.6835699081420898,0.772396445274353,-0.00020620800205506384,0.6664155721664429,0.7367647290229797,-0.0027555529959499836,0.6570040583610535,0.7089377641677856,-0.008540048263967037,0.6505656242370605,0.6875616908073425,-0.014239871874451637,0.6779732704162598,0.6786301732063293,-0.0003803038562182337,0.6562163829803467,0.6368025541305542,-0.011007333174347878,0.6458150744438171,0.6087409257888794,-0.01749524287879467,0.6373773217201233,0.5838555097579956,-0.02121896483004093,0.6848164796829224,0.6781936287879944,-0.007510188966989517,0.6397474408149719,0.6777136325836182,-0.02334473468363285,0.6094029545783997,0.679115355014801,-0.03119516745209694,0.5851656198501587,0.6770427823066711,-0.03387882187962532,0.690601646900177,0.6859109997749329,-0.01520067360252142,0.6494644284248352,0.7126063704490662,-0.032351430505514145,0.6581361293792725,0.7401180267333984,-0.03245232626795769,0.6707964539527893,0.7561078667640686,-0.027278244495391846,0.6932788491249084,0.699302613735199,-0.02327495627105236,0.6574422717094421,0.7157854437828064,-0.033819545060396194,0.6609747409820557,0.7366775870323181,-0.030404921621084213,0.6705065965652466,0.7502269744873047,-0.02398328296840191,SEE YOU LATER 
0.7219589352607727,0.771905243396759,-8.639060666837395e-08,0.6937105059623718,0.7442811131477356,0.0014746220549568534,0.6762759685516357,0.710243821144104,-0.0007510599680244923,0.6637771725654602,0.6890440583229065,-0.006396015640348196,0.655265748500824,0.6758137345314026,-0.012453212402760983,0.6753920316696167,0.6596993803977966,-0.0007438851171173155,0.6506942510604858,0.6205921769142151,-0.010045483708381653,0.6382006406784058,0.593742847442627,-0.015420760959386826,0.6274815201759338,0.5708200931549072,-0.018807629123330116,0.6807125210762024,0.6630370616912842,-0.008756404742598534,0.6354794502258301,0.6680656671524048,-0.02341957949101925,0.6071468591690063,0.675383448600769,-0.030738845467567444,0.5843796730041504,0.6782856583595276,-0.033314142376184464,0.6868413686752319,0.675007700920105,-0.016849584877490997,0.6490896940231323,0.7037676572799683,-0.031697649508714676,0.6606101989746094,0.7262996435165405,-0.03145907074213028,0.673915684223175,0.7357531785964966,-0.0271307360380888,0.6918757557868958,0.6916784644126892,-0.025015991181135178,0.6593907475471497,0.7088419198989868,-0.0327957421541214,0.6651415824890137,0.7259817719459534,-0.02808045595884323,0.6751862168312073,0.7348393201828003,-0.021591659635305405,SEE YOU LATER 
0.725705623626709,0.7752988338470459,-1.0102860414917814e-07,0.6953915953636169,0.7485135197639465,0.0031213825568556786,0.6764598488807678,0.7127333283424377,0.0017484265845268965,0.6635509133338928,0.688633918762207,-0.003342221723869443,0.6530694961547852,0.6710981130599976,-0.008634325116872787,0.6784543991088867,0.6619951725006104,0.0008109320187941194,0.6522843837738037,0.6226921081542969,-0.009065183810889721,0.6398442983627319,0.5954801440238953,-0.01466152723878622,0.6294916868209839,0.571256160736084,-0.01784915290772915,0.6836826801300049,0.6631250381469727,-0.007745508570224047,0.6384013295173645,0.6697671413421631,-0.02199784480035305,0.6088848114013672,0.6750615239143372,-0.029235703870654106,0.5840072631835938,0.6750484704971313,-0.03199917823076248,0.6889328956604004,0.672365665435791,-0.01637757197022438,0.6503182649612427,0.7063741087913513,-0.030803726986050606,0.661688506603241,0.7295555472373962,-0.03015163540840149,0.6749546527862549,0.7390227317810059,-0.025502707809209824,0.6926649808883667,0.6869612336158752,-0.025131970643997192,0.6591176986694336,0.7105197310447693,-0.03284725174307823,0.6660218238830566,0.729248046875,-0.028157273307442665,0.6774567365646362,0.7384571433067322,-0.02156805247068405,SEE YOU LATER 
0.7366036176681519,0.7521321773529053,-8.64112621457025e-08,0.7007495760917664,0.7307153940200806,-8.76455451361835e-05,0.6779857873916626,0.698123037815094,-0.0030845964793115854,0.6631848812103271,0.67496258020401,-0.008772647939622402,0.651718020439148,0.6585784554481506,-0.014551225118339062,0.6779312491416931,0.6421979069709778,-0.0040905047208070755,0.6503685116767883,0.6078527569770813,-0.015024266205728054,0.6372525691986084,0.583322286605835,-0.02188635803759098,0.6252784132957458,0.5613576173782349,-0.026465967297554016,0.6859315633773804,0.646764874458313,-0.011515602469444275,0.6401697993278503,0.6588367223739624,-0.028190024197101593,0.6123384833335876,0.6689900755882263,-0.03583045303821564,0.589225709438324,0.6737226247787476,-0.03866485506296158,0.6937476396560669,0.6609465479850769,-0.01904245652258396,0.657299816608429,0.6955456733703613,-0.035166557878255844,0.671093761920929,0.7166054844856262,-0.033877789974212646,0.6850382089614868,0.7241758704185486,-0.028856191784143448,0.700022280216217,0.6807292103767395,-0.0268135666847229,0.6702499389648438,0.7024838924407959,-0.03647809848189354,0.67917799949646,0.7187222838401794,-0.03205113485455513,0.6907106041908264,0.7244954705238342,-0.02556755207479,SEE YOU LATER 
0.7372336983680725,0.7541875839233398,-7.64331460345602e-08,0.7006511688232422,0.7335633039474487,0.0007374242995865643,0.6777765154838562,0.6996669769287109,-0.0034865238703787327,0.6643142700195312,0.6735663414001465,-0.010397130623459816,0.6544339060783386,0.6542999148368835,-0.017610423266887665,0.6794447898864746,0.6422486305236816,-0.006828161887824535,0.6516839265823364,0.6076056957244873,-0.01823730394244194,0.6380915641784668,0.5815449357032776,-0.025409039109945297,0.6269195079803467,0.5579830408096313,-0.03037884458899498,0.6892145276069641,0.6457257270812988,-0.015055106021463871,0.6419112682342529,0.6595247387886047,-0.030875420197844505,0.6124618053436279,0.6705175638198853,-0.0379129983484745,0.5889540910720825,0.6750773787498474,-0.04149944335222244,0.6976115703582764,0.6599458456039429,-0.02314499206840992,0.6570736169815063,0.6948071718215942,-0.03797395899891853,0.6694269776344299,0.7139720916748047,-0.03510238602757454,0.6842736005783081,0.7199329137802124,-0.029997292906045914,0.7031148672103882,0.6798095107078552,-0.031501226127147675,0.6676759123802185,0.7017204165458679,-0.04063917323946953,0.6748026609420776,0.7175324559211731,-0.035447556525468826,0.6867773532867432,0.7229591608047485,-0.028985772281885147,SEE YOU LATER 
0.7454825043678284,0.7306952476501465,-9.747488149969286e-08,0.7065351605415344,0.7123044729232788,0.0006581927300430834,0.6798297762870789,0.6838240623474121,-0.0023378622718155384,0.662841796875,0.6618520617485046,-0.008276112377643585,0.649081826210022,0.6469113230705261,-0.014205320738255978,0.675627589225769,0.6289122104644775,-0.003785711945965886,0.6464207172393799,0.5980441570281982,-0.014932730235159397,0.6337792873382568,0.5748820304870605,-0.021850554272532463,0.622183084487915,0.5549361705780029,-0.026600366458296776,0.6867321133613586,0.6314367651939392,-0.012109562754631042,0.6464579105377197,0.6490732431411743,-0.029148157685995102,0.6227412223815918,0.6647133827209473,-0.03633200377225876,0.6024897694587708,0.6746934652328491,-0.0387658029794693,0.6984944939613342,0.644964873790741,-0.020583264529705048,0.66622394323349,0.6855748891830444,-0.035250529646873474,0.6804556250572205,0.7000410556793213,-0.03317545726895332,0.6942834258079529,0.7010899186134338,-0.028470471501350403,0.7081844210624695,0.6654956936836243,-0.029421033337712288,0.6802764534950256,0.6921259164810181,-0.03724033012986183,0.6894050240516663,0.7042630314826965,-0.032197143882513046,0.7011957168579102,0.7045760154724121,-0.025950804352760315,SEE YOU LATER 
0.7449414730072021,0.7326601147651672,-1.024531641746762e-07,0.7097248435020447,0.7112401723861694,0.0010478344047442079,0.6833230257034302,0.6791233420372009,-0.0024257213808596134,0.6665832996368408,0.6551994681358337,-0.008849785663187504,0.6531396508216858,0.6387830376625061,-0.015444173477590084,0.6790788769721985,0.6265131831169128,-0.0043756235390901566,0.6505846977233887,0.5965865850448608,-0.015629608184099197,0.6359540820121765,0.572867214679718,-0.022750452160835266,0.6234545111656189,0.5518003106117249,-0.027794908732175827,0.6897043585777283,0.6300342679023743,-0.013140086084604263,0.6503449082374573,0.6490607261657715,-0.028406793251633644,0.6258977651596069,0.6664643287658691,-0.034542784094810486,0.6061961650848389,0.677323579788208,-0.03756094351410866,0.700527548789978,0.6446293592453003,-0.0221234317868948,0.665995180606842,0.684731662273407,-0.03600943088531494,0.6788565516471863,0.699861466884613,-0.032759349793195724,0.6929907202720642,0.7016871571540833,-0.028016414493322372,0.7097005844116211,0.6651034951210022,-0.03148871660232544,0.6772390007972717,0.6925679445266724,-0.04013694450259209,0.6863025426864624,0.7059841752052307,-0.03493741527199745,0.6994251608848572,0.707386314868927,-0.028810566291213036,SEE YOU LATER 
0.7607538104057312,0.7080187797546387,-1.7587025524790079e-07,0.7182130813598633,0.6874706745147705,-0.0010119203943759203,0.6883994340896606,0.6492155194282532,-0.003677383763715625,0.6726561188697815,0.6132512092590332,-0.008879655972123146,0.6635482311248779,0.5802876949310303,-0.014700046740472317,0.6783210039138794,0.6167137026786804,-0.004918705206364393,0.6476261615753174,0.5988925695419312,-0.01620309241116047,0.6315318942070007,0.5805950164794922,-0.02335718460381031,0.6162917613983154,0.5638303756713867,-0.028803961351513863,0.6913712024688721,0.6185877323150635,-0.012720062397420406,0.6533525586128235,0.6519408822059631,-0.02916305512189865,0.6310492753982544,0.6763648986816406,-0.03573272004723549,0.6119804382324219,0.6938439011573792,-0.03865165635943413,0.7058217525482178,0.6325221657752991,-0.0210963673889637,0.6737982630729675,0.6813285946846008,-0.03640154004096985,0.689238429069519,0.6950119733810425,-0.03358976170420647,0.7032749056816101,0.6952464580535889,-0.02903812751173973,0.7194108963012695,0.6526944637298584,-0.029972413554787636,0.6921032667160034,0.6896762847900391,-0.03849652409553528,0.7029162645339966,0.6992168426513672,-0.03404778242111206,0.7155837416648865,0.6959372758865356,-0.028910774737596512,SEE YOU LATER 
0.7595975995063782,0.7031989097595215,-1.1358734042232754e-07,0.7215760946273804,0.6824435591697693,0.0003521002072375268,0.6919670104980469,0.6453232169151306,-0.003396384185180068,0.6750673055648804,0.6119058728218079,-0.009906789287924767,0.6648613810539246,0.5805525183677673,-0.01730349287390709,0.6821524500846863,0.6160562634468079,-0.0072724474593997,0.6497849822044373,0.5972921848297119,-0.01907258853316307,0.6328478455543518,0.5786029100418091,-0.026363886892795563,0.6176400184631348,0.5624532699584961,-0.03179292753338814,0.6931372284889221,0.6190373301506042,-0.01580338180065155,0.6546286940574646,0.6512840986251831,-0.031266726553440094,0.6313384771347046,0.6762680411338806,-0.03690814599394798,0.611709713935852,0.6949172019958496,-0.04010310396552086,0.7061035633087158,0.6344049572944641,-0.024662749841809273,0.6750562787055969,0.6825069785118103,-0.0387599840760231,0.6910879611968994,0.6933016180992126,-0.034814681857824326,0.7058505415916443,0.6921883225440979,-0.030099768191576004,0.718418300151825,0.6555819511413574,-0.03387320041656494,0.6909723281860352,0.6910551190376282,-0.04239942878484726,0.7025913596153259,0.6985982656478882,-0.03737746179103851,0.7154381275177002,0.6942301988601685,-0.032107021659612656,SEE YOU LATER 
0.7685115337371826,0.6855736374855042,-1.989499622823132e-07,0.7253031730651855,0.6682692170143127,0.0015315940836444497,0.6881702542304993,0.6352783441543579,-0.0023993197828531265,0.6656184792518616,0.6033949851989746,-0.009356462396681309,0.6491016149520874,0.5707732439041138,-0.01769167371094227,0.6806592345237732,0.6055552363395691,-0.006274805404245853,0.6610261797904968,0.5920456647872925,-0.01785580813884735,0.6458436250686646,0.5797103643417358,-0.02563069388270378,0.6311960816383362,0.5715440511703491,-0.031584788113832474,0.6944804191589355,0.6095626354217529,-0.015218252316117287,0.6612427234649658,0.6586108207702637,-0.030386410653591156,0.6393304467201233,0.6910727620124817,-0.036919236183166504,0.6201249361038208,0.7186812162399292,-0.04090737923979759,0.7106328010559082,0.626754641532898,-0.024261988699436188,0.6827616691589355,0.6812816262245178,-0.03788870573043823,0.7003956437110901,0.6872061491012573,-0.0350477360188961,0.7146174907684326,0.681993842124939,-0.031674064695835114,0.7264158725738525,0.6468383073806763,-0.03328317776322365,0.7015997171401978,0.6885978579521179,-0.04283080995082855,0.7127042412757874,0.6939114928245544,-0.03942693769931793,0.7246091365814209,0.687484860420227,-0.03526197001338005,SEE YOU LATER 
0.7619527578353882,0.6806135177612305,-1.3913233942730585e-07,0.7212355136871338,0.6633195281028748,0.0004441269556991756,0.6870905756950378,0.630113959312439,-0.0051491339690983295,0.6675020456314087,0.5987544059753418,-0.013315945863723755,0.6541938185691833,0.5654411911964417,-0.023270627483725548,0.6790011525154114,0.6042081117630005,-0.012321301735937595,0.6563382148742676,0.5945956110954285,-0.024285482242703438,0.6401695013046265,0.5825464725494385,-0.0321284756064415,0.6239160299301147,0.5735695958137512,-0.03851005434989929,0.6935334205627441,0.6085585355758667,-0.02095094323158264,0.6619195938110352,0.6576412320137024,-0.03637062385678291,0.6413474082946777,0.6912097334861755,-0.04214579612016678,0.6231869459152222,0.7189611792564392,-0.04622216150164604,0.7101949453353882,0.6263017654418945,-0.02936154417693615,0.6832631230354309,0.6832427978515625,-0.04279902204871178,0.7011027336120605,0.6888338327407837,-0.03854646533727646,0.7155951261520386,0.683718740940094,-0.03447272256016731,0.7258493900299072,0.6475308537483215,-0.03782646358013153,0.7005221843719482,0.6913594603538513,-0.047331370413303375,0.7119670510292053,0.6950341463088989,-0.04322371631860733,0.7239697575569153,0.6866637468338013,-0.03877505660057068,SEE YOU LATER 
0.7703469395637512,0.656696081161499,-2.518239341497974e-07,0.7275580167770386,0.6427152156829834,0.0012212384026497602,0.6888675689697266,0.6159576177597046,-0.0023625544272363186,0.6655797958374023,0.5889701247215271,-0.008516825735569,0.6515852212905884,0.5581018924713135,-0.016512684524059296,0.6769641637802124,0.5981640815734863,-0.00939837098121643,0.6546803712844849,0.6046028733253479,-0.018633000552654266,0.6393182873725891,0.6054494380950928,-0.024507936090230942,0.6214734315872192,0.6096508502960205,-0.029478183016180992,0.6913592219352722,0.6053788661956787,-0.018303660675883293,0.6645898222923279,0.6628237366676331,-0.03193362429738045,0.6467344760894775,0.7004460692405701,-0.03797120973467827,0.6307758092880249,0.7348780632019043,-0.04172142222523689,0.7095956206321716,0.6228827238082886,-0.026904340833425522,0.691801130771637,0.6802619099617004,-0.04021187499165535,0.7089163064956665,0.6793531775474548,-0.03954349458217621,0.721814751625061,0.6695399880409241,-0.03765196353197098,0.7275151610374451,0.6432237029075623,-0.03511211276054382,0.7091050744056702,0.6875163316726685,-0.04484502226114273,0.7205144762992859,0.6884558200836182,-0.04235677793622017,0.7316800355911255,0.6782646775245667,-0.03888019919395447,SEE YOU LATER 
0.7651575207710266,0.6537206172943115,-1.7065579527297814e-07,0.7250348329544067,0.6413519382476807,-0.0011627721833065152,0.6867992877960205,0.6159856915473938,-0.006451564375311136,0.6640157699584961,0.5898454189300537,-0.014002427458763123,0.6505687236785889,0.5577248930931091,-0.023278357461094856,0.6772961616516113,0.5988112092018127,-0.013112812303006649,0.6550835371017456,0.6060255169868469,-0.02564721554517746,0.6377803087234497,0.6064298152923584,-0.03376370668411255,0.6196276545524597,0.6103543043136597,-0.04009344056248665,0.6909534335136414,0.6045359969139099,-0.021224025636911392,0.6661370396614075,0.661430299282074,-0.036479637026786804,0.6480596661567688,0.6975402235984802,-0.04319135472178459,0.6316735744476318,0.7297049164772034,-0.047916509211063385,0.7092914581298828,0.6195043325424194,-0.029439551755785942,0.6929013133049011,0.6814510822296143,-0.04441040754318237,0.7088480591773987,0.6813892722129822,-0.04374390468001366,0.7211185097694397,0.6721934080123901,-0.041379813104867935,0.728066623210907,0.637411892414093,-0.03763153403997421,0.7114758491516113,0.6866959929466248,-0.04843570664525032,0.7207863330841064,0.6863114833831787,-0.047036293894052505,0.7298294901847839,0.6751468777656555,-0.044352635741233826,SEE YOU LATER 
0.7629756927490234,0.6340416669845581,-2.1335912947506586e-07,0.7243543863296509,0.62227463722229,-0.0023595516104251146,0.6822080612182617,0.5996193885803223,-0.008133417926728725,0.6570656895637512,0.5735982656478882,-0.015478823333978653,0.6385934352874756,0.5446081161499023,-0.024861231446266174,0.671551525592804,0.5957602262496948,-0.016950001940131187,0.6501806974411011,0.6136399507522583,-0.028804797679185867,0.6338894367218018,0.6220619678497314,-0.03659510239958763,0.616612434387207,0.6337074041366577,-0.04273321107029915,0.6877328753471375,0.603754997253418,-0.02458938956260681,0.666341245174408,0.6689305901527405,-0.039324499666690826,0.6531333327293396,0.7073728442192078,-0.04540875926613808,0.6417881846427917,0.7388378977775574,-0.049967337399721146,0.7082397937774658,0.618510365486145,-0.032079990953207016,0.6918161511421204,0.6786370277404785,-0.04546725004911423,0.7072229385375977,0.6699132919311523,-0.043422069400548935,0.7185530662536621,0.6525841951370239,-0.041308898478746414,0.7284776568412781,0.6342145204544067,-0.03956490010023117,0.711982011795044,0.6818997859954834,-0.049306463450193405,0.721886932849884,0.6751388907432556,-0.04616636782884598,0.7305949926376343,0.6559762358665466,-0.04279607906937599,SEE YOU LATER 
0.759073793888092,0.6348720192909241,-1.8518075250995025e-07,0.7209527492523193,0.6210904121398926,-0.0015471447259187698,0.6806076765060425,0.6014057993888855,-0.0074889762327075005,0.6563017964363098,0.5769538879394531,-0.015284220688045025,0.6389485597610474,0.5462489128112793,-0.025148747488856316,0.6700333952903748,0.5922310948371887,-0.014882895164191723,0.6486973166465759,0.6108384728431702,-0.02690107189118862,0.6317778825759888,0.6225436329841614,-0.034591201692819595,0.6143299341201782,0.6375197768211365,-0.04068681597709656,0.6851659417152405,0.6005856990814209,-0.02294754423201084,0.6662538647651672,0.664126455783844,-0.038121070712804794,0.6545585989952087,0.7052106857299805,-0.044809021055698395,0.643383800983429,0.7393485307693481,-0.049457866698503494,0.7050235271453857,0.6159812211990356,-0.030918484553694725,0.6932687759399414,0.6759470105171204,-0.046079039573669434,0.7092719078063965,0.6692018508911133,-0.04548066109418869,0.7196860909461975,0.6539093852043152,-0.04323940351605415,0.7251920700073242,0.6322618126869202,-0.03867610543966293,0.713726282119751,0.6798253059387207,-0.05033913254737854,0.7239213585853577,0.6742936372756958,-0.04866505414247513,0.7312307953834534,0.6579252481460571,-0.045696523040533066,SEE YOU LATER 
0.7618813514709473,0.6138254404067993,-2.2240143948693003e-07,0.7243243455886841,0.6010614633560181,-0.00254535349085927,0.6803115010261536,0.5896596908569336,-0.008174083195626736,0.6519145369529724,0.5707624554634094,-0.015016010031104088,0.6314688920974731,0.5430675745010376,-0.02388671413064003,0.6672783493995667,0.589813232421875,-0.01488578412681818,0.6456300020217896,0.6194561123847961,-0.02469010464847088,0.6309394240379333,0.6362709403038025,-0.03134234622120857,0.6139624118804932,0.6537415981292725,-0.03713104873895645,0.6813133955001831,0.6019397974014282,-0.021135447546839714,0.664110004901886,0.6741166710853577,-0.03394155576825142,0.655845582485199,0.7142547965049744,-0.04000971093773842,0.646465003490448,0.744407057762146,-0.04492040351033211,0.7011966705322266,0.6185433864593506,-0.027004238218069077,0.691926121711731,0.6787573099136353,-0.03931606933474541,0.7072082757949829,0.6656662225723267,-0.038840338587760925,0.7153162360191345,0.6442638039588928,-0.03815336897969246,0.7211061120033264,0.6335152387619019,-0.03266302868723869,0.7121068239212036,0.6804630160331726,-0.04208824038505554,0.722904622554779,0.671382486820221,-0.039929088205099106,0.728700578212738,0.6511183977127075,-0.037534356117248535,SEE YOU LATER 
0.7611338496208191,0.613980770111084,-1.4399569181478e-07,0.7244997620582581,0.6019991636276245,-0.003523206803947687,0.6798867583274841,0.5885103940963745,-0.009558187797665596,0.6519100069999695,0.5686047077178955,-0.01664927415549755,0.6325329542160034,0.5415747761726379,-0.02594129554927349,0.6669588685035706,0.5904566645622253,-0.01720142923295498,0.6435551047325134,0.6200368404388428,-0.027129527181386948,0.627234935760498,0.637688398361206,-0.03360988199710846,0.61061030626297,0.6550813913345337,-0.0392533615231514,0.6808745861053467,0.6023691892623901,-0.02292676456272602,0.6651771664619446,0.6714529991149902,-0.035755474120378494,0.6566928625106812,0.7119306921958923,-0.0419783815741539,0.6472592353820801,0.7438821196556091,-0.04688376933336258,0.7008081078529358,0.6173850297927856,-0.028128113597631454,0.6930853128433228,0.6796718835830688,-0.040859680622816086,0.7077553272247314,0.6678290963172913,-0.04021758213639259,0.7163135409355164,0.6490932106971741,-0.03856668993830681,0.7210688591003418,0.6320967674255371,-0.03323512151837349,0.7132938504219055,0.6792187690734863,-0.04306725040078163,0.7229982018470764,0.6688016057014465,-0.04073195904493332,0.7285240292549133,0.6493701934814453,-0.0376473031938076,SEE YOU LATER 
0.7623977661132812,0.6076715588569641,-1.8612566066167346e-07,0.7234618067741394,0.5969641208648682,-0.003238582517951727,0.6766347885131836,0.5870975852012634,-0.01005491055548191,0.6464988589286804,0.568908154964447,-0.017898328602313995,0.6244298815727234,0.5412726402282715,-0.02809727005660534,0.6627084612846375,0.5933198928833008,-0.017156561836600304,0.6419260501861572,0.631080687046051,-0.027310196310281754,0.6273339986801147,0.6533594727516174,-0.034732796251773834,0.611878514289856,0.674911618232727,-0.041267573833465576,0.6777111887931824,0.6052446961402893,-0.023440904915332794,0.6649667024612427,0.6766173839569092,-0.036116939038038254,0.6593202948570251,0.7190489768981934,-0.042444922029972076,0.652172327041626,0.7527550458908081,-0.047766298055648804,0.6986566185951233,0.6198261380195618,-0.029234012588858604,0.6911056041717529,0.6832549571990967,-0.041428666561841965,0.7057971358299255,0.6694965958595276,-0.04092962294816971,0.7142075300216675,0.6487827301025391,-0.04015350341796875,0.7197742462158203,0.6340607404708862,-0.03490766882896423,0.7127383351325989,0.6826513409614563,-0.04474961757659912,0.7225550413131714,0.6706276535987854,-0.04273930937051773,0.7278714776039124,0.6490484476089478,-0.040279511362314224,SEE YOU LATER 
0.7636507153511047,0.6093134880065918,-1.7402570051672228e-07,0.7249825596809387,0.5968841910362244,-0.0024447019677609205,0.6782060265541077,0.5867542028427124,-0.008794689550995827,0.6486451625823975,0.5681230425834656,-0.016482796519994736,0.6265588402748108,0.5428118109703064,-0.026245834305882454,0.6632265448570251,0.5944668650627136,-0.015971772372722626,0.6412372589111328,0.6325085163116455,-0.026399990543723106,0.6265667080879211,0.6559191346168518,-0.03422345221042633,0.6116138100624084,0.677687406539917,-0.041029077023267746,0.6773995757102966,0.6075791120529175,-0.022900426760315895,0.6648352146148682,0.6788172721862793,-0.03574634715914726,0.6592124700546265,0.7199881672859192,-0.04270002990961075,0.6516386270523071,0.7523651123046875,-0.04847967252135277,0.6977984309196472,0.6218071579933167,-0.029328223317861557,0.6911642551422119,0.6851685643196106,-0.04145868867635727,0.7057231664657593,0.6692943572998047,-0.04040158912539482,0.7135388255119324,0.6476889252662659,-0.03915178403258324,0.7191938161849976,0.6349952220916748,-0.03574729338288307,0.712531328201294,0.6824697852134705,-0.04541973024606705,0.7222400903701782,0.6693642735481262,-0.042667556554079056,0.7271192669868469,0.6478387117385864,-0.03964046761393547,SEE YOU LATER 
0.7599552869796753,0.6135803461074829,-2.0016459245653095e-07,0.7196802496910095,0.6046210527420044,-0.0026984678115695715,0.6707078814506531,0.600731372833252,-0.010343021713197231,0.638809084892273,0.5872576236724854,-0.018465010449290276,0.6151202917098999,0.5642939805984497,-0.029183346778154373,0.6620004773139954,0.6061741709709167,-0.02304975688457489,0.635732114315033,0.6593736410140991,-0.0340673103928566,0.6239023804664612,0.6946864128112793,-0.0412856824696064,0.6136345267295837,0.7262909412384033,-0.04677693545818329,0.6780762672424316,0.6202184557914734,-0.02888454496860504,0.6644781827926636,0.6948325037956238,-0.03908372297883034,0.6603943705558777,0.7409188747406006,-0.04393407702445984,0.6569408774375916,0.777262270450592,-0.04912511259317398,0.7004925608634949,0.6370096802711487,-0.033674370497465134,0.6908931136131287,0.6977849006652832,-0.04299392178654671,0.7045596241950989,0.6882416009902954,-0.04125446826219559,0.715413510799408,0.6712537407875061,-0.040624164044857025,0.7225333452224731,0.6538448929786682,-0.03816128149628639,0.7112264633178711,0.7021529078483582,-0.045633211731910706,0.7187169194221497,0.6957690119743347,-0.042080651968717575,0.7248321771621704,0.6793851256370544,-0.03913089260458946,SEE YOU LATER 
0.7604857087135315,0.6137559413909912,-1.960413271717698e-07,0.7196434736251831,0.6059226393699646,-0.003279370255768299,0.669927179813385,0.6030428409576416,-0.011816308833658695,0.6368012428283691,0.5901409387588501,-0.020851215347647667,0.6131094098091125,0.5676277279853821,-0.031969599425792694,0.6624007821083069,0.6053298115730286,-0.025267675518989563,0.6357534527778625,0.6561046242713928,-0.03824733942747116,0.623070478439331,0.6909617185592651,-0.0469331368803978,0.6121810674667358,0.7232704162597656,-0.053639188408851624,0.6780986785888672,0.6201916933059692,-0.03169166296720505,0.6655038595199585,0.6917370557785034,-0.04522267356514931,0.6611191630363464,0.7359670996665955,-0.05162328481674194,0.6564142107963562,0.7713846564292908,-0.05762974172830582,0.6997835040092468,0.6363691091537476,-0.03701164200901985,0.6911601424217224,0.699204683303833,-0.04802143573760986,0.7027419209480286,0.6874849796295166,-0.044831905514001846,0.7118681073188782,0.6693421006202698,-0.042922232300043106,0.721213161945343,0.6523087620735168,-0.04234857112169266,0.7110763788223267,0.7009025812149048,-0.050165142863988876,0.7188686728477478,0.6925615668296814,-0.04535507410764694,0.7247925996780396,0.6742135286331177,-0.04141858592629433,SEE YOU LATER 
0.7604472041130066,0.6308562159538269,-2.0648779752718838e-07,0.7193803787231445,0.6236569285392761,-0.0026145093142986298,0.6736460328102112,0.6291309595108032,-0.008773169480264187,0.6407518982887268,0.6332403421401978,-0.014762479811906815,0.6153066754341125,0.6314836740493774,-0.0232232753187418,0.6597362756729126,0.6390365958213806,-0.024526676163077354,0.6360623836517334,0.7003580331802368,-0.03458089381456375,0.6269298195838928,0.739377498626709,-0.040847089141607285,0.6184755563735962,0.7731817364692688,-0.0455467514693737,0.6764642596244812,0.6510637998580933,-0.029281077906489372,0.6633937954902649,0.7282750606536865,-0.038241252303123474,0.6596211194992065,0.7777778506278992,-0.04210531711578369,0.6565662622451782,0.8160746097564697,-0.046892087906599045,0.6994356513023376,0.6668360829353333,-0.03255506232380867,0.6903014183044434,0.7297930121421814,-0.040296219289302826,0.7030736804008484,0.7235342860221863,-0.03750750795006752,0.7145450115203857,0.7095843553543091,-0.03646909072995186,0.7225732803344727,0.6834362149238586,-0.035602714866399765,0.7117857336997986,0.73622727394104,-0.04338619112968445,0.717788815498352,0.7334058284759521,-0.03959447517991066,0.7239194512367249,0.7197726964950562,-0.03609485924243927,SEE YOU LATER 
0.7591848373413086,0.630302369594574,-1.9208802370940248e-07,0.7196866869926453,0.6232385039329529,0.0014528866158798337,0.6819276809692383,0.6388520002365112,-0.004570681136101484,0.6609495282173157,0.6634652018547058,-0.011541351675987244,0.6537201404571533,0.6861776113510132,-0.02043631300330162,0.6578235626220703,0.6414330005645752,-0.02006697468459606,0.6348856687545776,0.7026231288909912,-0.030503327026963234,0.6251693367958069,0.7417665719985962,-0.038460761308670044,0.6167945265769958,0.7750630974769592,-0.04466796666383743,0.6736467480659485,0.6578438878059387,-0.02745073288679123,0.6633855700492859,0.7281730771064758,-0.03846900165081024,0.6621817350387573,0.7743360996246338,-0.04385305941104889,0.6613853573799133,0.8092023730278015,-0.04911995679140091,0.6957292556762695,0.6745672225952148,-0.033031776547431946,0.6908347606658936,0.7337066531181335,-0.039862073957920074,0.7012261748313904,0.7222563028335571,-0.03671061247587204,0.7097998261451721,0.7040264010429382,-0.03562026098370552,0.7186568975448608,0.690265417098999,-0.03854743763804436,0.7115223407745361,0.7364761233329773,-0.043999332934617996,0.7190737128257751,0.7299153804779053,-0.039343442767858505,0.7248134613037109,0.7140897512435913,-0.035732369869947433,SEE YOU LATER 
0.7447158098220825,0.6519870162010193,-5.059165175680391e-08,0.6996006369590759,0.646917998790741,-0.00032923725666478276,0.6504830121994019,0.6564903259277344,-0.007305009290575981,0.6157806515693665,0.6457308530807495,-0.015856986865401268,0.5907092094421387,0.6255877017974854,-0.02694738656282425,0.6449990272521973,0.6986076235771179,-0.016925936564803123,0.6246474385261536,0.7647260427474976,-0.024584343656897545,0.6203702688217163,0.8053032755851746,-0.030755072832107544,0.6174418330192566,0.8394816517829895,-0.03550207242369652,0.6657472848892212,0.7189087271690369,-0.02258436195552349,0.6623044013977051,0.7905224561691284,-0.027583152055740356,0.6641472578048706,0.8309385180473328,-0.031249945983290672,0.6652640700340271,0.8608468770980835,-0.036148373037576675,0.6921886801719666,0.7326396703720093,-0.026986178010702133,0.6926435232162476,0.7801497578620911,-0.029634105041623116,0.7027459144592285,0.761906623840332,-0.027067018672823906,0.7094981670379639,0.7385825514793396,-0.027106044813990593,0.7165146470069885,0.7422462701797485,-0.03131717070937157,0.7150413990020752,0.7790073156356812,-0.03219874948263168,0.7205983400344849,0.7635135650634766,-0.02650766633450985,0.7229079008102417,0.7404624223709106,-0.02283647283911705,SEE YOU LATER 
0.7422531843185425,0.6457456946372986,-2.604278748208344e-08,0.6962767839431763,0.6446480751037598,-0.0010620317189022899,0.6498743295669556,0.6563626527786255,-0.00802377238869667,0.6149035692214966,0.6464049816131592,-0.016629714518785477,0.5897748470306396,0.6257510185241699,-0.0272371843457222,0.6417207717895508,0.7001269459724426,-0.017558090388774872,0.6250331997871399,0.7646101713180542,-0.027535799890756607,0.6193760633468628,0.8045081496238708,-0.03456800431013107,0.615230917930603,0.8369031548500061,-0.03983838111162186,0.6627835035324097,0.7181078791618347,-0.024104198440909386,0.6589559316635132,0.7806606292724609,-0.03315884619951248,0.6622883677482605,0.8204588294029236,-0.037688467651605606,0.6645341515541077,0.8487140536308289,-0.04188865050673485,0.688750684261322,0.7297148108482361,-0.029708197340369225,0.6905127763748169,0.7783554196357727,-0.03694143518805504,0.6981835961341858,0.7585374116897583,-0.03325459733605385,0.7035009860992432,0.7338835000991821,-0.030361559242010117,0.7151578664779663,0.7381123304367065,-0.035621773451566696,0.7121683359146118,0.7778736352920532,-0.03907771036028862,0.7171213030815125,0.7627171277999878,-0.03255096450448036,0.7190814018249512,0.7414749264717102,-0.027090227231383324,SEE YOU LATER 
0.7404534816741943,0.652124285697937,9.696572433881556e-10,0.694953441619873,0.6475681066513062,-0.004315897356718779,0.6462969779968262,0.6579633355140686,-0.013453276827931404,0.6092864274978638,0.6512577533721924,-0.023194001987576485,0.5833243727684021,0.6302865147590637,-0.03482552990317345,0.6381382346153259,0.7003301382064819,-0.025076622143387794,0.6231456398963928,0.7668176293373108,-0.03685082122683525,0.6164716482162476,0.8081421256065369,-0.04438334330916405,0.6116873621940613,0.8417180776596069,-0.04986941069364548,0.6598036885261536,0.7194220423698425,-0.030282001942396164,0.6568657755851746,0.7874393463134766,-0.04025406017899513,0.6587526798248291,0.8268433809280396,-0.04421383515000343,0.6598360538482666,0.8542436957359314,-0.04828539863228798,0.6857267618179321,0.7326970100402832,-0.03447617590427399,0.6878601312637329,0.7877839207649231,-0.04322870820760727,0.6948530077934265,0.7672389149665833,-0.0391555055975914,0.6994273662567139,0.7411548495292664,-0.035791508853435516,0.7125158309936523,0.7432855367660522,-0.03909887373447418,0.7093608379364014,0.7852179408073425,-0.04447919502854347,0.714790403842926,0.7681947350502014,-0.03851045295596123,0.7175402045249939,0.7450703978538513,-0.03315822407603264,SEE YOU LATER 
0.7380725741386414,0.6514868140220642,-1.8644289667690828e-08,0.6931862235069275,0.6475121378898621,-0.0033055178355425596,0.6454704403877258,0.658345639705658,-0.011718161404132843,0.608706533908844,0.6507930755615234,-0.021144913509488106,0.5834760665893555,0.6297274827957153,-0.03253442421555519,0.6372554302215576,0.7029003500938416,-0.022122910246253014,0.6222683787345886,0.7681977152824402,-0.03323433920741081,0.6164241433143616,0.8088086843490601,-0.04093477874994278,0.6122543811798096,0.8423227667808533,-0.04670345038175583,0.6590977311134338,0.721677839756012,-0.027741650119423866,0.6572219133377075,0.7887958288192749,-0.037453580647706985,0.6592669486999512,0.829205334186554,-0.04212541878223419,0.6603487133979797,0.8585984706878662,-0.04668299853801727,0.685657262802124,0.7340157628059387,-0.032345451414585114,0.6888217329978943,0.7872135639190674,-0.04041965305805206,0.6958417892456055,0.7654980421066284,-0.03671712428331375,0.7005671858787537,0.7396848797798157,-0.033810000866651535,0.7127115726470947,0.743323802947998,-0.03736024349927902,0.7112649083137512,0.7840376496315002,-0.04210563749074936,0.7160766124725342,0.7665076851844788,-0.03618766739964485,0.7178919315338135,0.7436507344245911,-0.031001828610897064,SEE YOU LATER 
0.7353353500366211,0.6461797952651978,1.0905910841074729e-08,0.6910035014152527,0.6419664025306702,-0.004553902894258499,0.6441864967346191,0.6521039605140686,-0.012874063104391098,0.6075735092163086,0.6436992883682251,-0.02207927592098713,0.5816712975502014,0.624436616897583,-0.0331740565598011,0.6365751624107361,0.6993545293807983,-0.021427152678370476,0.6199670433998108,0.7634953856468201,-0.032348405569791794,0.6127786636352539,0.8032631874084473,-0.039712756872177124,0.6064274907112122,0.83577960729599,-0.04528607055544853,0.6577370166778564,0.7183406352996826,-0.026306644082069397,0.6546857953071594,0.780834972858429,-0.03675805404782295,0.657343864440918,0.8175494074821472,-0.041668202728033066,0.6593426465988159,0.8435576558113098,-0.045798350125551224,0.6837208271026611,0.7311588525772095,-0.03038281947374344,0.686499297618866,0.7800532579421997,-0.03986966237425804,0.6938067674636841,0.7591809034347534,-0.03663208335638046,0.6986938118934631,0.7337965965270996,-0.03332320228219032,0.7103161811828613,0.7412889003753662,-0.03496013209223747,0.7084345817565918,0.7776991128921509,-0.04112999886274338,0.7136051058769226,0.7605657577514648,-0.03583947569131851,0.7157768607139587,0.7383302450180054,-0.030582061037421227,SEE YOU LATER 
0.7363148331642151,0.6471849679946899,1.552153072736928e-08,0.6915370225906372,0.6421326398849487,-0.004149400629103184,0.6445028185844421,0.6524467468261719,-0.012660159729421139,0.6080540418624878,0.64546799659729,-0.021818527951836586,0.582114577293396,0.626253604888916,-0.03295179456472397,0.6369159817695618,0.6975331902503967,-0.02339782379567623,0.6198323369026184,0.762725830078125,-0.03372284770011902,0.6129953265190125,0.8025726079940796,-0.040379345417022705,0.6074231863021851,0.8348572850227356,-0.04535016417503357,0.6590538024902344,0.7165290713310242,-0.028015028685331345,0.6558511853218079,0.7825527191162109,-0.036851584911346436,0.6575782895088196,0.8214124441146851,-0.04050049930810928,0.6588556170463562,0.8487767577171326,-0.04427584633231163,0.6855255365371704,0.7293334603309631,-0.03157806023955345,0.6865779757499695,0.7810736298561096,-0.03978966176509857,0.6933086514472961,0.7613117098808289,-0.03603286296129227,0.6985658407211304,0.7364434003829956,-0.032738085836172104,0.7123079299926758,0.7392778992652893,-0.035495780408382416,0.7078692317008972,0.7784080505371094,-0.040685009211301804,0.7130753397941589,0.761853814125061,-0.034695710986852646,0.7163007855415344,0.739794135093689,-0.02913775108754635,SEE YOU LATER 
0.7376358509063721,0.6455946564674377,-8.25669843607102e-09,0.6921496987342834,0.6386294960975647,-0.003500970546156168,0.6439167261123657,0.6464603543281555,-0.01138751208782196,0.607002317905426,0.6372255086898804,-0.020014116540551186,0.5813839435577393,0.6169912219047546,-0.030594374984502792,0.6367758512496948,0.6921235918998718,-0.02261357195675373,0.6186480522155762,0.756057620048523,-0.033025167882442474,0.6117002964019775,0.7961593866348267,-0.03973013162612915,0.6057050228118896,0.828783392906189,-0.044967055320739746,0.6578221321105957,0.7108498215675354,-0.027876222506165504,0.6532794237136841,0.7755206823348999,-0.03763729706406593,0.6552353501319885,0.8136109113693237,-0.041765619069337845,0.6564731597900391,0.8408277034759521,-0.04580429941415787,0.68364417552948,0.724071741104126,-0.03205978125333786,0.6838787198066711,0.7761269807815552,-0.04064975678920746,0.690729022026062,0.7551870346069336,-0.03624505177140236,0.6957097053527832,0.7305947542190552,-0.032601334154605865,0.7103450894355774,0.7345951199531555,-0.036669787019491196,0.7062645554542542,0.7735031843185425,-0.042431823909282684,0.7110164165496826,0.7567554116249084,-0.036408938467502594,0.7131561040878296,0.7355173230171204,-0.03087722323834896,SEE YOU LATER 
0.7380887269973755,0.6474004983901978,-1.19439986789871e-08,0.6927526593208313,0.6401210427284241,-0.0033774985931813717,0.6442578434944153,0.6492486596107483,-0.011933104135096073,0.6074760556221008,0.6390740871429443,-0.021156951785087585,0.5816577076911926,0.6184400916099548,-0.03244433179497719,0.6362558007240295,0.6910474300384521,-0.024654116481542587,0.6180471181869507,0.7567873001098633,-0.035049960017204285,0.610926628112793,0.7964044809341431,-0.0417226143181324,0.6054734587669373,0.8285692930221558,-0.04675387218594551,0.6579831838607788,0.7099418044090271,-0.029847655445337296,0.6536956429481506,0.7784603834152222,-0.03891686722636223,0.6553784608840942,0.8192887306213379,-0.04249708354473114,0.6567949056625366,0.8482182025909424,-0.0463716983795166,0.6841535568237305,0.7237268686294556,-0.03377870097756386,0.6838358640670776,0.7770072817802429,-0.04098201170563698,0.6906754374504089,0.7565548419952393,-0.03637024760246277,0.6961081027984619,0.7315535545349121,-0.03312885761260986,0.7105913162231445,0.7349972128868103,-0.038104161620140076,0.706238865852356,0.7747125625610352,-0.04255852848291397,0.7113641500473022,0.7575560212135315,-0.03603136166930199,0.714181661605835,0.7354934215545654,-0.030459512025117874,SEE YOU LATER 
0.7381764054298401,0.6444785594940186,-1.6723873841328896e-08,0.6942679286003113,0.6384516954421997,-0.004183415323495865,0.6452381014823914,0.6470518708229065,-0.012591833248734474,0.6082854270935059,0.6368352770805359,-0.021603446453809738,0.5827614068984985,0.6149123907089233,-0.03244198113679886,0.636076807975769,0.6886749267578125,-0.023055318742990494,0.6164959669113159,0.7517147660255432,-0.03378362953662872,0.608429491519928,0.7905980348587036,-0.04071129858493805,0.6018730998039246,0.8223097920417786,-0.04611867293715477,0.6569340825080872,0.70710289478302,-0.02811703085899353,0.6512802243232727,0.7728325724601746,-0.03820701315999031,0.652893602848053,0.811833381652832,-0.042312707751989365,0.6537700891494751,0.8401113152503967,-0.046346429735422134,0.6825401186943054,0.7208239436149597,-0.03227154165506363,0.6817854642868042,0.7744745016098022,-0.04131656885147095,0.6898964047431946,0.7528188824653625,-0.037199608981609344,0.6956455707550049,0.727367639541626,-0.03379584103822708,0.7087275981903076,0.7326713800430298,-0.036866314709186554,0.704225480556488,0.7715975642204285,-0.04312519729137421,0.7096875905990601,0.7534213066101074,-0.037688788026571274,0.7121040225028992,0.7312712669372559,-0.03265732154250145,SEE YOU LATER 
0.7385914325714111,0.6450467109680176,-2.512755159500557e-08,0.6941145062446594,0.6384322047233582,-0.003585745580494404,0.6450146436691284,0.6469347476959229,-0.012021257542073727,0.6084731817245483,0.636641263961792,-0.021162038668990135,0.5829811692237854,0.6151425838470459,-0.03222759813070297,0.6351723670959473,0.6878309845924377,-0.02312050387263298,0.6169067025184631,0.7515644431114197,-0.03353489935398102,0.6094483733177185,0.7900065779685974,-0.04033425450325012,0.603312611579895,0.8213614821434021,-0.04562743753194809,0.6564011573791504,0.7064011096954346,-0.028471875935792923,0.6516494154930115,0.7732969522476196,-0.03810342773795128,0.6531127095222473,0.8129266500473022,-0.042091004550457,0.6538800597190857,0.8414682745933533,-0.04620048403739929,0.6823433637619019,0.7201793789863586,-0.03276918828487396,0.6817830801010132,0.7740650177001953,-0.041268717497587204,0.6897177696228027,0.7525503635406494,-0.03711531311273575,0.6955591440200806,0.7271708250045776,-0.03392323851585388,0.7086941003799438,0.731927752494812,-0.03744146600365639,0.7042182683944702,0.7715782523155212,-0.04326314479112625,0.7099073529243469,0.7534453272819519,-0.03756263107061386,0.7126423716545105,0.731000542640686,-0.03245348110795021,SEE YOU LATER 
0.738892674446106,0.6436333060264587,-3.834425399418251e-08,0.6943035125732422,0.6368470191955566,-0.002613029908388853,0.6452534198760986,0.6450772285461426,-0.01079503819346428,0.6083546876907349,0.6352730989456177,-0.01998499222099781,0.5823545455932617,0.6132273077964783,-0.031185073778033257,0.6359056234359741,0.6852225065231323,-0.021997878327965736,0.6160315871238708,0.7490320801734924,-0.032568104565143585,0.6079782843589783,0.7881750464439392,-0.0393969789147377,0.6017252206802368,0.8196834325790405,-0.044671423733234406,0.6565338373184204,0.7038780450820923,-0.02778659760951996,0.6523215174674988,0.7738882899284363,-0.03728827089071274,0.6536862254142761,0.8118554353713989,-0.04112768918275833,0.6540107131004333,0.8387641906738281,-0.045223794877529144,0.6821938753128052,0.7173670530319214,-0.03251155465841293,0.6817875504493713,0.7745579481124878,-0.04102083668112755,0.6898805499076843,0.7522164583206177,-0.03677607327699661,0.6958483457565308,0.7263896465301514,-0.033612895756959915,0.7084909081459045,0.7288985252380371,-0.03750886023044586,0.7041149735450745,0.7715002298355103,-0.043393880128860474,0.7096960544586182,0.7531334757804871,-0.03770313411951065,0.7125403881072998,0.7304627895355225,-0.03267256170511246,SEE YOU LATER 
0.7387234568595886,0.643713116645813,-4.437110590060911e-08,0.6941320896148682,0.6367664337158203,-0.0026140701957046986,0.6450413465499878,0.6450083255767822,-0.01076711155474186,0.6082032918930054,0.6355900168418884,-0.01991010084748268,0.5823931097984314,0.6128036975860596,-0.031047336757183075,0.6357069611549377,0.685356616973877,-0.022225182503461838,0.6156789064407349,0.748875081539154,-0.032761141657829285,0.6079395413398743,0.7879120707511902,-0.03952966257929802,0.6019441485404968,0.819328248500824,-0.0447421558201313,0.6563674211502075,0.7039887309074402,-0.027958692982792854,0.6522316336631775,0.7739983797073364,-0.03740830719470978,0.6537270545959473,0.8125643134117126,-0.041107144206762314,0.6541478037834167,0.8399333953857422,-0.0451144203543663,0.6820600032806396,0.7175086736679077,-0.03259934484958649,0.6817829608917236,0.7744941115379333,-0.040920983999967575,0.6900208592414856,0.7524921894073486,-0.03646225109696388,0.6961607933044434,0.7269307971000671,-0.033216726034879684,0.7082832455635071,0.7290697693824768,-0.03753429278731346,0.7040696740150452,0.7716155052185059,-0.043202437460422516,0.7097671627998352,0.7534416913986206,-0.037324100732803345,0.7127057313919067,0.730858325958252,-0.03219439461827278,SEE YOU LATER 
0.7381388545036316,0.6425882577896118,-3.637221013264025e-08,0.6934052109718323,0.6369134187698364,-0.002211830811575055,0.6447650194168091,0.6442187428474426,-0.010398724116384983,0.6082905530929565,0.6336035132408142,-0.019578196108341217,0.5826361775398254,0.610828161239624,-0.03078341670334339,0.6358938217163086,0.6844356060028076,-0.022549524903297424,0.6152311563491821,0.7484633326530457,-0.032966434955596924,0.6067934632301331,0.7867989540100098,-0.039526138454675674,0.6002782583236694,0.8178121447563171,-0.04461231827735901,0.6563238501548767,0.7029391527175903,-0.028518537059426308,0.6519829034805298,0.7731773853302002,-0.03774235397577286,0.6530560851097107,0.8128469586372375,-0.04134485125541687,0.6529480218887329,0.8414821028709412,-0.045436304062604904,0.6820528507232666,0.7164965271949768,-0.033319953829050064,0.6813022494316101,0.7738772034645081,-0.04146553575992584,0.6895383596420288,0.7513737082481384,-0.03685130551457405,0.6952943205833435,0.7255855798721313,-0.033559687435626984,0.7087091207504272,0.7278664708137512,-0.03834385797381401,0.7037612795829773,0.771091878414154,-0.043895456939935684,0.7093825936317444,0.752528965473175,-0.03777844458818436,0.712080717086792,0.729780375957489,-0.032488126307725906,SEE YOU LATER 
0.7379879355430603,0.6435015201568604,-3.620377242441464e-08,0.6930249929428101,0.6374022364616394,-0.001964351162314415,0.6445783376693726,0.6445600390434265,-0.010140853933990002,0.6083126068115234,0.6340798139572144,-0.0194034893065691,0.5827041268348694,0.6112266778945923,-0.03072688914835453,0.6352685689926147,0.6846603155136108,-0.02215581014752388,0.6152351498603821,0.7487375140190125,-0.03256135806441307,0.6070995330810547,0.7868436574935913,-0.039177265018224716,0.6008095741271973,0.8176849484443665,-0.044246889650821686,0.6559410691261292,0.7030516266822815,-0.028296740725636482,0.65171217918396,0.7735122442245483,-0.03739560768008232,0.6527895927429199,0.8132517337799072,-0.0409715436398983,0.6528156995773315,0.8416112065315247,-0.045022644102573395,0.681779146194458,0.7165077924728394,-0.033281996846199036,0.6812701225280762,0.7734711170196533,-0.041380446404218674,0.6894194483757019,0.7514607310295105,-0.036915116012096405,0.6951137185096741,0.725842297077179,-0.03367101028561592,0.7085011005401611,0.7279061079025269,-0.03846728801727295,0.7035852074623108,0.7714848518371582,-0.04382980242371559,0.7092119455337524,0.753120481967926,-0.03765103965997696,0.711983859539032,0.7302969694137573,-0.032316818833351135,SEE YOU LATER 
0.7387717366218567,0.6448689699172974,-4.024024491400269e-08,0.6944932341575623,0.6385542154312134,-0.0029808394610881805,0.6455939412117004,0.6457599997520447,-0.011248097755014896,0.6089975237846375,0.6349650621414185,-0.020374851301312447,0.5835570096969604,0.6114267706871033,-0.03148256242275238,0.6355250477790833,0.6836646795272827,-0.02309226617217064,0.6160542368888855,0.7463433742523193,-0.03367697447538376,0.6080129146575928,0.7842432856559753,-0.04039855673909187,0.6012700200080872,0.8155418634414673,-0.045629531145095825,0.6556734442710876,0.7023262977600098,-0.02871023863554001,0.6521819829940796,0.7703152894973755,-0.03816573694348335,0.6534267067909241,0.8113202452659607,-0.04202280566096306,0.6532851457595825,0.8413645625114441,-0.04630374535918236,0.6811975836753845,0.716808021068573,-0.03322744742035866,0.6815271973609924,0.771959662437439,-0.04136602208018303,0.6901927590370178,0.7515966892242432,-0.037033338099718094,0.6961498856544495,0.7271053194999695,-0.03392456844449043,0.7077229619026184,0.7298070192337036,-0.03807593882083893,0.7045276165008545,0.7715586423873901,-0.04345731809735298,0.7101920247077942,0.7545242309570312,-0.037650953978300095,0.7126883268356323,0.7325131893157959,-0.032584529370069504,SEE YOU LATER 
0.7380099892616272,0.6447932720184326,-3.99913453463796e-08,0.6942898631095886,0.6391429901123047,-0.003235069802030921,0.6454088687896729,0.645588755607605,-0.01185104064643383,0.6089046597480774,0.6343202590942383,-0.02130516618490219,0.5831027626991272,0.6112395524978638,-0.03271230310201645,0.6358923316001892,0.6844111084938049,-0.02365751564502716,0.6158872246742249,0.7467569708824158,-0.03464826941490173,0.6074240207672119,0.7846711874008179,-0.041521456092596054,0.6003682613372803,0.8159374594688416,-0.046842653304338455,0.6558900475502014,0.7024449706077576,-0.02934720553457737,0.6520984172821045,0.7708462476730347,-0.03936612606048584,0.6531429290771484,0.8119836449623108,-0.043310269713401794,0.6528202295303345,0.8425244688987732,-0.047605227679014206,0.6813969016075134,0.7164564728736877,-0.033969029784202576,0.6815942525863647,0.7728646397590637,-0.042533669620752335,0.6905623078346252,0.7518286108970642,-0.0379856713116169,0.6965959668159485,0.7268332242965698,-0.03471105918288231,0.7077828645706177,0.7291712164878845,-0.038951367139816284,0.7046080827713013,0.7719180583953857,-0.044714026153087616,0.7101659178733826,0.7547991871833801,-0.038963038474321365,0.7124124765396118,0.7326799631118774,-0.03394048288464546,SEE YOU LATER 
0.7380212545394897,0.6461179852485657,-3.44738850799331e-08,0.6943669319152832,0.6387282609939575,-0.0028126086108386517,0.6458418965339661,0.6457481980323792,-0.010927694849669933,0.6095062494277954,0.6358428597450256,-0.020020805299282074,0.584499180316925,0.6121616363525391,-0.031128374859690666,0.6362993121147156,0.6853501200675964,-0.02239377237856388,0.6157959699630737,0.7475074529647827,-0.032652102410793304,0.6066685318946838,0.7852237224578857,-0.039148278534412384,0.599191427230835,0.8159694075584412,-0.044277895241975784,0.6561474800109863,0.7040462493896484,-0.028045831248164177,0.6524893045425415,0.773155927658081,-0.03735926374793053,0.6533344388008118,0.8134046792984009,-0.0409851036965847,0.653008222579956,0.8425526022911072,-0.04503101482987404,0.681484043598175,0.7182583808898926,-0.03262762352824211,0.6813797354698181,0.7736550569534302,-0.04059714078903198,0.689929723739624,0.7529207468032837,-0.03606127202510834,0.6958885788917542,0.728593111038208,-0.03282100707292557,0.7075172066688538,0.7306782603263855,-0.037534479051828384,0.7038437724113464,0.7730192542076111,-0.04263982176780701,0.7096009850502014,0.75603187084198,-0.03660747781395912,0.7123229503631592,0.7343481779098511,-0.03144630044698715,SEE YOU LATER 
0.73830246925354,0.646152675151825,-3.609106968838205e-08,0.6947052478790283,0.6387304067611694,-0.0028838652651757,0.646010160446167,0.6457241177558899,-0.011106181889772415,0.609380841255188,0.6358626484870911,-0.020272163674235344,0.5840110182762146,0.611980676651001,-0.03147014603018761,0.6363015174865723,0.6848212480545044,-0.022612493485212326,0.6157808899879456,0.747069239616394,-0.03299039229750633,0.6066731214523315,0.7851369380950928,-0.03955207020044327,0.5991472005844116,0.8161855340003967,-0.044754792004823685,0.6557777523994446,0.7035244703292847,-0.02819414809346199,0.652334988117218,0.7727401852607727,-0.03754210099577904,0.6533225774765015,0.8131119608879089,-0.04113299399614334,0.6529823541641235,0.8424344062805176,-0.04520648717880249,0.6809974908828735,0.718004047870636,-0.03269871696829796,0.6810020804405212,0.77376788854599,-0.04062394052743912,0.6899356245994568,0.7530938386917114,-0.03591658174991608,0.6960395574569702,0.7288840413093567,-0.03261889889836311,0.7070881724357605,0.7309592962265015,-0.037545181810855865,0.7037493586540222,0.773185133934021,-0.042680900543928146,0.709646999835968,0.7562810182571411,-0.03665478155016899,0.7122517228126526,0.7348501086235046,-0.0315154530107975,SEE YOU LATER 
0.740069568157196,0.6474765539169312,-3.763482681051755e-08,0.6964252591133118,0.640028715133667,-0.002812240505591035,0.6472095251083374,0.6465820074081421,-0.011175264604389668,0.6101424694061279,0.6363824605941772,-0.020351581275463104,0.5850211977958679,0.6123301982879639,-0.03158964961767197,0.637612521648407,0.6840372085571289,-0.024317990988492966,0.6163637042045593,0.7462574243545532,-0.035041093826293945,0.606852114200592,0.7842164039611816,-0.041700009256601334,0.5990798473358154,0.8154904842376709,-0.046972788870334625,0.6575724482536316,0.7024176120758057,-0.030095526948571205,0.6530044078826904,0.7714124917984009,-0.040041934698820114,0.6535804271697998,0.8127220273017883,-0.04368264973163605,0.6529942750930786,0.8431447744369507,-0.047828756272792816,0.6830100417137146,0.7170809507369995,-0.034668877720832825,0.6811204552650452,0.7745457887649536,-0.04295504465699196,0.6900280117988586,0.7540189623832703,-0.03794320300221443,0.6965147256851196,0.7295966744422913,-0.034468598663806915,0.7092021703720093,0.7304641008377075,-0.039570074528455734,0.7039886116981506,0.7739567160606384,-0.0451236329972744,0.7097100615501404,0.7571532726287842,-0.039110105484724045,0.7125312089920044,0.7353419065475464,-0.033970072865486145,SEE YOU LATER 
0.7394131422042847,0.6469098329544067,-4.475803905279463e-08,0.695565402507782,0.64061439037323,-0.0028107869438827038,0.6465713381767273,0.6467038989067078,-0.01132975984364748,0.610117495059967,0.636258065700531,-0.02079741470515728,0.5846208930015564,0.613080620765686,-0.03226020559668541,0.637430727481842,0.6846458911895752,-0.02395021542906761,0.6164156198501587,0.7458363771438599,-0.035140085965394974,0.6067287921905518,0.7833603024482727,-0.04217517375946045,0.5988656878471375,0.8145879507064819,-0.04769697040319443,0.6574554443359375,0.7027530074119568,-0.030101869255304337,0.6529853343963623,0.7714138031005859,-0.040610555559396744,0.6535909175872803,0.8127062320709229,-0.0445651151239872,0.6530669927597046,0.8433507084846497,-0.0488877110183239,0.6830523014068604,0.7169008255004883,-0.035114068537950516,0.681201696395874,0.774735152721405,-0.04384487494826317,0.6900365948677063,0.7537309527397156,-0.03857409954071045,0.6964269280433655,0.7289918661117554,-0.03490417078137398,0.7094467878341675,0.7296221852302551,-0.040488727390766144,0.7042165994644165,0.7740870118141174,-0.04624724015593529,0.7095539569854736,0.7570598125457764,-0.03995893523097038,0.7120691537857056,0.7348817586898804,-0.034621722996234894,SEE YOU LATER 
0.7397457361221313,0.6478740572929382,-3.665988757006744e-08,0.696896493434906,0.6411759853363037,-0.0031547548715025187,0.6476394534111023,0.6466770768165588,-0.01137078832834959,0.6110884547233582,0.6363013982772827,-0.02052430994808674,0.5858960151672363,0.6128268241882324,-0.031673114746809006,0.6384389996528625,0.6856300830841064,-0.022899212315678596,0.6164446473121643,0.7462247610092163,-0.033941108733415604,0.6066945195198059,0.7836646437644958,-0.0408121719956398,0.5991127490997314,0.8146103620529175,-0.04609459638595581,0.6577316522598267,0.703475832939148,-0.028660040348768234,0.6527954936027527,0.773356556892395,-0.03917345404624939,0.6537166237831116,0.8156803250312805,-0.04327259212732315,0.6534993052482605,0.8471337556838989,-0.04738904535770416,0.6828579902648926,0.7175008058547974,-0.03340410813689232,0.6821914315223694,0.7747834324836731,-0.042571503669023514,0.6914294958114624,0.7540779709815979,-0.03800564259290695,0.6977592706680298,0.7296743392944336,-0.03435979038476944,0.7090603113174438,0.7305250763893127,-0.038474783301353455,0.7048045992851257,0.7739241719245911,-0.044400881975889206,0.7105427384376526,0.7566726803779602,-0.03840191662311554,0.7131713032722473,0.7348887324333191,-0.03304968401789665,SEE YOU LATER 
0.7397817373275757,0.6477909684181213,-3.7327200885783896e-08,0.6969711780548096,0.6410293579101562,-0.0030915960669517517,0.6476898193359375,0.6467828154563904,-0.011288144625723362,0.6110788583755493,0.6366166472434998,-0.020392898470163345,0.5859315395355225,0.6129136085510254,-0.03150073066353798,0.6386397480964661,0.6855653524398804,-0.02312115579843521,0.616510808467865,0.7463167905807495,-0.03410204499959946,0.6066665649414062,0.783717930316925,-0.040907781571149826,0.5989474654197693,0.8146287798881531,-0.04618454352021217,0.6579491496086121,0.7034544348716736,-0.02885955385863781,0.6529507040977478,0.7728963494300842,-0.039258480072021484,0.6537643074989319,0.8148408532142639,-0.043208248913288116,0.6534143686294556,0.8460256457328796,-0.04729628562927246,0.6830596327781677,0.7175682187080383,-0.03356010466814041,0.6819490790367126,0.77463698387146,-0.0426134429872036,0.691168487071991,0.7539007067680359,-0.03789502754807472,0.6976044774055481,0.729583203792572,-0.03421906754374504,0.70921790599823,0.7307482361793518,-0.03858351334929466,0.7045294642448425,0.7740254402160645,-0.044492051005363464,0.7102240920066833,0.7567955851554871,-0.038480859249830246,0.7129119634628296,0.7350703477859497,-0.03315480053424835,SEE YOU LATER 
0.7431552410125732,0.6489017009735107,-4.201820402727208e-08,0.7007729411125183,0.6410834789276123,-0.0034167617559432983,0.6505588293075562,0.647122323513031,-0.011643354780972004,0.6132950186729431,0.6369892358779907,-0.020564870908856392,0.5882303714752197,0.612903892993927,-0.03145677223801613,0.6405385136604309,0.6826304197311401,-0.02448396570980549,0.6179018616676331,0.7440852522850037,-0.03559703752398491,0.6077026128768921,0.7820346355438232,-0.04239927977323532,0.5995508432388306,0.8135379552841187,-0.047783806920051575,0.6596079468727112,0.7008943557739258,-0.029980650171637535,0.6540994048118591,0.7710460424423218,-0.040584467351436615,0.6545886397361755,0.8127972483634949,-0.04436514154076576,0.6538488864898682,0.8434967398643494,-0.04844014346599579,0.6843284368515015,0.7160744071006775,-0.03440406918525696,0.6828083992004395,0.7744191884994507,-0.04349261894822121,0.6921026706695557,0.7545287609100342,-0.03864765167236328,0.6986917853355408,0.7304934859275818,-0.0350373201072216,0.710038423538208,0.7307065725326538,-0.039194587618112564,0.7049559950828552,0.773563027381897,-0.04547042027115822,0.7111855149269104,0.7566058039665222,-0.03967535123229027,0.7143160700798035,0.7348542809486389,-0.03454013913869858,SEE YOU LATER 
0.743034303188324,0.6486530303955078,-5.879255837726305e-08,0.6999139785766602,0.6410406231880188,-0.0022222234401851892,0.6501354575157166,0.6469351053237915,-0.009823407046496868,0.6136701703071594,0.6365036368370056,-0.018610049039125443,0.5878499150276184,0.6136002540588379,-0.029398156329989433,0.639353334903717,0.6850313544273376,-0.021395735442638397,0.6175248622894287,0.7449920177459717,-0.03200622648000717,0.6074039340019226,0.7818186283111572,-0.03867865353822708,0.5993920564651489,0.8125965595245361,-0.0439315102994442,0.6587284803390503,0.703083336353302,-0.027713408693671227,0.6534233689308167,0.772925853729248,-0.038058191537857056,0.6539726257324219,0.8150598406791687,-0.04206483066082001,0.6533983945846558,0.8464148044586182,-0.046142179518938065,0.684017539024353,0.7171609997749329,-0.03300127014517784,0.6827278137207031,0.774723470211029,-0.04204435646533966,0.6923320293426514,0.7536483407020569,-0.03717067092657089,0.6989573836326599,0.7289875149726868,-0.03350405395030975,0.7101455330848694,0.729931116104126,-0.03858401998877525,0.7054665088653564,0.7735279202461243,-0.044684793800115585,0.7115569114685059,0.7560529112815857,-0.038547128438949585,0.7142148613929749,0.7339282035827637,-0.03315329924225807,SEE YOU LATER 
0.7421899437904358,0.6500588655471802,-4.052887092598212e-08,0.6987929344177246,0.6426870822906494,-0.002769587794318795,0.6495305299758911,0.6481689214706421,-0.010821294039487839,0.612995982170105,0.6380513906478882,-0.019956905394792557,0.5873281955718994,0.6152949333190918,-0.03104351833462715,0.639308512210846,0.6876570582389832,-0.022233348339796066,0.6168631911277771,0.7472607493400574,-0.033124130219221115,0.6065789461135864,0.7835884094238281,-0.03997751697897911,0.5986211895942688,0.8140421509742737,-0.04526853188872337,0.6589978337287903,0.7057334184646606,-0.02842549793422222,0.6533111333847046,0.7740124464035034,-0.03908826783299446,0.6536311507225037,0.8154739737510681,-0.04328563064336777,0.653141438961029,0.8466465473175049,-0.04744023457169533,0.6845352649688721,0.7198147773742676,-0.03362686559557915,0.6831378936767578,0.7758155465126038,-0.043222926557064056,0.6921243071556091,0.7550964951515198,-0.0387960746884346,0.6984834671020508,0.7307828068733215,-0.035248834639787674,0.7107693552970886,0.7327221035957336,-0.03910745307803154,0.705798864364624,0.7755999565124512,-0.04539909213781357,0.7114407420158386,0.7585568428039551,-0.039497144520282745,0.7141846418380737,0.7366488575935364,-0.034215763211250305,SEE YOU LATER 
0.7417441010475159,0.6503133177757263,-3.5009744436820256e-08,0.6987284421920776,0.6431857943534851,-0.0031705962028354406,0.6491689085960388,0.6488519906997681,-0.01164246816188097,0.6125962734222412,0.6384276747703552,-0.021081561222672462,0.5876286625862122,0.6144214868545532,-0.03248464688658714,0.6400678157806396,0.6875270009040833,-0.023745540529489517,0.6170122027397156,0.7478074431419373,-0.03503761440515518,0.6067208051681519,0.784496545791626,-0.04198814556002617,0.5986790060997009,0.8149435520172119,-0.0474042147397995,0.659554660320282,0.7054377198219299,-0.029701536521315575,0.6540365219116211,0.773597002029419,-0.04063470661640167,0.6545460820198059,0.8140525817871094,-0.044623345136642456,0.6539698243141174,0.844110369682312,-0.04876629263162613,0.6848159432411194,0.7196806073188782,-0.03464236110448837,0.6829206347465515,0.7766280770301819,-0.0442962683737278,0.6916490197181702,0.7561509609222412,-0.039586391299963,0.6979426145553589,0.7319027185440063,-0.03593673184514046,0.7108500599861145,0.7329428195953369,-0.0399073027074337,0.705547034740448,0.7757465839385986,-0.04644118249416351,0.7110573053359985,0.758836030960083,-0.04066156968474388,0.7139527797698975,0.7371163368225098,-0.03549317270517349,SEE YOU LATER 
0.7397521138191223,0.6544579267501831,-3.6515693579985964e-08,0.6965805292129517,0.647419273853302,-0.0029448941349983215,0.6476633548736572,0.6515491604804993,-0.011377563700079918,0.6114398241043091,0.6418042778968811,-0.020668236538767815,0.5861300826072693,0.6202996969223022,-0.03195839747786522,0.6387606263160706,0.6885985136032104,-0.02475576102733612,0.6164103150367737,0.7482188940048218,-0.035784147679805756,0.6061784029006958,0.7846795320510864,-0.042225852608680725,0.5979524850845337,0.8152720928192139,-0.047221746295690536,0.6583516597747803,0.7063266038894653,-0.030814427882432938,0.6522458791732788,0.7753293514251709,-0.041651129722595215,0.6526371240615845,0.8178560733795166,-0.04555162042379379,0.6521123051643372,0.8495684266090393,-0.04956476017832756,0.683559775352478,0.7205395698547363,-0.03563542291522026,0.682172954082489,0.7782065272331238,-0.044854503124952316,0.6910923719406128,0.7572554349899292,-0.039768483489751816,0.697163462638855,0.7324592471122742,-0.03589657321572304,0.7096201181411743,0.7336015701293945,-0.040727876126766205,0.7047380805015564,0.7781939506530762,-0.046507470309734344,0.7102651596069336,0.7610910534858704,-0.04003728926181793,0.7129150629043579,0.7388275861740112,-0.03446992114186287,SEE YOU LATER 
0.7391160726547241,0.6542242169380188,-4.744346071561267e-08,0.6965247392654419,0.6477661728858948,-0.0029970617033541203,0.647735595703125,0.6520434021949768,-0.011147461831569672,0.6118243932723999,0.6415687203407288,-0.020196951925754547,0.5868309736251831,0.6201438307762146,-0.031322281807661057,0.6386452317237854,0.6890546679496765,-0.02405637502670288,0.6165434122085571,0.7478314638137817,-0.03515446558594704,0.6064914464950562,0.784250020980835,-0.041956864297389984,0.5980029702186584,0.8149867057800293,-0.04736584052443504,0.6580218076705933,0.7066115736961365,-0.03017466329038143,0.6524331569671631,0.7764569520950317,-0.041610319167375565,0.6534863114356995,0.8194332122802734,-0.04604404419660568,0.6532100439071655,0.8516908884048462,-0.050327230244874954,0.6832334995269775,0.7207428812980652,-0.03510388731956482,0.6819202303886414,0.7787907123565674,-0.044725921005010605,0.6908803582191467,0.7585718035697937,-0.03978455811738968,0.6969491839408875,0.7345258593559265,-0.03597376123070717,0.7091405391693115,0.7336922287940979,-0.040330786257982254,0.7044116854667664,0.7781248688697815,-0.04660016670823097,0.7099515795707703,0.7617055177688599,-0.040312379598617554,0.7124261856079102,0.7400665879249573,-0.034814316779375076,SEE YOU LATER 
0.7389274835586548,0.647867739200592,-3.014968541492635e-08,0.697358250617981,0.6420615911483765,-0.004336703568696976,0.6482326984405518,0.647628903388977,-0.012658720836043358,0.6115542054176331,0.6373021602630615,-0.02188824862241745,0.5861810445785522,0.6145216822624207,-0.032916467636823654,0.6386123299598694,0.6878550052642822,-0.021875767037272453,0.6150853633880615,0.7460266351699829,-0.03308742865920067,0.6040412783622742,0.7832536697387695,-0.04009745270013809,0.5950421094894409,0.8138281106948853,-0.04562251642346382,0.6570103168487549,0.7060286402702332,-0.027152663096785545,0.6522774696350098,0.7744167447090149,-0.038864102214574814,0.6536189913749695,0.8159039616584778,-0.043763864785432816,0.6532874703407288,0.8468643426895142,-0.048105787485837936,0.6815581321716309,0.7198992967605591,-0.03163991495966911,0.6820633411407471,0.7762415409088135,-0.042391035705804825,0.6918668150901794,0.7546337246894836,-0.038692276924848557,0.697851300239563,0.7298016548156738,-0.03521668165922165,0.7070348262786865,0.732304036617279,-0.03648953139781952,0.7038499116897583,0.773862898349762,-0.04376731440424919,0.7097790241241455,0.7559294104576111,-0.038624104112386703,0.7120391726493835,0.7338439226150513,-0.03364795446395874,SEE YOU LATER 
0.7388310432434082,0.6484665274620056,-1.860118992169646e-08,0.6963791251182556,0.6416016221046448,-0.004018084146082401,0.6470094919204712,0.6476863622665405,-0.012673808261752129,0.610437273979187,0.637764573097229,-0.022110767662525177,0.5855439305305481,0.6146717071533203,-0.03347580507397652,0.6380782127380371,0.6865112781524658,-0.024197179824113846,0.6150230169296265,0.7468708157539368,-0.03527482971549034,0.6042464375495911,0.7838982939720154,-0.041965827345848083,0.5956085920333862,0.8143224120140076,-0.04714575037360191,0.6572832465171814,0.705062985420227,-0.029475059360265732,0.65214604139328,0.7734032869338989,-0.040497563779354095,0.6529026627540588,0.8152730464935303,-0.04483358561992645,0.6526407599449158,0.8466864824295044,-0.048954106867313385,0.6822797060012817,0.7195266485214233,-0.03367316722869873,0.6819434762001038,0.7758727073669434,-0.04351264610886574,0.6910580396652222,0.7546988129615784,-0.03947063535451889,0.6972543597221375,0.7301419973373413,-0.03590776398777962,0.708234965801239,0.7325135469436646,-0.0381740927696228,0.7041330933570862,0.7748404741287231,-0.044574156403541565,0.709682822227478,0.757662832736969,-0.0389450378715992,0.7124967575073242,0.7357512712478638,-0.03368138149380684,SEE YOU LATER 
0.7374899387359619,0.6492049694061279,-1.6258415058700848e-08,0.6953060030937195,0.6423455476760864,-0.0038384883664548397,0.6467556357383728,0.6487584710121155,-0.012308595702052116,0.6103882789611816,0.6402597427368164,-0.02161981537938118,0.5852405428886414,0.617617130279541,-0.032920852303504944,0.6376602053642273,0.6885132193565369,-0.024325480684638023,0.6144065260887146,0.7501615285873413,-0.03531576693058014,0.6032933592796326,0.7870211005210876,-0.04177312180399895,0.594325602054596,0.8168623447418213,-0.04672946780920029,0.6571155786514282,0.7074638605117798,-0.02955245040357113,0.6525609493255615,0.7767296433448792,-0.0404396653175354,0.6531191468238831,0.8171027302742004,-0.04447496682405472,0.6523088812828064,0.8466083407402039,-0.04839526116847992,0.6822600960731506,0.7220059633255005,-0.03367738425731659,0.6819367408752441,0.7770724296569824,-0.04370410367846489,0.6908972859382629,0.7564257383346558,-0.03967349976301193,0.6971166133880615,0.7320398092269897,-0.03611300140619278,0.7080767154693604,0.7351378202438354,-0.038060758262872696,0.7040130496025085,0.7763307094573975,-0.04487018659710884,0.7096607089042664,0.7590861916542053,-0.03942514955997467,0.7126110792160034,0.7371371388435364,-0.034197449684143066,SEE YOU LATER 
0.73830246925354,0.6494585275650024,-1.936789040257736e-08,0.6957933902740479,0.6426094174385071,-0.0036931573413312435,0.6471831202507019,0.6489838361740112,-0.011948207393288612,0.6109721660614014,0.63971346616745,-0.02097392827272415,0.5858680009841919,0.6183316707611084,-0.03196533024311066,0.6377630829811096,0.6882634162902832,-0.024381687864661217,0.6142982840538025,0.7499489784240723,-0.03533341363072395,0.6032716631889343,0.7873992919921875,-0.04174790158867836,0.5943195819854736,0.8177077174186707,-0.04675734415650368,0.6569709777832031,0.7066934108734131,-0.029561009258031845,0.6523410081863403,0.7761005163192749,-0.04039572924375534,0.6533558368682861,0.8165555000305176,-0.04425298050045967,0.652653157711029,0.8460791707038879,-0.04812974855303764,0.6817706823348999,0.7212486267089844,-0.03366615250706673,0.6816433668136597,0.7774226069450378,-0.043756771832704544,0.6908466219902039,0.7568983435630798,-0.039556656032800674,0.6970081329345703,0.7325543165206909,-0.035849642008543015,0.7075499892234802,0.7345101833343506,-0.03802572935819626,0.7035706043243408,0.7763065099716187,-0.04502371698617935,0.7091444134712219,0.7593335509300232,-0.03965315967798233,0.7116730809211731,0.7375524640083313,-0.03447572886943817,SEE YOU LATER 
0.7399352788925171,0.6530066132545471,-2.954390687648356e-08,0.6968317627906799,0.6465526819229126,-0.0035424726083874702,0.648189902305603,0.6536021828651428,-0.011976046487689018,0.6119572520256042,0.6432675123214722,-0.02104182168841362,0.5864382386207581,0.6204655766487122,-0.032159313559532166,0.6383935213088989,0.6917526125907898,-0.025074798613786697,0.6160586476325989,0.752652645111084,-0.03585854172706604,0.6053832769393921,0.7895126938819885,-0.04255073890089989,0.5967754125595093,0.8199077248573303,-0.0477682501077652,0.6586901545524597,0.7108097076416016,-0.030450381338596344,0.6539867520332336,0.7827744483947754,-0.04062637686729431,0.6549621820449829,0.8251336216926575,-0.044529080390930176,0.6545277237892151,0.856385350227356,-0.048620905727148056,0.6841318011283875,0.7253150343894958,-0.034595686942338943,0.6832534074783325,0.7827956676483154,-0.04366413876414299,0.691382646560669,0.7613291144371033,-0.03940458223223686,0.6974594593048096,0.7364135384559631,-0.03600763902068138,0.7102441787719727,0.7375070452690125,-0.03899482637643814,0.7046741247177124,0.7811210751533508,-0.04519827663898468,0.7108345031738281,0.7634000182151794,-0.03915046527981758,0.7146377563476562,0.740972101688385,-0.03365370258688927,SEE YOU LATER 
0.7402869462966919,0.6530174016952515,-2.7622267140259282e-08,0.6972638964653015,0.6467549800872803,-0.0035182011779397726,0.648073673248291,0.6533754467964172,-0.011761145666241646,0.6117487549781799,0.6434386372566223,-0.020725708454847336,0.5869690179824829,0.6208383440971375,-0.03175168111920357,0.6385309100151062,0.6919211745262146,-0.024502813816070557,0.6166284084320068,0.7523593902587891,-0.03515653684735298,0.6059183478355408,0.789677083492279,-0.041923392564058304,0.5969327688217163,0.8204386234283447,-0.0474482923746109,0.6585361957550049,0.7103860974311829,-0.0298073198646307,0.6541987061500549,0.77927565574646,-0.03998885676264763,0.6543980240821838,0.8209245204925537,-0.0442119725048542,0.6533910632133484,0.8524000644683838,-0.04884639382362366,0.6838242411613464,0.7246569991111755,-0.03390071913599968,0.6821470856666565,0.7827082872390747,-0.04313238710165024,0.6903136968612671,0.7609320282936096,-0.0386904738843441,0.6965966820716858,0.7360997200012207,-0.03535900637507439,0.7099141478538513,0.7371156215667725,-0.038285382091999054,0.7039426565170288,0.7800391316413879,-0.04496688395738602,0.7095735669136047,0.7625550627708435,-0.03935488313436508,0.7128787040710449,0.7405102849006653,-0.03428664803504944,SEE YOU LATER 
0.7454016208648682,0.6548709869384766,-2.1378683712214297e-08,0.7014992833137512,0.6449949145317078,-0.004001509863883257,0.6518635749816895,0.6515752077102661,-0.012431318871676922,0.6144981980323792,0.6424697041511536,-0.02139424718916416,0.5886635184288025,0.6201474666595459,-0.032414693385362625,0.6421319246292114,0.6906286478042603,-0.024850713089108467,0.6195915341377258,0.7522948980331421,-0.03548000380396843,0.6088835000991821,0.7900739312171936,-0.042377498000860214,0.5998707413673401,0.8213404417037964,-0.04785102605819702,0.662527322769165,0.7112674117088318,-0.02968445047736168,0.6569808721542358,0.7806328535079956,-0.03945207968354225,0.6564459800720215,0.8224053382873535,-0.04360947385430336,0.6551138758659363,0.8537251949310303,-0.04804337024688721,0.6877323389053345,0.7269407510757446,-0.03332693502306938,0.6858493089675903,0.7816451787948608,-0.04210040718317032,0.6934698224067688,0.7610054016113281,-0.038310784846544266,0.6998150944709778,0.7371162176132202,-0.03531514108181,0.7131631970405579,0.7402334809303284,-0.03729571774601936,0.7073445320129395,0.7799007892608643,-0.04353812709450722,0.7131733298301697,0.7626734375953674,-0.038168080151081085,0.7169606685638428,0.7410445809364319,-0.03315397724509239,SEE YOU LATER 
0.7442324161529541,0.6534461379051208,-2.2400071131301047e-08,0.6999459266662598,0.6451921463012695,-0.003314069239422679,0.6505995392799377,0.6520980000495911,-0.011533406563103199,0.6139538884162903,0.6418434977531433,-0.020639128983020782,0.5886712670326233,0.6194515824317932,-0.03175606578588486,0.6411336064338684,0.6918938159942627,-0.023646477609872818,0.6187944412231445,0.752036452293396,-0.03425354138016701,0.6080251336097717,0.7894533276557922,-0.041127342730760574,0.5991727113723755,0.8204793334007263,-0.0466068834066391,0.6619141101837158,0.7119424939155579,-0.02912553958594799,0.6567445397377014,0.7801597118377686,-0.03908609598875046,0.656090259552002,0.8222764134407043,-0.04342922940850258,0.6546766757965088,0.8542251586914062,-0.04798680171370506,0.6876753568649292,0.7267835736274719,-0.03341485932469368,0.6859674453735352,0.781682014465332,-0.042406272143125534,0.6936772465705872,0.7596902847290039,-0.038345251232385635,0.6999844312667847,0.7350431084632874,-0.0351988822221756,0.7136642336845398,0.7390166521072388,-0.03800949826836586,0.7077100276947021,0.779267430305481,-0.04419960454106331,0.7130977511405945,0.7615275979042053,-0.03845497593283653,0.7164446711540222,0.7393486499786377,-0.03324378654360771,SEE YOU LATER 
0.7489509582519531,0.6523123383522034,-1.8639049415014597e-08,0.7051917314529419,0.643377959728241,-0.004215887747704983,0.6547797918319702,0.6501890420913696,-0.012557451613247395,0.6173402070999146,0.6394768357276917,-0.021335864439606667,0.5917502641677856,0.6174047589302063,-0.03216516599059105,0.6450986266136169,0.689150333404541,-0.025383178144693375,0.6223034858703613,0.7503933906555176,-0.03592104837298393,0.6117945909500122,0.7886420488357544,-0.04267792031168938,0.6027593612670898,0.8202493786811829,-0.04822127893567085,0.665471613407135,0.7086896300315857,-0.030361395329236984,0.6595380306243896,0.7806204557418823,-0.03982895612716675,0.6587726473808289,0.8224794268608093,-0.043472714722156525,0.6570938229560852,0.8531937003135681,-0.04784487560391426,0.6910244226455688,0.7239598035812378,-0.034259047359228134,0.6884374618530273,0.7814662456512451,-0.04290718212723732,0.6963128447532654,0.761277437210083,-0.038319315761327744,0.7029126882553101,0.7373409867286682,-0.03502282127737999,0.716910183429718,0.7375224232673645,-0.03858212009072304,0.7100445032119751,0.7794609069824219,-0.04495217278599739,0.7161601185798645,0.7627016305923462,-0.03922140225768089,0.7201841473579407,0.7414436340332031,-0.03412089869379997,SEE YOU LATER 
0.7481184005737305,0.6522399187088013,-1.71742406962494e-08,0.7044599652290344,0.643378734588623,-0.004421076271682978,0.6542295217514038,0.6497890949249268,-0.013000944629311562,0.616623044013977,0.6391878724098206,-0.022363435477018356,0.5908255577087402,0.6161254644393921,-0.03363768383860588,0.6437603831291199,0.6913368105888367,-0.023497216403484344,0.6216219663619995,0.7511975765228271,-0.03428490087389946,0.6109179258346558,0.7886362671852112,-0.041238512843847275,0.6021263003349304,0.8196535110473633,-0.04684947431087494,0.6642218828201294,0.7105129361152649,-0.028857627883553505,0.6590501070022583,0.780353844165802,-0.039034776389598846,0.6581559181213379,0.8217595219612122,-0.0433439202606678,0.6561982035636902,0.8530333042144775,-0.04790068045258522,0.6901829838752747,0.7246911525726318,-0.03330561891198158,0.6890048384666443,0.7815086245536804,-0.04300164803862572,0.6970813870429993,0.7588450312614441,-0.03888917341828346,0.7031570672988892,0.7334550619125366,-0.03562375530600548,0.7165189385414124,0.7368069291114807,-0.03818453103303909,0.7112089991569519,0.7785190939903259,-0.045087918639183044,0.7170954942703247,0.7599610090255737,-0.039578650146722794,0.7204411029815674,0.7374056577682495,-0.03452708199620247,SEE YOU LATER 
0.7491026520729065,0.6574820280075073,-1.5963603772206625e-08,0.7047639489173889,0.6486876606941223,-0.0032720952294766903,0.6552694439888,0.6551269888877869,-0.011570684611797333,0.6184977889060974,0.6442899703979492,-0.020685790106654167,0.592348039150238,0.6230602264404297,-0.031901586800813675,0.6465481519699097,0.6976615190505981,-0.023398078978061676,0.6250541806221008,0.7574608325958252,-0.033989764750003815,0.6145755052566528,0.7939781546592712,-0.04084838181734085,0.6063946485519409,0.8241569399833679,-0.046137306839227676,0.6681548357009888,0.7157189846038818,-0.02918700873851776,0.661970853805542,0.7883676290512085,-0.03819028660655022,0.6604626178741455,0.8274814486503601,-0.04182641580700874,0.6583185791969299,0.8552901744842529,-0.04613812640309334,0.6942406892776489,0.7286779880523682,-0.03392167016863823,0.6915237903594971,0.7879864573478699,-0.04280739277601242,0.6987691521644592,0.7664741277694702,-0.038631852716207504,0.7046225666999817,0.7411038875579834,-0.03549538552761078,0.7202948331832886,0.7394598722457886,-0.03888964280486107,0.7129337191581726,0.7842951416969299,-0.04519625008106232,0.7186212539672852,0.7665285468101501,-0.039283473044633865,0.7227668762207031,0.7434418201446533,-0.03405209258198738,SEE YOU LATER 
0.748123049736023,0.656055212020874,-6.3059619748173645e-09,0.7042647004127502,0.6490350961685181,-0.0036831763572990894,0.6543313264846802,0.656366765499115,-0.011846189387142658,0.6176130771636963,0.6450891494750977,-0.02080906368792057,0.5932818651199341,0.6223648190498352,-0.03180120885372162,0.6461858749389648,0.6980798244476318,-0.023550046607851982,0.624958336353302,0.757071852684021,-0.03392017260193825,0.614486813545227,0.7932639718055725,-0.04056716710329056,0.6063013076782227,0.8233575820922852,-0.04590870812535286,0.6672196984291077,0.716242253780365,-0.029203109443187714,0.6612527370452881,0.7842431664466858,-0.038461845368146896,0.6596856117248535,0.8232951164245605,-0.04204918444156647,0.6578699350357056,0.8520638346672058,-0.04627292603254318,0.6934108138084412,0.7293223738670349,-0.033870890736579895,0.6911740303039551,0.7866690158843994,-0.04259989783167839,0.6980246901512146,0.7646844387054443,-0.03827568516135216,0.7036092281341553,0.7391266822814941,-0.0351162888109684,0.7199737429618835,0.7400838136672974,-0.03890024870634079,0.7136490345001221,0.7834546566009521,-0.04497363045811653,0.7185733318328857,0.7658265829086304,-0.03925643116235733,0.7216615676879883,0.743162989616394,-0.034294113516807556,SEE YOU LATER 
0.749308705329895,0.6582958698272705,-2.6122002338979655e-09,0.7052352428436279,0.6495441794395447,-0.0038872226141393185,0.6563568711280823,0.6563520431518555,-0.012757960706949234,0.6193951964378357,0.6465054750442505,-0.022027121856808662,0.5940083265304565,0.6252451539039612,-0.03340202197432518,0.6472749710083008,0.6966984868049622,-0.026875058189034462,0.6259136199951172,0.7612807750701904,-0.03802056610584259,0.6159268617630005,0.7993337512016296,-0.04494582861661911,0.6082181930541992,0.8305422067642212,-0.05021345615386963,0.6693699359893799,0.7159573435783386,-0.03214675560593605,0.6626383066177368,0.7879595160484314,-0.04162837192416191,0.6615265011787415,0.8281944990158081,-0.04492497816681862,0.6602199077606201,0.8571059703826904,-0.048980239778757095,0.6956915855407715,0.730190634727478,-0.0361977219581604,0.6930876970291138,0.7887452244758606,-0.04535270854830742,0.7009289264678955,0.7673156261444092,-0.04075358062982559,0.7073144912719727,0.7414952516555786,-0.03721871227025986,0.7224023342132568,0.7423723340034485,-0.04048972204327583,0.7152299880981445,0.7865570783615112,-0.04736338555812836,0.7213351130485535,0.7683568000793457,-0.04145405814051628,0.725496768951416,0.7451164126396179,-0.03608496114611626,SEE YOU LATER 
0.7487574815750122,0.6575447916984558,-7.0168697519079615e-09,0.7051390409469604,0.64979487657547,-0.0035400015767663717,0.6561414003372192,0.6568203568458557,-0.012098913080990314,0.6191096305847168,0.6466779112815857,-0.021263619884848595,0.5937709808349609,0.6245220303535461,-0.032603420317173004,0.6470882296562195,0.6976068615913391,-0.025772061198949814,0.625372588634491,0.761847972869873,-0.036680012941360474,0.6154263615608215,0.799629271030426,-0.04343194514513016,0.6075664758682251,0.8305953741073608,-0.04867640510201454,0.668537974357605,0.7168442010879517,-0.03122868575155735,0.6615636348724365,0.7872635126113892,-0.0407625213265419,0.6604828834533691,0.8276146650314331,-0.0442773699760437,0.6593713760375977,0.8570310473442078,-0.048442114144563675,0.6950071454048157,0.7312671542167664,-0.035475604236125946,0.692509651184082,0.7880148887634277,-0.044672105461359024,0.7008863687515259,0.7665410041809082,-0.04015399515628815,0.7076448798179626,0.7412534356117249,-0.036680687218904495,0.7219864130020142,0.7438066601753235,-0.03994490206241608,0.7149965167045593,0.7863107919692993,-0.04677075520157814,0.721265435218811,0.7682623863220215,-0.040904346853494644,0.7254367470741272,0.745868980884552,-0.035584039986133575,SEE YOU LATER 
0.754225492477417,0.6493149399757385,-2.0766888653156457e-08,0.709806501865387,0.6423474550247192,-0.0040052710101008415,0.6602596044540405,0.6486350893974304,-0.011613110080361366,0.6225088834762573,0.6389090418815613,-0.01961720734834671,0.5958212614059448,0.6204243302345276,-0.029561258852481842,0.6521901488304138,0.6926493644714355,-0.022915445268154144,0.6304039359092712,0.7558382749557495,-0.032198335975408554,0.6210044026374817,0.7938375473022461,-0.038301412016153336,0.6127831935882568,0.8250283598899841,-0.04336410388350487,0.6735712885856628,0.7122634649276733,-0.02777545526623726,0.6665173172950745,0.7808149456977844,-0.036038003861904144,0.6651666164398193,0.8199987411499023,-0.03995463252067566,0.6636133790016174,0.8489471673965454,-0.04459633305668831,0.6995212435722351,0.7267192006111145,-0.03165453299880028,0.6944884657859802,0.781825065612793,-0.04043639078736305,0.7020941376686096,0.7601761221885681,-0.036909930408000946,0.7087289094924927,0.7358167171478271,-0.03412650525569916,0.7255809903144836,0.7393397092819214,-0.03581279516220093,0.7167736291885376,0.7800632119178772,-0.04280434921383858,0.7223126888275146,0.7625138759613037,-0.037868622690439224,0.7262631058692932,0.7414430975914001,-0.033191993832588196,SEE YOU LATER 
0.7552618980407715,0.6540818214416504,4.630184236020796e-09,0.7099167108535767,0.6460781097412109,-0.0029540476389229298,0.660683274269104,0.6531624794006348,-0.011501963250339031,0.6242280602455139,0.6432493925094604,-0.020654957741498947,0.5987589359283447,0.6227425336837769,-0.03191583603620529,0.6530601382255554,0.6925994753837585,-0.026551617309451103,0.631519615650177,0.7564135193824768,-0.03724782168865204,0.6215340495109558,0.794283926486969,-0.04363088682293892,0.6137433052062988,0.8251928687095642,-0.04853254556655884,0.6758002638816833,0.7120242714881897,-0.03235665336251259,0.6682463884353638,0.7839217185974121,-0.04135211557149887,0.6658645272254944,0.823537290096283,-0.044228337705135345,0.6640617251396179,0.8516919612884521,-0.04808599501848221,0.7024983167648315,0.7260591983795166,-0.036830853670835495,0.6979842782020569,0.785668671131134,-0.04538668692111969,0.704618513584137,0.7646152377128601,-0.04023895785212517,0.7108932137489319,0.7391114234924316,-0.03647058457136154,0.7291762828826904,0.737291157245636,-0.041500795632600784,0.7201162576675415,0.782555103302002,-0.047690317034721375,0.725859522819519,0.7655051350593567,-0.04118628054857254,0.7306182384490967,0.743096113204956,-0.03552381321787834,SEE YOU LATER 
0.3629016578197479,0.7755647897720337,3.2544676287216134e-07,0.3899517059326172,0.7584387063980103,-0.0045279101468622684,0.4066494405269623,0.7276699542999268,-0.009345640428364277,0.41397854685783386,0.6996409296989441,-0.01620171032845974,0.4186212122440338,0.6767098307609558,-0.022008387371897697,0.3986721634864807,0.6721738576889038,-0.006900841370224953,0.4107464551925659,0.6352279782295227,-0.0181416105479002,0.41620203852653503,0.6069726943969727,-0.025417638942599297,0.4211396276950836,0.5815664529800415,-0.02998572774231434,0.38541296124458313,0.6670070886611938,-0.011537312529981136,0.4210709035396576,0.6705389022827148,-0.02727779559791088,0.4484065771102905,0.6751801371574402,-0.03270743042230606,0.4693976938724518,0.6795183420181274,-0.03387972712516785,0.3730407953262329,0.6706894636154175,-0.017188897356390953,0.4069848954677582,0.6965115070343018,-0.03440515697002411,0.40585997700691223,0.7304226160049438,-0.03217649832367897,0.40109774470329285,0.7556479573249817,-0.02529210038483143,0.36320561170578003,0.681351900100708,-0.023779671639204025,0.39309537410736084,0.6984777450561523,-0.0354032963514328,0.3966809809207916,0.7220717668533325,-0.0323219820857048,0.3951762914657593,0.741169273853302,-0.026132695376873016,SEE YOU LATER 
0.36187681555747986,0.776098906993866,2.745474318999186e-07,0.3897838592529297,0.7624359130859375,-0.0058167194947600365,0.407233327627182,0.7322379946708679,-0.010914124548435211,0.41472184658050537,0.7039932012557983,-0.017789125442504883,0.41822198033332825,0.6803735494613647,-0.02364433743059635,0.40043655037879944,0.6734102368354797,-0.008067897520959377,0.4130762219429016,0.6333327889442444,-0.017984839156270027,0.4180099666118622,0.6051155924797058,-0.02384321577847004,0.4218362271785736,0.579687237739563,-0.02758464217185974,0.38718050718307495,0.6680733561515808,-0.011870654299855232,0.4241034984588623,0.6722460389137268,-0.027651257812976837,0.45064908266067505,0.6770572662353516,-0.03214925527572632,0.4703727066516876,0.68172687292099,-0.032159894704818726,0.3743971586227417,0.6715015769004822,-0.01652991585433483,0.4084753096103668,0.69904625415802,-0.031644318252801895,0.40613728761672974,0.7317347526550293,-0.027740368619561195,0.4014107584953308,0.755355954170227,-0.020243188366293907,0.36350396275520325,0.6810660362243652,-0.022507473826408386,0.3926957845687866,0.7010748386383057,-0.03179065138101578,0.3946101665496826,0.7256966233253479,-0.027437886223196983,0.39252081513404846,0.7445977330207825,-0.020632727071642876,SEE YOU LATER 
0.361587256193161,0.7770705223083496,2.7583246264839545e-07,0.39071446657180786,0.7609942555427551,-0.004707875195890665,0.40837469696998596,0.7298259139060974,-0.00917059276252985,0.41573384404182434,0.7012466192245483,-0.015802331268787384,0.4198901653289795,0.6769010424613953,-0.021433020010590553,0.4011647701263428,0.672424852848053,-0.006118310149759054,0.41334331035614014,0.6331696510314941,-0.01580686680972576,0.4184401035308838,0.6053534746170044,-0.02162749134004116,0.4224280118942261,0.580053448677063,-0.025317400693893433,0.3882894515991211,0.6674889326095581,-0.01045430637896061,0.4248040020465851,0.6721147894859314,-0.025735752657055855,0.4517180025577545,0.6763643622398376,-0.03019007481634617,0.471950501203537,0.6806696057319641,-0.030331365764141083,0.3752724230289459,0.6711395382881165,-0.015716252848505974,0.40923789143562317,0.6986656188964844,-0.03109867125749588,0.4066087007522583,0.7314969301223755,-0.027524784207344055,0.40179023146629333,0.7555903792381287,-0.020132556557655334,0.3640226125717163,0.6807531714439392,-0.02217898890376091,0.39331895112991333,0.7008784413337708,-0.031737424433231354,0.395062118768692,0.7258151769638062,-0.027485711500048637,0.39272987842559814,0.7453723549842834,-0.020696451887488365,SEE YOU LATER 
0.3598111867904663,0.7754231095314026,2.9237227749945305e-07,0.3898193836212158,0.7574557065963745,-0.004738760180771351,0.40646207332611084,0.7279056310653687,-0.010149657726287842,0.4135115444660187,0.7016035914421082,-0.01802162453532219,0.41788965463638306,0.6790233254432678,-0.024887995794415474,0.3990344703197479,0.668887734413147,-0.00562323397025466,0.41122156381607056,0.6314019560813904,-0.016128115355968475,0.4166612923145294,0.6034659743309021,-0.02314137853682041,0.421062171459198,0.5783774852752686,-0.02771955542266369,0.3862166106700897,0.6646961569786072,-0.010718246921896935,0.4230976700782776,0.669695258140564,-0.027414647862315178,0.4511430263519287,0.6746689677238464,-0.03324643522500992,0.4723096787929535,0.6803663969039917,-0.03412095457315445,0.37403857707977295,0.6694473624229431,-0.016771450638771057,0.40859636664390564,0.697623610496521,-0.033449772745370865,0.4051944315433502,0.7317898869514465,-0.02999272383749485,0.399681955575943,0.7570669054985046,-0.022258520126342773,0.36393216252326965,0.6803844571113586,-0.024053093045949936,0.3930833041667938,0.6996718049049377,-0.03440465033054352,0.3950148820877075,0.7252157330513,-0.029738636687397957,0.392871230840683,0.7457888722419739,-0.022382952272892,SEE YOU LATER 
0.36059585213661194,0.7765988111495972,2.8219108116900316e-07,0.3908395767211914,0.7578052282333374,-0.0044431607238948345,0.408176451921463,0.7256837487220764,-0.00898850616067648,0.41472703218460083,0.6966039538383484,-0.015947213396430016,0.419105589389801,0.6726012825965881,-0.022008851170539856,0.3999332785606384,0.6699235439300537,-0.005549866706132889,0.4125908315181732,0.6323251724243164,-0.015876147896051407,0.4179551303386688,0.6044017672538757,-0.02252432145178318,0.4225314259529114,0.5789875984191895,-0.02689826488494873,0.3868721127510071,0.6656051278114319,-0.010444256477057934,0.42331233620643616,0.6711187958717346,-0.026837170124053955,0.4508872926235199,0.67528235912323,-0.032245438545942307,0.4721369743347168,0.679570198059082,-0.033005982637405396,0.3740263879299164,0.6698819398880005,-0.01630467362701893,0.4090392291545868,0.6966861486434937,-0.03300129249691963,0.4062245488166809,0.7303582429885864,-0.029612526297569275,0.40135714411735535,0.755454957485199,-0.022109657526016235,0.36301156878471375,0.6802725195884705,-0.02334580197930336,0.3930714428424835,0.6992599964141846,-0.03426463529467583,0.3949347734451294,0.7250896692276001,-0.03017081692814827,0.39274778962135315,0.7458037734031677,-0.0232766792178154,SEE YOU LATER 
0.35984310507774353,0.7733425498008728,2.8550746833388985e-07,0.389586865901947,0.7551673650741577,-0.0039998204447329044,0.40672600269317627,0.7249858379364014,-0.00877092033624649,0.413974791765213,0.6983878016471863,-0.016043851152062416,0.41850510239601135,0.6752774715423584,-0.022442741319537163,0.39942172169685364,0.6687209010124207,-0.0058836485259234905,0.4127628803253174,0.6295245289802551,-0.015814658254384995,0.4185546636581421,0.601804792881012,-0.02209499105811119,0.4228973388671875,0.5765525102615356,-0.026114599779248238,0.38655906915664673,0.6644001007080078,-0.010989053174853325,0.4236209988594055,0.6692656874656677,-0.02677156962454319,0.45112255215644836,0.6742093563079834,-0.031879451125860214,0.471748948097229,0.6794442534446716,-0.032433412969112396,0.37404489517211914,0.6684338450431824,-0.01691511645913124,0.40825071930885315,0.6965962052345276,-0.03263944387435913,0.4046655297279358,0.729718804359436,-0.02913852594792843,0.3989185392856598,0.7540221810340881,-0.021636508405208588,0.3637123703956604,0.6781901717185974,-0.02400054596364498,0.3931877613067627,0.6962926387786865,-0.03379121050238609,0.39557766914367676,0.7211122512817383,-0.02917884849011898,0.39374545216560364,0.7413980960845947,-0.02198706567287445,SEE YOU LATER 
0.35959097743034363,0.7748995423316956,2.669479783889983e-07,0.3898363709449768,0.7564940452575684,-0.0036793772596865892,0.40771961212158203,0.7258470058441162,-0.00785756018012762,0.4148336946964264,0.6981479525566101,-0.014674041420221329,0.41864946484565735,0.6743329167366028,-0.020560339093208313,0.4002552032470703,0.6688786149024963,-0.004371486138552427,0.41319549083709717,0.6314545273780823,-0.014199432916939259,0.41834941506385803,0.604669988155365,-0.020523345097899437,0.4220341145992279,0.5801538228988647,-0.024531712755560875,0.38697904348373413,0.6641354560852051,-0.00954432599246502,0.42386212944984436,0.669787585735321,-0.024906150996685028,0.45111674070358276,0.6746608018875122,-0.02979440800845623,0.47152066230773926,0.6798199415206909,-0.030271952971816063,0.37410786747932434,0.6681632995605469,-0.015684794634580612,0.4091634452342987,0.6946947574615479,-0.03168545663356781,0.4065534770488739,0.7287275791168213,-0.0282882209867239,0.40134480595588684,0.7543423771858215,-0.020750992000102997,0.3635011315345764,0.677956759929657,-0.022952603176236153,0.3939763307571411,0.6965279579162598,-0.033170320093631744,0.39641904830932617,0.7218700647354126,-0.028913836926221848,0.39430251717567444,0.7425803542137146,-0.021915985271334648,SEE YOU LATER 
0.3608245849609375,0.77688068151474,2.878918223814253e-07,0.3913904130458832,0.7580556273460388,-0.004156206268817186,0.40889379382133484,0.7259378433227539,-0.00849499274045229,0.41562238335609436,0.6973626017570496,-0.015326427295804024,0.42079946398735046,0.6732977032661438,-0.02129095420241356,0.39944517612457275,0.6699427962303162,-0.005552149377763271,0.41335901618003845,0.6318811178207397,-0.015514456667006016,0.4192647635936737,0.604564905166626,-0.021829962730407715,0.4234916865825653,0.5793299078941345,-0.025920236483216286,0.3859982192516327,0.6652541756629944,-0.010410168208181858,0.4241293966770172,0.6713171601295471,-0.025721564888954163,0.4516414999961853,0.6752349734306335,-0.030502982437610626,0.47253379225730896,0.678394615650177,-0.03111780248582363,0.37318408489227295,0.6695215702056885,-0.01619022898375988,0.40908586978912354,0.6959291100502014,-0.031873926520347595,0.40471261739730835,0.7291234731674194,-0.027940217405557632,0.39834821224212646,0.7534912824630737,-0.020295172929763794,0.36284342408180237,0.6795068979263306,-0.023161480203270912,0.39325565099716187,0.6973303556442261,-0.03316403180360794,0.39489251375198364,0.722237229347229,-0.028600238263607025,0.3924064040184021,0.7423999309539795,-0.021508876234292984,SEE YOU LATER 
0.3607100546360016,0.7735899686813354,2.736209694376157e-07,0.39079606533050537,0.7537851333618164,-0.003204683307558298,0.40836694836616516,0.7219840288162231,-0.006905463524162769,0.4159979522228241,0.693237841129303,-0.013371703214943409,0.4216020405292511,0.6691854000091553,-0.01900675892829895,0.40053847432136536,0.6692048907279968,-0.004450992215424776,0.41446176171302795,0.6303077340126038,-0.01387690007686615,0.4201294481754303,0.6031968593597412,-0.019512411206960678,0.4245336055755615,0.5784515142440796,-0.023015372455120087,0.38707834482192993,0.66468346118927,-0.00959565956145525,0.42507025599479675,0.669414758682251,-0.02501748315989971,0.45200544595718384,0.6738662123680115,-0.02963385172188282,0.4724177420139313,0.678352415561676,-0.02979869581758976,0.3741398751735687,0.668742299079895,-0.015599006786942482,0.4098667502403259,0.6947064399719238,-0.03181738033890724,0.40714019536972046,0.72921222448349,-0.02848212420940399,0.4021100699901581,0.7553322911262512,-0.020765868946909904,0.3634796440601349,0.6781815886497498,-0.02264879271388054,0.39342767000198364,0.6946144700050354,-0.03314732387661934,0.39729705452919006,0.7190999388694763,-0.029190046712756157,0.397127240896225,0.7402933239936829,-0.022235125303268433,SEE YOU LATER 
0.3613309860229492,0.773629367351532,2.7262348112344625e-07,0.39147841930389404,0.7537246346473694,-0.0032387585379183292,0.4091828465461731,0.7219952940940857,-0.007099400274455547,0.4166526198387146,0.6931729912757874,-0.013667178340256214,0.42243045568466187,0.6692543625831604,-0.019414089620113373,0.4010932743549347,0.668685257434845,-0.004742378834635019,0.41418254375457764,0.6308345794677734,-0.014353882521390915,0.4195663630962372,0.6037511229515076,-0.020250847563147545,0.4237498939037323,0.5788530707359314,-0.02397991344332695,0.38786745071411133,0.6641921997070312,-0.00991029292345047,0.424767404794693,0.6696922779083252,-0.025007907301187515,0.4518912434577942,0.6735748648643494,-0.029509611427783966,0.47251734137535095,0.6779031753540039,-0.029848890379071236,0.37475770711898804,0.6685558557510376,-0.015944888815283775,0.40961578488349915,0.6938871741294861,-0.03203476592898369,0.4071026146411896,0.7275387644767761,-0.028623435646295547,0.402276873588562,0.7536190152168274,-0.021087687462568283,0.3635725677013397,0.6784742474555969,-0.023010902106761932,0.3933206796646118,0.6955793499946594,-0.03371730446815491,0.3963557183742523,0.720635175704956,-0.029728760942816734,0.39516815543174744,0.742158055305481,-0.02283696085214615,SEE YOU LATER 
0.36161544919013977,0.7748377323150635,2.90373463940341e-07,0.39192643761634827,0.7568457126617432,-0.0040332358330488205,0.4091573655605316,0.7270383238792419,-0.008725819177925587,0.41569146513938904,0.6992842555046082,-0.015804801136255264,0.4188706874847412,0.6754533052444458,-0.02200755476951599,0.40063005685806274,0.669466495513916,-0.005692340433597565,0.41393253207206726,0.6311727166175842,-0.015546683222055435,0.4195534586906433,0.6041032671928406,-0.021712664514780045,0.42352429032325745,0.5791802406311035,-0.025600450113415718,0.3876558542251587,0.6648586988449097,-0.01047448068857193,0.42605239152908325,0.6686765551567078,-0.025301245972514153,0.45339491963386536,0.6732336282730103,-0.02990579977631569,0.4735860824584961,0.6779887080192566,-0.030297450721263885,0.3750392198562622,0.6691453456878662,-0.01611909829080105,0.4102073907852173,0.6951371431350708,-0.031148819252848625,0.40838757157325745,0.7265459299087524,-0.028014251962304115,0.40378832817077637,0.7502080798149109,-0.021024256944656372,0.36467650532722473,0.6791395545005798,-0.02288278006017208,0.39516332745552063,0.6978737115859985,-0.032297533005476,0.3984372615814209,0.722219705581665,-0.028089428320527077,0.3971202075481415,0.7422530055046082,-0.021321047097444534,SEE YOU LATER 
0.3625290095806122,0.7736956477165222,2.827380853887007e-07,0.39289331436157227,0.7540655136108398,-0.0034366438630968332,0.4103475511074066,0.7230815887451172,-0.007888550870120525,0.4181993305683136,0.6952620148658752,-0.014943353831768036,0.4244852066040039,0.6721603870391846,-0.021194010972976685,0.401364803314209,0.6685346364974976,-0.005628397688269615,0.41478854417800903,0.6303666830062866,-0.015870312228798866,0.4202724099159241,0.6029381155967712,-0.02233179844915867,0.42430993914604187,0.5777698159217834,-0.026453036814928055,0.3883923590183258,0.6643643379211426,-0.01077498123049736,0.4260745644569397,0.6697899103164673,-0.026600666344165802,0.45335853099823,0.6744335293769836,-0.03148864582180977,0.47373074293136597,0.6788867115974426,-0.03194784000515938,0.3758879601955414,0.6688334345817566,-0.01671263575553894,0.41128087043762207,0.6950580477714539,-0.03273877874016762,0.4089115858078003,0.7282835841178894,-0.029135743156075478,0.4040760397911072,0.7533430457115173,-0.02158772014081478,0.36548635363578796,0.6789057850837708,-0.023736484348773956,0.3962574899196625,0.6981582045555115,-0.033915452659130096,0.39844372868537903,0.72361159324646,-0.02956990897655487,0.3964215815067291,0.744295597076416,-0.022555368021130562,SEE YOU LATER 
0.36379027366638184,0.774056077003479,2.8189700174152676e-07,0.39414435625076294,0.7541573643684387,-0.0038079526275396347,0.41080838441848755,0.7237089276313782,-0.008465415798127651,0.4171493649482727,0.6967157125473022,-0.01567833125591278,0.42041563987731934,0.6737298965454102,-0.02203204482793808,0.40174400806427,0.6676836609840393,-0.004875487182289362,0.4146218001842499,0.6306501030921936,-0.015243646688759327,0.41976410150527954,0.6035860180854797,-0.02192956581711769,0.42355313897132874,0.5786917209625244,-0.026197845116257668,0.38903242349624634,0.6634764671325684,-0.00996751431375742,0.42603448033332825,0.6685088276863098,-0.0261106975376606,0.45307105779647827,0.6735493540763855,-0.031272538006305695,0.4732779860496521,0.6791715025901794,-0.03174777701497078,0.37647587060928345,0.6676422953605652,-0.01599673181772232,0.41172900795936584,0.6942655444145203,-0.03219496086239815,0.4090115427970886,0.7276616096496582,-0.02872385084629059,0.4039574861526489,0.7527577877044678,-0.02119356393814087,0.3658832907676697,0.6779066324234009,-0.02315553091466427,0.39653509855270386,0.6981371641159058,-0.03334115818142891,0.39789071679115295,0.7240092754364014,-0.0290160421282053,0.3951095938682556,0.7443798184394836,-0.02204834669828415,SEE YOU LATER 
0.36336877942085266,0.7737582325935364,2.7662042612064397e-07,0.3938705027103424,0.7542309165000916,-0.0038217580877244473,0.4106762707233429,0.7238268852233887,-0.00831050705164671,0.4171326160430908,0.6966700553894043,-0.015317702665925026,0.42036864161491394,0.6734219789505005,-0.02148427441716194,0.4017736315727234,0.6678977608680725,-0.004850976634770632,0.4147919714450836,0.6304625868797302,-0.015018799342215061,0.42005711793899536,0.6032518148422241,-0.021531440317630768,0.423989862203598,0.5783641338348389,-0.025705745443701744,0.389017254114151,0.6637309193611145,-0.009894522838294506,0.4259433150291443,0.6687120795249939,-0.025977905839681625,0.45276495814323425,0.6736370921134949,-0.031090261414647102,0.47278112173080444,0.6792906522750854,-0.03153352811932564,0.37654370069503784,0.6679145097732544,-0.01586410589516163,0.4117821753025055,0.6945739388465881,-0.03189852461218834,0.40900012850761414,0.7275905609130859,-0.02845282480120659,0.40389126539230347,0.7524282336235046,-0.021021880209445953,0.36612963676452637,0.6780816316604614,-0.022974325343966484,0.39681532979011536,0.698168158531189,-0.03305872157216072,0.39806121587753296,0.7239516377449036,-0.028784507885575294,0.39527401328086853,0.7443200349807739,-0.021899959072470665,SEE YOU LATER 
0.3623488247394562,0.7728713750839233,2.848055657977966e-07,0.39233288168907166,0.7547839283943176,-0.004036223981529474,0.4093290865421295,0.7262786030769348,-0.009082896634936333,0.41648349165916443,0.700736403465271,-0.01664469763636589,0.4192334711551666,0.6780582070350647,-0.02333708293735981,0.401229590177536,0.6678869724273682,-0.005152439698576927,0.41424232721328735,0.6300578117370605,-0.015287921763956547,0.4198358356952667,0.6027581095695496,-0.021945135667920113,0.42403608560562134,0.5781614780426025,-0.02619568072259426,0.3884968161582947,0.6636196374893188,-0.010239298455417156,0.4259263575077057,0.6682623028755188,-0.025989746674895287,0.452921986579895,0.6732717752456665,-0.031173715367913246,0.4730306565761566,0.6792387366294861,-0.031760115176439285,0.37611597776412964,0.667780876159668,-0.016240078955888748,0.41123342514038086,0.6950889229774475,-0.03178463503718376,0.40774786472320557,0.7278808355331421,-0.028242623433470726,0.4020175039768219,0.7524484395980835,-0.020851220935583115,0.365991473197937,0.6780314445495605,-0.023429377004504204,0.3964858055114746,0.6979992985725403,-0.03289825841784477,0.3981741666793823,0.7234277129173279,-0.02825291082262993,0.395751953125,0.7438527345657349,-0.021179543808102608,SEE YOU LATER 
0.3628017008304596,0.7729927897453308,2.861818018118356e-07,0.3927276134490967,0.7544445395469666,-0.003884207457304001,0.4095609486103058,0.7257480025291443,-0.008880631998181343,0.41659265756607056,0.7000798583030701,-0.01643635518848896,0.4196004569530487,0.6774654388427734,-0.02310706116259098,0.4011252522468567,0.6676455140113831,-0.004789504688233137,0.4139546751976013,0.6306532025337219,-0.014990368857979774,0.4192731976509094,0.6037260890007019,-0.02168654277920723,0.4231184720993042,0.5793664455413818,-0.025930047035217285,0.38845762610435486,0.6633230447769165,-0.00994628481566906,0.42584913969039917,0.6681188941001892,-0.025672802701592445,0.45295441150665283,0.6731715798377991,-0.030815744772553444,0.4731106758117676,0.6791001558303833,-0.03137063980102539,0.3760206401348114,0.6674555540084839,-0.016053903847932816,0.41112178564071655,0.6945165991783142,-0.03178320452570915,0.40787655115127563,0.7273107767105103,-0.028369907289743423,0.4023994207382202,0.7518702745437622,-0.02100302465260029,0.36580419540405273,0.6777076721191406,-0.023311438038945198,0.39634236693382263,0.6976360082626343,-0.03294076770544052,0.39802542328834534,0.7230486869812012,-0.028387416154146194,0.39556872844696045,0.7433701753616333,-0.02135108783841133,SEE YOU LATER 
0.36256715655326843,0.7746167778968811,2.9044144866929855e-07,0.39260146021842957,0.7555853724479675,-0.004198746290057898,0.4096866846084595,0.7258416414260864,-0.008976860903203487,0.41686275601387024,0.6990755796432495,-0.016240177676081657,0.42007580399513245,0.6761136651039124,-0.02257632091641426,0.40098193287849426,0.6690305471420288,-0.004919747356325388,0.4145033657550812,0.6315892934799194,-0.014994697645306587,0.4203595519065857,0.6042376756668091,-0.02150491625070572,0.4246998131275177,0.5790815353393555,-0.025688964873552322,0.3882863223552704,0.6640363335609436,-0.009850265458226204,0.426287978887558,0.6695747971534729,-0.025512058287858963,0.4533333480358124,0.6738536357879639,-0.030497167259454727,0.473724365234375,0.6786578893661499,-0.030970558524131775,0.375838041305542,0.667586624622345,-0.01578679122030735,0.4111098051071167,0.695297360420227,-0.031568095088005066,0.40759962797164917,0.7282769083976746,-0.02811756357550621,0.40229275822639465,0.7532042860984802,-0.02062074840068817,0.3656741678714752,0.6774163246154785,-0.02294100448489189,0.3960859775543213,0.6962794065475464,-0.03280415013432503,0.3986817002296448,0.7212015390396118,-0.02845797687768936,0.3974688649177551,0.741826057434082,-0.021464455872774124,SEE YOU LATER 
0.3617960810661316,0.7741822004318237,2.958344680337177e-07,0.3919495940208435,0.755774736404419,-0.004488460719585419,0.40909528732299805,0.7266858220100403,-0.00944775715470314,0.4164237976074219,0.7004007697105408,-0.01687983237206936,0.4199749827384949,0.6772271394729614,-0.023320617154240608,0.4007241129875183,0.6693893074989319,-0.0053644743748009205,0.4144964814186096,0.6308896541595459,-0.015554273501038551,0.42053163051605225,0.6034967303276062,-0.02201957255601883,0.4249696433544159,0.5785648822784424,-0.026088716462254524,0.38807836174964905,0.6644753813743591,-0.010168470442295074,0.4262884259223938,0.6694017052650452,-0.026182986795902252,0.45352616906166077,0.6738374829292297,-0.0312940776348114,0.4740060269832611,0.678730845451355,-0.03170890361070633,0.37575989961624146,0.6679195165634155,-0.015971560031175613,0.41104838252067566,0.695954442024231,-0.03195556625723839,0.4071296751499176,0.7293497920036316,-0.02846939116716385,0.40134361386299133,0.7542108297348022,-0.02081356570124626,0.3658009469509125,0.6773808002471924,-0.023021377623081207,0.39602386951446533,0.6965665817260742,-0.032852549105882645,0.39864349365234375,0.7213398218154907,-0.02845797874033451,0.3974404036998749,0.7416751384735107,-0.021367689594626427,SEE YOU LATER 
0.3619884252548218,0.7743563652038574,2.912620686856826e-07,0.39211106300354004,0.7555054426193237,-0.004161424934864044,0.4093366861343384,0.7265457510948181,-0.009245497174561024,0.41701245307922363,0.7006689310073853,-0.017007915303111076,0.42100638151168823,0.6779116988182068,-0.023847749456763268,0.4010058343410492,0.6685908436775208,-0.004549326840788126,0.4148029685020447,0.6309108138084412,-0.015053531154990196,0.42045560479164124,0.6041132211685181,-0.0219730231910944,0.42455679178237915,0.5796029567718506,-0.026338238269090652,0.3882504999637604,0.6643655300140381,-0.009819822385907173,0.4257398247718811,0.6693501472473145,-0.026087425649166107,0.4532497525215149,0.6740205883979797,-0.03153074160218239,0.47396910190582275,0.6791061758995056,-0.032238829880952835,0.37577342987060547,0.668329119682312,-0.016143038868904114,0.41131100058555603,0.6951159834861755,-0.032713633030653,0.40782901644706726,0.72956782579422,-0.029174963012337685,0.40225356817245483,0.7553299069404602,-0.021404091268777847,0.3655616343021393,0.6781764626502991,-0.023655125871300697,0.3962313234806061,0.6967297792434692,-0.033995822072029114,0.39802777767181396,0.7225661277770996,-0.029340187087655067,0.39566177129745483,0.7435343861579895,-0.02200920507311821,SEE YOU LATER 
0.3623133897781372,0.7739900946617126,2.9131754786249076e-07,0.3923616111278534,0.7551747560501099,-0.0043112849816679955,0.4095018208026886,0.7262575030326843,-0.009516102261841297,0.4168887138366699,0.7003086805343628,-0.017354004085063934,0.42043787240982056,0.6775542497634888,-0.02428549900650978,0.40130147337913513,0.668441116809845,-0.005096793174743652,0.4149930477142334,0.6303384304046631,-0.015690647065639496,0.4206189513206482,0.6032390594482422,-0.02263127639889717,0.42476144433021545,0.5785113573074341,-0.027014710009098053,0.38837647438049316,0.6642122864723206,-0.010328001342713833,0.4258604049682617,0.6693680286407471,-0.026734355837106705,0.4532429575920105,0.6740673780441284,-0.03214574232697487,0.4738541841506958,0.679215133190155,-0.03281154856085777,0.3757549822330475,0.6682583689689636,-0.016590116545557976,0.41123583912849426,0.6950556635856628,-0.03320643678307533,0.40788695216178894,0.7294397354125977,-0.029624808579683304,0.4024370610713959,0.7552092671394348,-0.021838439628481865,0.3654487133026123,0.6781906485557556,-0.024052750319242477,0.3960471749305725,0.696788489818573,-0.034411851316690445,0.39781543612480164,0.7225887775421143,-0.029746394604444504,0.3954731822013855,0.7435302734375,-0.02241949923336506,SEE YOU LATER 
0.36225903034210205,0.774522066116333,2.8731398060699576e-07,0.3924977779388428,0.7551942467689514,-0.004087055567651987,0.4095556437969208,0.7259342670440674,-0.009112279862165451,0.41688522696495056,0.6997087597846985,-0.016774440184235573,0.42002758383750916,0.6768475770950317,-0.023534877225756645,0.4012370705604553,0.668217122554779,-0.004668953362852335,0.41471388936042786,0.6307367086410522,-0.015147455036640167,0.42031750082969666,0.603807270526886,-0.02205505035817623,0.42440807819366455,0.5791398286819458,-0.0264445748180151,0.3882848620414734,0.6639344692230225,-0.009950399398803711,0.42566490173339844,0.6691577434539795,-0.026060063391923904,0.4530371427536011,0.6737532615661621,-0.03135495260357857,0.4735996723175049,0.6789194345474243,-0.03202963247895241,0.3756079375743866,0.6680829524993896,-0.01627391017973423,0.4111412465572357,0.6948403120040894,-0.03268854692578316,0.4080162048339844,0.7289653420448303,-0.029123004525899887,0.40268394351005554,0.7546678781509399,-0.021435264497995377,0.36523714661598206,0.6782885789871216,-0.02378353476524353,0.3959987759590149,0.6970271468162537,-0.03405390679836273,0.39773669838905334,0.7228254675865173,-0.029429594054818153,0.3952585756778717,0.7437793016433716,-0.022188061848282814,SEE YOU LATER 
0.3616175651550293,0.7723786234855652,2.765352178357716e-07,0.39223912358283997,0.7530592083930969,-0.0038110308814793825,0.41025233268737793,0.7220355868339539,-0.008164561353623867,0.41762903332710266,0.6940070390701294,-0.015070215798914433,0.42287084460258484,0.6704807877540588,-0.02114003710448742,0.4028101861476898,0.6680554151535034,-0.00528825493529439,0.41576236486434937,0.6295331716537476,-0.015282757580280304,0.4207818806171417,0.6019777059555054,-0.021403660997748375,0.42479580640792847,0.5766821503639221,-0.02525823563337326,0.3900081515312195,0.6634432077407837,-0.010198615491390228,0.42688965797424316,0.6696487665176392,-0.026221981272101402,0.45361968874931335,0.6740601658821106,-0.03109445981681347,0.47410517930984497,0.6788302063941956,-0.03136761486530304,0.37728822231292725,0.6671342849731445,-0.015981175005435944,0.41171538829803467,0.6949623823165894,-0.03232883661985397,0.4077227711677551,0.7287447452545166,-0.028791286051273346,0.40218454599380493,0.7543948292732239,-0.02107405476272106,0.366438627243042,0.6764664649963379,-0.02288176491856575,0.3961133062839508,0.6964007019996643,-0.03337438032031059,0.39763468503952026,0.7224231958389282,-0.029170792549848557,0.39552196860313416,0.743654727935791,-0.022126581519842148,SEE YOU LATER 
0.36146634817123413,0.7718169689178467,2.776978931251506e-07,0.3920646011829376,0.7520133256912231,-0.0030183850321918726,0.40977713465690613,0.7216913104057312,-0.007526653353124857,0.41807886958122253,0.6943182945251465,-0.014785799197852612,0.42444339394569397,0.671657383441925,-0.02114093117415905,0.4019967019557953,0.6667630076408386,-0.004288906697183847,0.4151022434234619,0.6302931904792786,-0.01465472299605608,0.4202061891555786,0.6032336950302124,-0.021382689476013184,0.4236356317996979,0.5784467458724976,-0.02564358524978161,0.3892899751663208,0.6621745228767395,-0.00984287541359663,0.4261676073074341,0.668433666229248,-0.026069866493344307,0.4535904824733734,0.6738439202308655,-0.03139777109026909,0.4739861786365509,0.6797663569450378,-0.03199917823076248,0.37679165601730347,0.6661438345909119,-0.0162456426769495,0.4114077389240265,0.694127082824707,-0.032623134553432465,0.40762704610824585,0.7277489304542542,-0.029032185673713684,0.40184563398361206,0.7529693841934204,-0.02131710946559906,0.36609724164009094,0.6760439872741699,-0.02371048368513584,0.39585888385772705,0.6967223882675171,-0.0339544452726841,0.39667120575904846,0.7224270105361938,-0.02936609461903572,0.3936278522014618,0.7428604364395142,-0.022112343460321426,SEE YOU LATER 
0.3562476336956024,0.7703817486763,2.823518343575415e-07,0.38788512349128723,0.7529376745223999,-0.0032353491988033056,0.40679970383644104,0.7230867147445679,-0.007506303023546934,0.4150945842266083,0.69587242603302,-0.014402118511497974,0.41973310708999634,0.6731625199317932,-0.020411375910043716,0.40022629499435425,0.6667940020561218,-0.004363881424069405,0.41395968198776245,0.6295068860054016,-0.01411998551338911,0.41987359523773193,0.6016972661018372,-0.020368458703160286,0.4244462847709656,0.5765966176986694,-0.024450764060020447,0.3883286118507385,0.6617799401283264,-0.009762237779796124,0.4261849522590637,0.6684923768043518,-0.02553444728255272,0.4536706805229187,0.6741217970848083,-0.030740246176719666,0.47430646419525146,0.6804788708686829,-0.03128105029463768,0.37643349170684814,0.6654961705207825,-0.015958335250616074,0.4108525216579437,0.6960721611976624,-0.03146253898739815,0.4054945111274719,0.7286241054534912,-0.027890339493751526,0.39886048436164856,0.7525545954704285,-0.020429270341992378,0.36620014905929565,0.6752544641494751,-0.023303909227252007,0.39521896839141846,0.6970056891441345,-0.032723333686590195,0.39566177129745483,0.7217332720756531,-0.02819625660777092,0.39288681745529175,0.7412432432174683,-0.021204710006713867,SEE YOU LATER 
0.35635823011398315,0.7718350887298584,2.877799261113978e-07,0.38866108655929565,0.7529451847076416,-0.0030086003243923187,0.4069203734397888,0.7230197787284851,-0.0073297228664159775,0.41460099816322327,0.69581538438797,-0.014444584026932716,0.4194369614124298,0.673324704170227,-0.02073940634727478,0.39944785833358765,0.6662762761116028,-0.0035070234443992376,0.412882000207901,0.631020724773407,-0.013649042695760727,0.4191543161869049,0.6038305163383484,-0.020467672497034073,0.4239118695259094,0.5788251757621765,-0.02485230751335621,0.3877132534980774,0.6614247560501099,-0.008982229977846146,0.42503470182418823,0.6689971685409546,-0.02457362972199917,0.45279252529144287,0.6742796301841736,-0.030072927474975586,0.4737265706062317,0.6798431277275085,-0.030920229852199554,0.37614986300468445,0.6656547784805298,-0.015334980562329292,0.41071709990501404,0.6960849165916443,-0.03144280984997749,0.40595903992652893,0.7292382121086121,-0.028311116620898247,0.39954864978790283,0.7539488077163696,-0.020837752148509026,0.36644527316093445,0.6761732697486877,-0.022729109972715378,0.3953181505203247,0.6977757811546326,-0.032668329775333405,0.39566099643707275,0.7230510115623474,-0.028243402019143105,0.3927578926086426,0.7434713244438171,-0.021097902208566666,SEE YOU LATER 
0.3544800281524658,0.7638942003250122,2.934079930128064e-07,0.38669270277023315,0.7461103200912476,-0.002727039158344269,0.4050728678703308,0.7159848213195801,-0.007218163460493088,0.41317540407180786,0.6902178525924683,-0.01430401112884283,0.4179489314556122,0.6697664856910706,-0.020654713734984398,0.39949676394462585,0.6602636575698853,-0.005183322820812464,0.413812518119812,0.6235021948814392,-0.014876388013362885,0.4202711880207062,0.5966975688934326,-0.021540619432926178,0.425101637840271,0.5717782974243164,-0.026116563007235527,0.386906236410141,0.6568381786346436,-0.010848394595086575,0.42435410618782043,0.6651592254638672,-0.025903353467583656,0.45229312777519226,0.6727778911590576,-0.0311892069876194,0.4734538197517395,0.6801038980484009,-0.03237014263868332,0.3747919797897339,0.6623746752738953,-0.017124837264418602,0.4085104167461395,0.6939471364021301,-0.03141873702406883,0.4032583236694336,0.7248263359069824,-0.02768552675843239,0.3964625298976898,0.7461297512054443,-0.02081100456416607,0.36479923129081726,0.6736477017402649,-0.024528110399842262,0.3931216597557068,0.6950489282608032,-0.03318241611123085,0.39402374625205994,0.7185125350952148,-0.028410114347934723,0.3915073871612549,0.7360636591911316,-0.021648887544870377,SEE YOU LATER 
0.3559844493865967,0.7633727192878723,2.7065274821325147e-07,0.38678014278411865,0.7475622892379761,-0.003672101302072406,0.4058387279510498,0.7190365195274353,-0.008850869722664356,0.4137885570526123,0.6937133073806763,-0.01644754223525524,0.4177253246307373,0.6724194884300232,-0.023200415074825287,0.40094345808029175,0.6603609919548035,-0.006943817716091871,0.41551515460014343,0.6231419444084167,-0.017273323610424995,0.42143985629081726,0.5959667563438416,-0.023941123858094215,0.42530515789985657,0.5709434151649475,-0.02819337509572506,0.3887486159801483,0.6569226384162903,-0.012287944555282593,0.4257602095603943,0.6645439863204956,-0.02762870118021965,0.452775239944458,0.6724119782447815,-0.03259861841797829,0.4726971387863159,0.680442214012146,-0.03330810368061066,0.37647348642349243,0.6621763110160828,-0.018301965668797493,0.4092664420604706,0.6934101581573486,-0.03281114995479584,0.4042753279209137,0.7233930826187134,-0.02911612205207348,0.3974427878856659,0.7442382574081421,-0.022195179015398026,0.3659711182117462,0.673352062702179,-0.02546624280512333,0.3940941095352173,0.696544349193573,-0.0336918830871582,0.3939625024795532,0.7200149893760681,-0.028672058135271072,0.3901338279247284,0.7372453212738037,-0.021789805963635445,SEE YOU LATER 
0.35546648502349854,0.7601309418678284,2.894388160257222e-07,0.38626521825790405,0.7423692345619202,-0.003011816879734397,0.40490201115608215,0.7149021029472351,-0.008616876788437366,0.41400715708732605,0.6908600330352783,-0.016900895163416862,0.4181083142757416,0.6709567308425903,-0.024439604952931404,0.40023449063301086,0.6569043397903442,-0.006565549876540899,0.41430461406707764,0.6189883947372437,-0.017293209210038185,0.42085686326026917,0.5914197564125061,-0.02470373921096325,0.42571407556533813,0.5665939450263977,-0.029529962688684464,0.38757121562957764,0.6534684896469116,-0.0125529570505023,0.42432141304016113,0.6621423959732056,-0.02864634245634079,0.4516427218914032,0.6705905199050903,-0.03429563716053963,0.4719453752040863,0.6799455881118774,-0.03540489077568054,0.37506014108657837,0.658934473991394,-0.019126705825328827,0.4077627956867218,0.6914287209510803,-0.0342458114027977,0.40124914050102234,0.7224464416503906,-0.03038056008517742,0.39334315061569214,0.7448254823684692,-0.023133039474487305,0.3645324409008026,0.6703171730041504,-0.026858344674110413,0.39241236448287964,0.6936184167861938,-0.03579755499958992,0.39206770062446594,0.7181751728057861,-0.030615847557783127,0.38839083909988403,0.7371419072151184,-0.02336856909096241,SEE YOU LATER 
0.3560646176338196,0.7601602077484131,2.623614818730857e-07,0.38619381189346313,0.7422754168510437,-0.003091636812314391,0.4050470292568207,0.713617205619812,-0.008096232078969479,0.41334739327430725,0.689188539981842,-0.01562382373958826,0.4160115718841553,0.6697088479995728,-0.022386498749256134,0.4018676280975342,0.656501293182373,-0.006162944249808788,0.4160865843296051,0.6195761561393738,-0.01622183807194233,0.42195454239845276,0.592591404914856,-0.02304275520145893,0.4263511002063751,0.5677284002304077,-0.02751409076154232,0.38939470052719116,0.6533134579658508,-0.011820037849247456,0.4247829020023346,0.6624854803085327,-0.026950711384415627,0.45110079646110535,0.6700128316879272,-0.03224063292145729,0.47083359956741333,0.6786636114120483,-0.03329584747552872,0.376429945230484,0.6587700843811035,-0.018092619255185127,0.40773504972457886,0.6904914379119873,-0.03246283903717995,0.402258038520813,0.7202773690223694,-0.02900606580078602,0.3951094150543213,0.7419847249984741,-0.022307589650154114,0.36508381366729736,0.6698700189590454,-0.025497369468212128,0.3927653729915619,0.6932318210601807,-0.03386935591697693,0.39270177483558655,0.7172086834907532,-0.02899775467813015,0.3888619542121887,0.7355359792709351,-0.022218167781829834,SEE YOU LATER 
0.35314616560935974,0.7550122141838074,2.608132376735739e-07,0.3850826323032379,0.7376061677932739,-0.0019671868067234755,0.40502476692199707,0.7100114226341248,-0.006629930809140205,0.41433393955230713,0.6868438720703125,-0.014193763025105,0.4169611930847168,0.667510986328125,-0.02121787890791893,0.40057632327079773,0.6519467830657959,-0.004586038179695606,0.4143405258655548,0.6153818368911743,-0.014865907840430737,0.42077967524528503,0.5882716178894043,-0.022129079326987267,0.42601287364959717,0.5640366077423096,-0.026926258578896523,0.3877291977405548,0.6489946246147156,-0.011096155270934105,0.4229064881801605,0.6578614115715027,-0.02703341655433178,0.4491676390171051,0.6683042049407959,-0.03301633521914482,0.4686600863933563,0.679929256439209,-0.03426728770136833,0.375039666891098,0.6549568772315979,-0.01812935434281826,0.4067843556404114,0.6876227855682373,-0.032874055206775665,0.40076813101768494,0.7182095050811768,-0.02931162342429161,0.3935331702232361,0.7398984432220459,-0.022381260991096497,0.364339143037796,0.6669303774833679,-0.02623951993882656,0.39112043380737305,0.6914513111114502,-0.03460429236292839,0.3902115821838379,0.7153086066246033,-0.029473304748535156,0.38620591163635254,0.7330099940299988,-0.02244265377521515,SEE YOU LATER 
0.3535303771495819,0.7557231783866882,2.5247422286156507e-07,0.38466647267341614,0.7382944822311401,-0.0023924570996314287,0.40491241216659546,0.709899365901947,-0.0073496256954967976,0.41422218084335327,0.6856718063354492,-0.014965702779591084,0.41809380054473877,0.6668357253074646,-0.022043373435735703,0.4021192193031311,0.6515650749206543,-0.006090650334954262,0.41582584381103516,0.6154087781906128,-0.016412872821092606,0.42221933603286743,0.5881797075271606,-0.023515744134783745,0.42750048637390137,0.5635852217674255,-0.028213443234562874,0.3893619775772095,0.6487093567848206,-0.01234075240790844,0.4241201877593994,0.6588705778121948,-0.027926664799451828,0.450285941362381,0.6680049300193787,-0.033450037240982056,0.46993887424468994,0.6781901121139526,-0.0345456562936306,0.37623536586761475,0.6551855802536011,-0.019082022830843925,0.40678682923316956,0.6873577833175659,-0.033775702118873596,0.40109866857528687,0.7171192765235901,-0.0301559679210186,0.3943540155887604,0.7385886907577515,-0.023288950324058533,0.3648369610309601,0.6679049134254456,-0.026857130229473114,0.391131192445755,0.6918168663978577,-0.03517533838748932,0.3900957405567169,0.7155033349990845,-0.029948268085718155,0.3860109746456146,0.7330736517906189,-0.022922107949852943,SEE YOU LATER 
0.3505617380142212,0.7445958852767944,2.551137470163667e-07,0.3815401494503021,0.7289994359016418,-0.0026255249977111816,0.4017553925514221,0.6996186971664429,-0.00756352674216032,0.4115302562713623,0.6749826073646545,-0.015045704320073128,0.41403618454933167,0.6565669775009155,-0.022142736241221428,0.4013683795928955,0.6445440053939819,-0.0074465288780629635,0.4166499376296997,0.6070569157600403,-0.017552794888615608,0.4236854016780853,0.5798158049583435,-0.024461625143885612,0.42952924966812134,0.556267261505127,-0.02905099280178547,0.3874779939651489,0.6420621275901794,-0.013445941731333733,0.4211413860321045,0.6540221571922302,-0.029393605887889862,0.4462803304195404,0.6664494276046753,-0.035184282809495926,0.4646851122379303,0.680497944355011,-0.03649812191724777,0.37340205907821655,0.6486762762069702,-0.019756900146603584,0.40335994958877563,0.6814522743225098,-0.03399427980184555,0.39671310782432556,0.7093331813812256,-0.030683055520057678,0.3889763057231903,0.7290918231010437,-0.02445897087454796,0.3613739609718323,0.6612213253974915,-0.027143048122525215,0.3878133296966553,0.6857432723045349,-0.03538307547569275,0.38742995262145996,0.7085546255111694,-0.030658399686217308,0.38392412662506104,0.7255735993385315,-0.02420608326792717,SEE YOU LATER 
0.35279321670532227,0.7442322373390198,2.4233196427303483e-07,0.3835226595401764,0.7255029082298279,-0.0023894947953522205,0.40267109870910645,0.6951808929443359,-0.007261943072080612,0.410455584526062,0.6700311303138733,-0.014741681516170502,0.4133395850658417,0.6518339514732361,-0.0217385683208704,0.4013173282146454,0.6423174738883972,-0.007021944038569927,0.4156208336353302,0.6068109273910522,-0.017148735001683235,0.42296767234802246,0.5805750489234924,-0.02405649796128273,0.42963850498199463,0.5576954483985901,-0.02871420793235302,0.38755619525909424,0.6406202912330627,-0.013264497742056847,0.42034751176834106,0.6530778408050537,-0.029141882434487343,0.4457259476184845,0.6648617386817932,-0.034756384789943695,0.4646094739437103,0.678961992263794,-0.03600333258509636,0.3734301030635834,0.6475023031234741,-0.01988108642399311,0.4035648703575134,0.6785901784896851,-0.034556884318590164,0.3978763818740845,0.7066569924354553,-0.031076356768608093,0.39103958010673523,0.7273343801498413,-0.02461373619735241,0.36173421144485474,0.6602659225463867,-0.027495581656694412,0.3887658715248108,0.6839945912361145,-0.035863470286130905,0.38778483867645264,0.7064477801322937,-0.03084014542400837,0.3834977149963379,0.7229932546615601,-0.024191852658987045,SEE YOU LATER 
0.3461332619190216,0.7298545837402344,2.169125252748927e-07,0.37712720036506653,0.7150087952613831,-0.0025928986724466085,0.3977486491203308,0.6893362402915955,-0.007509432267397642,0.40809008479118347,0.6672934293746948,-0.01504133827984333,0.4134879410266876,0.6489971280097961,-0.02219739556312561,0.39905035495758057,0.6329436302185059,-0.0065884883515536785,0.4167543649673462,0.5990011096000671,-0.016816483810544014,0.4253728985786438,0.5740880966186523,-0.02393270656466484,0.43248251080513,0.5528257489204407,-0.028513094410300255,0.3851165473461151,0.6296483874320984,-0.012564029544591904,0.4175548851490021,0.6446310877799988,-0.028723284602165222,0.43937867879867554,0.6612146496772766,-0.03484839200973511,0.45429912209510803,0.6796420216560364,-0.03600847348570824,0.37115415930747986,0.635675311088562,-0.018820075318217278,0.40046223998069763,0.6700621843338013,-0.03237295523285866,0.39395710825920105,0.6966456174850464,-0.02916949801146984,0.3859618902206421,0.7147217988967896,-0.023148614913225174,0.35912200808525085,0.6476855874061584,-0.02614576928317547,0.38457831740379333,0.6729730367660522,-0.033320214599370956,0.3832794427871704,0.6940749883651733,-0.028356866911053658,0.3788955807685852,0.7088831067085266,-0.021804623305797577,SEE YOU LATER 
0.34727075695991516,0.7309709787368774,2.077037066783305e-07,0.37766823172569275,0.7173107266426086,-0.003353336825966835,0.3976663053035736,0.6933726668357849,-0.008807062171399593,0.4062848687171936,0.6717215776443481,-0.01685803383588791,0.41091489791870117,0.6524208784103394,-0.024460088461637497,0.39847755432128906,0.6317340731620789,-0.007272524293512106,0.41530829668045044,0.6001896262168884,-0.017430925741791725,0.424235075712204,0.5756736993789673,-0.02466762252151966,0.43152767419815063,0.5543380379676819,-0.02959463559091091,0.3848785161972046,0.6284015774726868,-0.013329037465155125,0.4156356453895569,0.6424323916435242,-0.0281353909522295,0.4378504455089569,0.6570302844047546,-0.034158315509557724,0.4529823064804077,0.6738113164901733,-0.03604283183813095,0.3706282675266266,0.6352437734603882,-0.019834354519844055,0.39933857321739197,0.6667749881744385,-0.03345521166920662,0.3949272930622101,0.6922773122787476,-0.03102397732436657,0.38853874802589417,0.7100206017494202,-0.025891443714499474,0.35850590467453003,0.6485601663589478,-0.027385074645280838,0.38392603397369385,0.6707868576049805,-0.03527592122554779,0.38404542207717896,0.6910627484321594,-0.03095344454050064,0.38061296939849854,0.7060155868530273,-0.025064948946237564,SEE YOU LATER 
0.333892285823822,0.7110388278961182,1.8871330098590988e-07,0.3692801296710968,0.6987239718437195,-0.0014541688142344356,0.3946772813796997,0.675319254398346,-0.006267030257731676,0.4082857668399811,0.6549325585365295,-0.013595843687653542,0.4175039827823639,0.639592170715332,-0.020793510600924492,0.3971872627735138,0.6160389184951782,-0.007337935268878937,0.4180053174495697,0.5899227261543274,-0.017237979918718338,0.4303991496562958,0.5684723258018494,-0.024729978293180466,0.44223839044570923,0.5499705076217651,-0.03026164136826992,0.3830908536911011,0.6122027039527893,-0.01428769901394844,0.41663694381713867,0.6418676972389221,-0.031065797433257103,0.4360843300819397,0.6673781275749207,-0.03788876160979271,0.4482618570327759,0.6904837489128113,-0.03981443867087364,0.36837929487228394,0.620886504650116,-0.021105865016579628,0.39685577154159546,0.6621077060699463,-0.032936275005340576,0.38893923163414,0.6851905584335327,-0.02951080910861492,0.3790191411972046,0.6992471814155579,-0.024688927456736565,0.3552142083644867,0.6363497376441956,-0.029069148004055023,0.3804708421230316,0.6669484376907349,-0.03534131869673729,0.37869924306869507,0.6854861378669739,-0.030680028721690178,0.37315934896469116,0.6965441703796387,-0.02510417252779007,SEE YOU LATER 
0.33847975730895996,0.7139170169830322,2.0958675861493248e-07,0.3728499710559845,0.6992353200912476,-0.0005784131353721023,0.396684467792511,0.6753931641578674,-0.005893905181437731,0.4085785150527954,0.6555523872375488,-0.014334975741803646,0.4162515699863434,0.6401260495185852,-0.022716060280799866,0.3975103497505188,0.6167559623718262,-0.007509568706154823,0.4184056520462036,0.590556263923645,-0.018957413733005524,0.43142974376678467,0.5691913962364197,-0.027692900970578194,0.4434451460838318,0.5508973598480225,-0.0339152030646801,0.3829636573791504,0.6137951612472534,-0.015612360090017319,0.4150139391422272,0.6393052339553833,-0.03266461193561554,0.435246080160141,0.6645744442939758,-0.03958302363753319,0.44751694798469543,0.6886692047119141,-0.04190186783671379,0.36760762333869934,0.6219441890716553,-0.023703575134277344,0.3971567153930664,0.6606076955795288,-0.03710264340043068,0.39013010263442993,0.6849680542945862,-0.033347390592098236,0.3809560239315033,0.6994279026985168,-0.027906572446227074,0.3543916940689087,0.6367690563201904,-0.03279154375195503,0.3816310167312622,0.6653653383255005,-0.03980957344174385,0.37919387221336365,0.6840434074401855,-0.03423890098929405,0.37225839495658875,0.6948719620704651,-0.027909796684980392,SEE YOU LATER 
0.32882267236709595,0.6932894587516785,1.8306479887542082e-07,0.3661878705024719,0.679711103439331,-0.0010216558584943414,0.3920811116695404,0.6553195714950562,-0.0063821906223893166,0.4065967798233032,0.6329494118690491,-0.014188208617269993,0.4162810742855072,0.6133055090904236,-0.021825261414051056,0.39726170897483826,0.6016464829444885,-0.008817315101623535,0.42089909315109253,0.5814595222473145,-0.019860506057739258,0.436434268951416,0.5662727355957031,-0.028271591290831566,0.4511321187019348,0.5539430379867554,-0.03460641950368881,0.38191163539886475,0.5978212952613831,-0.016679083928465843,0.4147604703903198,0.6357374787330627,-0.03473471477627754,0.4316335618495941,0.6687008738517761,-0.04234829545021057,0.4421919882297516,0.6950811147689819,-0.04507184028625488,0.3654519319534302,0.6074003577232361,-0.024241138249635696,0.3920285403728485,0.6525658965110779,-0.03639619052410126,0.3814895749092102,0.6739094257354736,-0.032653313130140305,0.3704845905303955,0.6844214797019958,-0.028318282216787338,0.3503308892250061,0.6231744289398193,-0.032865408807992935,0.3729489743709564,0.6558663249015808,-0.03938069939613342,0.3697350323200226,0.6719772815704346,-0.03446579724550247,0.36368829011917114,0.6795374155044556,-0.029130609706044197,SEE YOU LATER 
0.33274543285369873,0.6935751438140869,1.6582099249262683e-07,0.36961522698402405,0.6788337230682373,-0.0003596558526623994,0.3949100077152252,0.6529430747032166,-0.005047567654401064,0.4079223573207855,0.6284360289573669,-0.012353883124887943,0.41672325134277344,0.6063069701194763,-0.019553832709789276,0.3986513316631317,0.600918710231781,-0.008556269109249115,0.42223066091537476,0.5821523666381836,-0.020115768536925316,0.4375930726528168,0.5674588680267334,-0.028776992112398148,0.45187559723854065,0.554841160774231,-0.035333674401044846,0.38261106610298157,0.5970961451530457,-0.016723642125725746,0.4122926890850067,0.6338176131248474,-0.03420966863632202,0.4285457730293274,0.6671488881111145,-0.04095154628157616,0.43855687975883484,0.693354606628418,-0.04368957132101059,0.36525028944015503,0.6057617664337158,-0.024815766140818596,0.3916601538658142,0.6514666676521301,-0.037707168608903885,0.384212464094162,0.6739211082458496,-0.033665455877780914,0.37547600269317627,0.684382438659668,-0.02921202965080738,0.3497544527053833,0.621468722820282,-0.03391015902161598,0.3734256327152252,0.655166506767273,-0.0415147989988327,0.37188100814819336,0.6710720062255859,-0.03708634898066521,0.36682674288749695,0.6778217554092407,-0.03216907009482384,SEE YOU LATER 
0.315506249666214,0.673236072063446,1.3076514449039678e-07,0.35491943359375,0.6524309515953064,-0.00019731177599169314,0.3843267261981964,0.6185295581817627,-0.0031628641299903393,0.39984551072120667,0.5855252742767334,-0.00827029999345541,0.4101986289024353,0.5533345937728882,-0.012871602550148964,0.39247310161590576,0.5854831337928772,-0.004376271739602089,0.41791075468063354,0.575725257396698,-0.014233971014618874,0.4345766603946686,0.5648323893547058,-0.02171996608376503,0.44983822107315063,0.5556197762489319,-0.028138574212789536,0.3786967694759369,0.585197389125824,-0.011939011514186859,0.40832945704460144,0.6321669816970825,-0.028608426451683044,0.42189693450927734,0.6655988097190857,-0.035177286714315414,0.430673748254776,0.691063642501831,-0.03860749676823616,0.3632078170776367,0.5972714424133301,-0.019617080688476562,0.3884109854698181,0.6491214036941528,-0.031367674469947815,0.3743700087070465,0.6637802124023438,-0.027295691892504692,0.36147642135620117,0.6686419248580933,-0.02418251894414425,0.34840354323387146,0.6165366768836975,-0.028361156582832336,0.3704565465450287,0.6583843231201172,-0.03651769831776619,0.3620911240577698,0.6717931032180786,-0.033787358552217484,0.3516881763935089,0.6734896898269653,-0.030907515436410904,SEE YOU LATER 
0.3203347325325012,0.672381579875946,1.695136120360985e-07,0.35720476508140564,0.6512050032615662,-0.0005855127237737179,0.38573282957077026,0.6179789304733276,-0.00480235181748867,0.4011264443397522,0.5847342610359192,-0.01103552058339119,0.41140303015708923,0.5528364181518555,-0.01675940677523613,0.39215585589408875,0.5841562151908875,-0.007723234593868256,0.4182698130607605,0.5762223601341248,-0.019398728385567665,0.43496763706207275,0.5660520792007446,-0.027809636667370796,0.44940635561943054,0.5566118359565735,-0.03470084071159363,0.37819284200668335,0.5840389728546143,-0.015532064251601696,0.4066876769065857,0.6255554556846619,-0.033044442534446716,0.42150211334228516,0.6606119871139526,-0.039846498519182205,0.4301806092262268,0.6876249313354492,-0.043518003076314926,0.362957626581192,0.5967098474502563,-0.023315591737627983,0.38801732659339905,0.6477649807929993,-0.03646616265177727,0.3764539361000061,0.6638872623443604,-0.03178092837333679,0.36484822630882263,0.6671051979064941,-0.02784697525203228,0.3486853837966919,0.6164360642433167,-0.03201478719711304,0.3701731860637665,0.6585816144943237,-0.0412568598985672,0.36358842253685,0.6717848777770996,-0.03778815641999245,0.35473546385765076,0.6715444922447205,-0.03416726738214493,SEE YOU LATER 
0.3138670027256012,0.6545509099960327,1.5894630678303656e-07,0.3551294803619385,0.6326848268508911,-0.0010148768778890371,0.3881787359714508,0.598048985004425,-0.004883166868239641,0.40606406331062317,0.5650759935379028,-0.010461226105690002,0.41779088973999023,0.5307213068008423,-0.015600844286382198,0.3920099139213562,0.5711584091186523,-0.0061912559904158115,0.41648709774017334,0.5709267854690552,-0.01662486419081688,0.43430304527282715,0.5677900910377502,-0.025147570297122,0.4509999454021454,0.5658429861068726,-0.032737623900175095,0.37749046087265015,0.573323130607605,-0.013928813859820366,0.40653011202812195,0.6289814710617065,-0.03142794221639633,0.4172176420688629,0.6661677956581116,-0.039075445383787155,0.42389625310897827,0.6928210854530334,-0.043694090098142624,0.36031270027160645,0.5880993604660034,-0.021721960976719856,0.38527628779411316,0.6424581408500671,-0.03402767330408096,0.37176141142845154,0.6490142345428467,-0.031218674033880234,0.3594295084476471,0.6472039222717285,-0.029492096975445747,0.3426079750061035,0.609297513961792,-0.03047225810587406,0.36564597487449646,0.6519227027893066,-0.039537183940410614,0.3595172166824341,0.6591504812240601,-0.03798605129122734,0.35110440850257874,0.6555217504501343,-0.03648347035050392,SEE YOU LATER 
0.32021379470825195,0.6538020372390747,1.7614367209262127e-07,0.36094263195991516,0.6321319937705994,-0.0013438796158879995,0.39181435108184814,0.5991150140762329,-0.005996413063257933,0.4084531366825104,0.565799355506897,-0.012426217086613178,0.4187963008880615,0.5323545336723328,-0.01859831064939499,0.3942096531391144,0.5714418292045593,-0.007312563247978687,0.417704701423645,0.5716639757156372,-0.019203372299671173,0.4355776607990265,0.5685486197471619,-0.02878590114414692,0.4515407085418701,0.5664591193199158,-0.03691737726330757,0.37910354137420654,0.5738470554351807,-0.015340443700551987,0.40652331709861755,0.6272779107093811,-0.03318389132618904,0.41720449924468994,0.6657536625862122,-0.04096605256199837,0.42334866523742676,0.6921362280845642,-0.045834753662347794,0.36119386553764343,0.5886620283126831,-0.023460108786821365,0.38598549365997314,0.6424229741096497,-0.03712772578001022,0.3748413324356079,0.6523367762565613,-0.033807456493377686,0.363589882850647,0.6510829329490662,-0.03135458752512932,0.34290844202041626,0.6090346574783325,-0.032447703182697296,0.36556634306907654,0.6513051390647888,-0.04254807159304619,0.3605235517024994,0.6597651839256287,-0.04020295292139053,0.3523794710636139,0.655778706073761,-0.03785332292318344,SEE YOU LATER 
0.31082913279533386,0.6355063915252686,1.362229937740267e-07,0.35260045528411865,0.6176421046257019,-0.002361066872254014,0.38868552446365356,0.5868555903434753,-0.0059481095522642136,0.4095626771450043,0.5566086173057556,-0.010734322480857372,0.42421403527259827,0.5236900448799133,-0.014946200884878635,0.39397627115249634,0.5631975531578064,-0.0053396266885101795,0.4142884314060211,0.5713059902191162,-0.01574198715388775,0.4302467107772827,0.5764477252960205,-0.024705372750759125,0.4455570876598358,0.5818798542022705,-0.03214835748076439,0.37905678153038025,0.5682051181793213,-0.011916945688426495,0.4029746651649475,0.6261782050132751,-0.028176892548799515,0.41162559390068054,0.6644042134284973,-0.035899870097637177,0.41844913363456726,0.6921899914741516,-0.04051843285560608,0.3612087666988373,0.5836575627326965,-0.018811652436852455,0.38199010491371155,0.6391920447349548,-0.029604945331811905,0.3696046769618988,0.6405807137489319,-0.027354104444384575,0.3593650460243225,0.634913980960846,-0.025938713923096657,0.3429058790206909,0.6041820049285889,-0.026810627430677414,0.3636634051799774,0.6459318995475769,-0.03317621350288391,0.3562687635421753,0.647661030292511,-0.03075936995446682,0.347362756729126,0.6400434970855713,-0.028970949351787567,SEE YOU LATER 
0.3165687322616577,0.6374678611755371,2.120574578157175e-07,0.35507526993751526,0.6175494194030762,-0.002919972874224186,0.38798344135284424,0.5862880349159241,-0.008436114527285099,0.40727829933166504,0.5545653104782104,-0.01509292982518673,0.4231202006340027,0.5233826637268066,-0.02113765850663185,0.39389491081237793,0.5640982389450073,-0.01015241164714098,0.4164440631866455,0.5715448260307312,-0.02283773198723793,0.4342384338378906,0.575699508190155,-0.03279697522521019,0.4504430294036865,0.5802510976791382,-0.04093633592128754,0.3796965777873993,0.5684495568275452,-0.017252398654818535,0.404784232378006,0.6270239353179932,-0.03521611541509628,0.4136582612991333,0.6671643257141113,-0.042760882526636124,0.4201608896255493,0.6951450109481812,-0.04754190519452095,0.3619944155216217,0.584321141242981,-0.024463927373290062,0.3845776915550232,0.6417136788368225,-0.03812239319086075,0.3726682960987091,0.6457874774932861,-0.03443402051925659,0.361508309841156,0.6402381062507629,-0.031597625464200974,0.34309646487236023,0.6046231389045715,-0.03256832808256149,0.36568590998649597,0.6482568979263306,-0.04201784357428551,0.3591723144054413,0.651947021484375,-0.038664646446704865,0.3497638702392578,0.6441429853439331,-0.03563676029443741,SEE YOU LATER 
0.3154395818710327,0.6163541078567505,1.701792058383944e-07,0.35727089643478394,0.601686418056488,-0.0033082300797104836,0.39373067021369934,0.5762457847595215,-0.00814793724566698,0.41516757011413574,0.547871470451355,-0.013686765916645527,0.4304078221321106,0.5176834464073181,-0.01874801516532898,0.39994803071022034,0.5611346960067749,-0.011495029553771019,0.41754481196403503,0.5724445581436157,-0.023431090638041496,0.43263593316078186,0.582021176815033,-0.03347759693861008,0.4474983811378479,0.5916714072227478,-0.041727837175130844,0.3855179250240326,0.5674629807472229,-0.018009645864367485,0.40473178029060364,0.6313695907592773,-0.035714492201805115,0.41185903549194336,0.6705908179283142,-0.04405330866575241,0.4173385500907898,0.6989803910255432,-0.04945078492164612,0.3674353063106537,0.5836867094039917,-0.0244608074426651,0.3822445571422577,0.6436381340026855,-0.036060746759176254,0.3684902787208557,0.6426293253898621,-0.03409908339381218,0.35670197010040283,0.6350238919258118,-0.03311305493116379,0.34854820370674133,0.603416383266449,-0.03198065608739853,0.36499324440956116,0.650566041469574,-0.03891082853078842,0.35682642459869385,0.6506797075271606,-0.03662268817424774,0.3479672372341156,0.6417168378829956,-0.03513417765498161,SEE YOU LATER 
0.31796586513519287,0.617878794670105,2.4830293909872125e-07,0.3596605956554413,0.603989839553833,-0.003212559502571821,0.39407721161842346,0.5816799402236938,-0.009959381073713303,0.4124835431575775,0.5545339584350586,-0.01764301210641861,0.4271202087402344,0.5273191928863525,-0.024988356977701187,0.39951780438423157,0.5617234706878662,-0.014366351999342442,0.4194192886352539,0.575079619884491,-0.02790013886988163,0.4346260130405426,0.5859624743461609,-0.03905539959669113,0.4486057758331299,0.5966588854789734,-0.04803507402539253,0.3837544918060303,0.5688464641571045,-0.02167210914194584,0.4039539694786072,0.6294415593147278,-0.039523571729660034,0.41145169734954834,0.6701868176460266,-0.047866493463516235,0.416278600692749,0.6987635493278503,-0.05403231084346771,0.36447009444236755,0.5856127738952637,-0.02872956544160843,0.38314810395240784,0.6444518566131592,-0.04198760911822319,0.37072837352752686,0.6470826864242554,-0.038319721817970276,0.35811910033226013,0.6393094658851624,-0.03598681464791298,0.34485679864883423,0.6052328944206238,-0.0366281196475029,0.36393728852272034,0.6494806408882141,-0.0450444221496582,0.3579990565776825,0.652419924736023,-0.040839288383722305,0.3496682941913605,0.6450212001800537,-0.037723395973443985,SEE YOU LATER 
0.3207491636276245,0.6129137277603149,1.9417799990151252e-07,0.3608774244785309,0.6018760800361633,-0.0034647334832698107,0.3975182771682739,0.5842738747596741,-0.00884011946618557,0.42111167311668396,0.5627020597457886,-0.015135002322494984,0.4416801333427429,0.5398850440979004,-0.021011419594287872,0.4038482904434204,0.5726346969604492,-0.014610109850764275,0.4232177138328552,0.5863220691680908,-0.02888396382331848,0.43675991892814636,0.6027814745903015,-0.04019636660814285,0.448120653629303,0.6208611130714417,-0.04853839799761772,0.38787373900413513,0.5810264945030212,-0.021401945501565933,0.4051669239997864,0.6406652331352234,-0.0397736057639122,0.4104855954647064,0.6787675619125366,-0.048731159418821335,0.4140567183494568,0.7065526247024536,-0.054841846227645874,0.36881834268569946,0.5971625447273254,-0.0280285757035017,0.3818320035934448,0.6519439220428467,-0.04065763205289841,0.36861443519592285,0.648931622505188,-0.038452208042144775,0.3566938638687134,0.6380233764648438,-0.03713599964976311,0.34989768266677856,0.6139687299728394,-0.03559897467494011,0.36328503489494324,0.6571457386016846,-0.042612478137016296,0.35591402649879456,0.6525883674621582,-0.03940753638744354,0.3476998805999756,0.6403403282165527,-0.03718874603509903,SEE YOU LATER 
0.32233336567878723,0.612902045249939,2.2806973731803737e-07,0.3643839359283447,0.6088876128196716,-0.0013506290270015597,0.4022223949432373,0.6044625639915466,-0.006894757971167564,0.42844992876052856,0.5981301069259644,-0.01405601017177105,0.45051392912864685,0.5895714163780212,-0.021218780428171158,0.4051680266857147,0.5759074091911316,-0.014297360554337502,0.41993483901023865,0.5829280018806458,-0.027534987777471542,0.43197140097618103,0.5936591029167175,-0.03775685280561447,0.44337379932403564,0.6067679524421692,-0.04522562772035599,0.3879607915878296,0.5812751054763794,-0.021834921091794968,0.40319696068763733,0.6378019452095032,-0.03776612505316734,0.4087890386581421,0.6767609119415283,-0.04560824856162071,0.4120754301548004,0.7067108154296875,-0.05139926075935364,0.3678727149963379,0.5946586728096008,-0.028877532109618187,0.3821267783641815,0.6525565385818481,-0.04134621098637581,0.36931076645851135,0.6533399224281311,-0.03861101716756821,0.3579312264919281,0.6456447243690491,-0.03658296540379524,0.34877440333366394,0.6104979515075684,-0.03649705648422241,0.36234748363494873,0.6541815400123596,-0.04364968463778496,0.3552868664264679,0.6534008979797363,-0.03968563303351402,0.3475811183452606,0.6440074443817139,-0.03653202950954437,SEE YOU LATER 
0.32270246744155884,0.6227450370788574,2.030290602306195e-07,0.3506339192390442,0.6220217943191528,-0.006835260894149542,0.37784895300865173,0.6238371729850769,-0.015366491861641407,0.398404598236084,0.6293035745620728,-0.023877950385212898,0.41350749135017395,0.6346485614776611,-0.03252984210848808,0.4001290798187256,0.5984547734260559,-0.023807939141988754,0.42473748326301575,0.591018557548523,-0.036958154290914536,0.43999096751213074,0.5936323404312134,-0.04405726119875908,0.4515654146671295,0.6017740368843079,-0.04847840964794159,0.392998069524765,0.6081067323684692,-0.027593154460191727,0.418988436460495,0.6495948433876038,-0.04572206363081932,0.4216030240058899,0.6876734495162964,-0.05202585458755493,0.4165756106376648,0.7174999117851257,-0.05339153856039047,0.38084474205970764,0.6250183582305908,-0.03091328777372837,0.3948698937892914,0.6760221123695374,-0.04795354977250099,0.3845027983188629,0.6929830312728882,-0.04936937242746353,0.37171804904937744,0.6991665959358215,-0.04686865210533142,0.367771178483963,0.6435137987136841,-0.03429615497589111,0.37737971544265747,0.6796708703041077,-0.04636244848370552,0.3668116629123688,0.6857393980026245,-0.04557147994637489,0.35383984446525574,0.6836404204368591,-0.0423191674053669,SEE YOU LATER 
0.2866656184196472,0.6555339694023132,1.3323759162631177e-07,0.3422614634037018,0.6417979598045349,0.00574935507029295,0.3910994529724121,0.6455870270729065,0.001734828925691545,0.42712804675102234,0.6452410817146301,-0.005711296107620001,0.45287007093429565,0.6410883665084839,-0.01318295206874609,0.4126584231853485,0.6636126041412354,-0.007592333946377039,0.4344140291213989,0.710060179233551,-0.020217128098011017,0.4457530379295349,0.7423275709152222,-0.02991298958659172,0.453445702791214,0.7679961323738098,-0.0372038297355175,0.3944862186908722,0.674896240234375,-0.02019069902598858,0.41587185859680176,0.7502270936965942,-0.03058839589357376,0.42038145661354065,0.7859044075012207,-0.03571914881467819,0.4248890280723572,0.8074074983596802,-0.04104229435324669,0.36961060762405396,0.6889633536338806,-0.03192373365163803,0.37926018238067627,0.7570871710777283,-0.04090600460767746,0.3674253225326538,0.7474404573440552,-0.03663008287549019,0.35943880677223206,0.7260816693305969,-0.03420012444257736,0.3435264527797699,0.7021339535713196,-0.04378633201122284,0.3533293306827545,0.7574061155319214,-0.048067107796669006,0.34985390305519104,0.749061644077301,-0.04147081822156906,0.34594589471817017,0.7293825149536133,-0.0366433709859848,SEE YOU LATER 
0.30019718408584595,0.6471298336982727,1.2092398549157224e-07,0.3469028174877167,0.635140597820282,-0.0020580231212079525,0.3983340561389923,0.639335572719574,-0.00849973689764738,0.4350336492061615,0.6298651099205017,-0.016181040555238724,0.4613266587257385,0.611050009727478,-0.023850832134485245,0.4084979295730591,0.6636338829994202,-0.01717550866305828,0.4266417622566223,0.7291885614395142,-0.029705606400966644,0.4348418414592743,0.762330949306488,-0.037275929003953934,0.44184356927871704,0.7896396517753601,-0.04291272163391113,0.3876310884952545,0.6759985685348511,-0.024040276184678078,0.39619845151901245,0.7546132206916809,-0.035271864384412766,0.38552775979042053,0.7562242746353149,-0.03565206378698349,0.37936830520629883,0.7477340698242188,-0.03744152560830116,0.3621566891670227,0.6878740191459656,-0.030640508979558945,0.3725137710571289,0.7545256614685059,-0.03956351429224014,0.36109334230422974,0.7392805218696594,-0.03204543888568878,0.3538930416107178,0.715864360332489,-0.02759934775531292,0.33726316690444946,0.6974425911903381,-0.037624433636665344,0.34827426075935364,0.7503923177719116,-0.040426142513751984,0.34272903203964233,0.7391552329063416,-0.03315425291657448,0.33812397718429565,0.7167894244194031,-0.02847333438694477,SEE YOU LATER 
0.311085969209671,0.6466772556304932,2.724537466747279e-07,0.3540321886539459,0.6385226845741272,-0.002318387385457754,0.402498722076416,0.6408365368843079,-0.010377173312008381,0.43556296825408936,0.6290136575698853,-0.019434085115790367,0.45995545387268066,0.611393928527832,-0.02818547561764717,0.41080036759376526,0.6651121377944946,-0.021442508324980736,0.4285441040992737,0.7270493507385254,-0.035216424614191055,0.4361135959625244,0.7602230906486511,-0.04358750581741333,0.4407298266887665,0.7888522148132324,-0.04918321594595909,0.3893352150917053,0.6749227643013,-0.0283664483577013,0.4008215665817261,0.7523590326309204,-0.04159627854824066,0.3928717374801636,0.772948145866394,-0.04313371703028679,0.3861428201198578,0.781607449054718,-0.0446443073451519,0.3641924262046814,0.6863277554512024,-0.03454979136586189,0.3738618791103363,0.7515156865119934,-0.04362397640943527,0.3629956841468811,0.7407271265983582,-0.03556853532791138,0.35518577694892883,0.7201936841011047,-0.030087532475590706,0.3396121859550476,0.6978541016578674,-0.04115043208003044,0.35065117478370667,0.751884937286377,-0.04331955313682556,0.34492725133895874,0.7404381036758423,-0.0346989780664444,0.3394201397895813,0.7183314561843872,-0.02880033664405346,SEE YOU LATER 
0.31361424922943115,0.6399451494216919,2.918924053574301e-07,0.3537275493144989,0.6340018510818481,-0.00464972946792841,0.4021053612232208,0.6371517777442932,-0.01477231178432703,0.4350757300853729,0.6263629198074341,-0.025003690272569656,0.46024763584136963,0.6087325811386108,-0.035172633826732635,0.40877601504325867,0.6628124117851257,-0.029793957248330116,0.4278411567211151,0.7245360612869263,-0.045539602637290955,0.4362633526325226,0.7584570050239563,-0.054832443594932556,0.4409199357032776,0.787395715713501,-0.06096169725060463,0.3863702118396759,0.67271888256073,-0.03617921471595764,0.4007686376571655,0.7525063753128052,-0.05145401507616043,0.3927251100540161,0.7741018533706665,-0.05320495367050171,0.3858864903450012,0.7827191352844238,-0.054679449647665024,0.3605099022388458,0.6848477721214294,-0.04147310182452202,0.37249284982681274,0.7520109415054321,-0.05204948037862778,0.3621366024017334,0.740557849407196,-0.04322907701134682,0.35426509380340576,0.7186524868011475,-0.0371055044233799,0.33536937832832336,0.6962826251983643,-0.0471494123339653,0.3498850464820862,0.7510389685630798,-0.05087640881538391,0.34434419870376587,0.7389364838600159,-0.04161562770605087,0.33809608221054077,0.7163021564483643,-0.035094983875751495,SEE YOU LATER 
0.31278014183044434,0.6419034004211426,3.093171017098939e-07,0.3517129719257355,0.6340922713279724,-0.004504507873207331,0.39998647570610046,0.6359531283378601,-0.014910094439983368,0.4336491525173187,0.6257630586624146,-0.0253849308937788,0.4588776230812073,0.60861736536026,-0.03580745309591293,0.4077607989311218,0.6640134453773499,-0.030319951474666595,0.4272476136684418,0.7255523204803467,-0.045604806393384933,0.4362233877182007,0.7588599920272827,-0.05420418083667755,0.441218763589859,0.787318229675293,-0.059748608618974686,0.38606470823287964,0.6731922626495361,-0.03629225492477417,0.3996308445930481,0.7488047480583191,-0.05087152495980263,0.3930383622646332,0.7724361419677734,-0.05235046148300171,0.38755080103874207,0.7832510471343994,-0.05373735725879669,0.3608168959617615,0.6846768260002136,-0.04105633497238159,0.37185248732566833,0.7489275336265564,-0.051258351653814316,0.3616832196712494,0.7383212447166443,-0.042536526918411255,0.3541099429130554,0.7167540192604065,-0.036443375051021576,0.3360466957092285,0.6963740587234497,-0.04614230990409851,0.3502662479877472,0.7494316101074219,-0.049859434366226196,0.34442877769470215,0.7382562756538391,-0.04072585329413414,0.3381025493144989,0.7161777019500732,-0.03413921222090721,SEE YOU LATER 
0.3118380606174469,0.6418774724006653,2.962123062388855e-07,0.35087263584136963,0.6329070329666138,-0.003815185511484742,0.3994603753089905,0.6342130899429321,-0.013093583285808563,0.4329465925693512,0.6239628791809082,-0.02255145274102688,0.45768165588378906,0.6070646643638611,-0.03196931630373001,0.4067787528038025,0.6630637645721436,-0.028247244656085968,0.4265810251235962,0.7248925566673279,-0.04252263531088829,0.4351336359977722,0.7580889463424683,-0.05067995563149452,0.4396349787712097,0.7862322330474854,-0.056084781885147095,0.38567984104156494,0.674182116985321,-0.03414314240217209,0.39877593517303467,0.7501526474952698,-0.047488097101449966,0.39237281680107117,0.7717769145965576,-0.04853261634707451,0.3869345784187317,0.7808058857917786,-0.04983057454228401,0.36072999238967896,0.6870977878570557,-0.03884044289588928,0.3715093433856964,0.751608669757843,-0.04765918850898743,0.3616328835487366,0.7397236824035645,-0.03852544352412224,0.35402461886405945,0.7178559899330139,-0.03251916915178299,0.3363379240036011,0.6992760896682739,-0.0438995324075222,0.34950968623161316,0.7511606812477112,-0.04666644707322121,0.34386956691741943,0.7385563254356384,-0.037271540611982346,0.3375352621078491,0.7164035439491272,-0.030672326683998108,SEE YOU LATER 
0.3119197189807892,0.6419637203216553,2.9282622904247546e-07,0.3508983850479126,0.6333761215209961,-0.0038843518123030663,0.3996238708496094,0.6347053050994873,-0.013313046656548977,0.43303829431533813,0.6241945624351501,-0.022938326001167297,0.4578956067562103,0.6069850921630859,-0.032557204365730286,0.4067343771457672,0.6630915403366089,-0.028333544731140137,0.42620667815208435,0.7250199913978577,-0.04255840554833412,0.43505823612213135,0.7580111622810364,-0.050390440970659256,0.44009363651275635,0.785906195640564,-0.0555017814040184,0.385376900434494,0.6737587451934814,-0.03428611159324646,0.39919915795326233,0.7498611807823181,-0.0475713312625885,0.3928956985473633,0.7705838680267334,-0.04825976490974426,0.3877590000629425,0.7784911394119263,-0.049233242869377136,0.360395222902298,0.6863714456558228,-0.039092984050512314,0.3716864585876465,0.751502513885498,-0.0482281893491745,0.3617109954357147,0.7402272820472717,-0.039183903485536575,0.3543272614479065,0.7183407545089722,-0.03308960050344467,0.33598846197128296,0.6987090706825256,-0.04420539736747742,0.3499346673488617,0.7512039542198181,-0.04704081267118454,0.3440970778465271,0.7391091585159302,-0.037639070302248,0.33766716718673706,0.7167849540710449,-0.031021535396575928,SEE YOU LATER 
0.3090219795703888,0.6430941224098206,3.025387798061274e-07,0.34809184074401855,0.6337021589279175,-0.003365029813721776,0.39734068512916565,0.6345935463905334,-0.013141247443854809,0.43125268816947937,0.623640775680542,-0.023037631064653397,0.4565015137195587,0.6070775389671326,-0.03289271518588066,0.40518173575401306,0.6607826948165894,-0.029538432136178017,0.42581188678741455,0.7225596308708191,-0.04451333358883858,0.4349824786186218,0.7562170624732971,-0.052630241960287094,0.43957778811454773,0.7847973108291626,-0.0576874278485775,0.38384711742401123,0.671267569065094,-0.03573567047715187,0.399336576461792,0.7496058940887451,-0.0500229112803936,0.39248040318489075,0.7714637517929077,-0.05064601078629494,0.3861691355705261,0.7794855237007141,-0.051138658076524734,0.3586159348487854,0.6844205260276794,-0.040618058294057846,0.3718506991863251,0.7511148452758789,-0.050366904586553574,0.361100435256958,0.7408332228660583,-0.0409543514251709,0.35280516743659973,0.7193838357925415,-0.03426148369908333,0.3336181342601776,0.6976646780967712,-0.04566508159041405,0.3488922715187073,0.7503839731216431,-0.04838760197162628,0.34272050857543945,0.7389346361160278,-0.03848475590348244,0.33597150444984436,0.7174866199493408,-0.03136727213859558,SEE YOU LATER 
0.3093877136707306,0.6427314281463623,3.018168968083046e-07,0.3492124378681183,0.6341943740844727,-0.0034211112651973963,0.39784660935401917,0.6361424326896667,-0.013054908253252506,0.431448757648468,0.6248147487640381,-0.02299956977367401,0.4566345512866974,0.6071410179138184,-0.03285443037748337,0.4058721959590912,0.6604452133178711,-0.02816660702228546,0.4261632263660431,0.7226558923721313,-0.04278857260942459,0.4348295331001282,0.7563257813453674,-0.05089937523007393,0.4394221305847168,0.7850830554962158,-0.0561445876955986,0.38443660736083984,0.6707941889762878,-0.034555915743112564,0.398867130279541,0.7492191791534424,-0.04822850599884987,0.3922537565231323,0.7715626955032349,-0.0487949438393116,0.3865078091621399,0.7808070182800293,-0.04971475154161453,0.35891294479370117,0.6835286021232605,-0.0398259274661541,0.3719117343425751,0.7514647245407104,-0.049498531967401505,0.3614809811115265,0.741283118724823,-0.04039514809846878,0.3532806932926178,0.7203623652458191,-0.0341874398291111,0.3337441086769104,0.6960967183113098,-0.04532785341143608,0.3486965000629425,0.7506434917449951,-0.04839299991726875,0.3429867923259735,0.7389355897903442,-0.039044637233018875,0.33630916476249695,0.7169733047485352,-0.032471902668476105,SEE YOU LATER 
0.3096719980239868,0.6410853266716003,3.010886757692788e-07,0.34930455684661865,0.6327129006385803,-0.003743739565834403,0.3975280821323395,0.6337593793869019,-0.013419635593891144,0.4310609996318817,0.6230942606925964,-0.02326786145567894,0.4562954902648926,0.6066482663154602,-0.033095382153987885,0.4046737849712372,0.6587821841239929,-0.029397165402770042,0.42547607421875,0.720950722694397,-0.045004379004240036,0.4351818263530731,0.7544223070144653,-0.053848281502723694,0.4402630925178528,0.7835447192192078,-0.05950356647372246,0.3828495144844055,0.6697606444358826,-0.03577664494514465,0.39885252714157104,0.7492753267288208,-0.05072331801056862,0.39202287793159485,0.7706185579299927,-0.051889240741729736,0.38562050461769104,0.7788446545600891,-0.052856333553791046,0.3575935363769531,0.6833673119544983,-0.04097622632980347,0.3707807958126068,0.7528702616691589,-0.05112902447581291,0.35977858304977417,0.7416068911552429,-0.04174386337399483,0.3513574004173279,0.7197452783584595,-0.03513775393366814,0.3331186771392822,0.6963159441947937,-0.046484578400850296,0.34766292572021484,0.7510095238685608,-0.04977814108133316,0.34125933051109314,0.737707793712616,-0.040210749953985214,0.33428314328193665,0.7148386240005493,-0.03334097936749458,SEE YOU LATER 
0.3100948929786682,0.6416919231414795,3.0775444770370086e-07,0.348937451839447,0.6328400373458862,-0.003847756190225482,0.3968920409679413,0.6336661577224731,-0.013853020034730434,0.4304616451263428,0.6229325532913208,-0.024039575830101967,0.4557228684425354,0.6062678694725037,-0.03420601412653923,0.4047582149505615,0.6589299440383911,-0.02968216873705387,0.42527133226394653,0.720782995223999,-0.04529743641614914,0.43490517139434814,0.7538132667541504,-0.0539473332464695,0.4400380551815033,0.7825977206230164,-0.05941686034202576,0.3829639256000519,0.6695743203163147,-0.036064811050891876,0.3985605537891388,0.7491682171821594,-0.051007770001888275,0.39201733469963074,0.7702279686927795,-0.05197150632739067,0.38628706336021423,0.7782763242721558,-0.052790816873311996,0.35786330699920654,0.6827763915061951,-0.04130961373448372,0.37098854780197144,0.7516137361526489,-0.05189137160778046,0.36024928092956543,0.7396460771560669,-0.042694490402936935,0.3522474765777588,0.7175609469413757,-0.036093514412641525,0.33352428674697876,0.6957008242607117,-0.04680353030562401,0.3481448292732239,0.7500723600387573,-0.05037033185362816,0.3416869640350342,0.7368778586387634,-0.04089470952749252,0.3347087502479553,0.7141059041023254,-0.034045226871967316,SEE YOU LATER 
0.31122294068336487,0.6408356428146362,3.0682718943353393e-07,0.35010188817977905,0.632386326789856,-0.004038352984935045,0.3976604640483856,0.6338344812393188,-0.014294584281742573,0.43062323331832886,0.6225014328956604,-0.024683330208063126,0.45574215054512024,0.6054683923721313,-0.03504796698689461,0.4048575758934021,0.6594488024711609,-0.030596500262618065,0.4248640537261963,0.7207671999931335,-0.04671652615070343,0.4341846704483032,0.7538559436798096,-0.05590831860899925,0.43906888365745544,0.7827646732330322,-0.061788417398929596,0.3829057812690735,0.6696805953979492,-0.037094324827194214,0.398161917924881,0.7499279379844666,-0.05273580923676491,0.39145374298095703,0.7704651355743408,-0.05408122017979622,0.3855745792388916,0.7782219648361206,-0.055073387920856476,0.3575657606124878,0.6826834082603455,-0.04237285628914833,0.3702985346317291,0.7512836456298828,-0.05336743965744972,0.3599378168582916,0.7383620738983154,-0.04409807547926903,0.3521921634674072,0.7157260775566101,-0.03741046041250229,0.3330848217010498,0.6953374147415161,-0.04791893810033798,0.34738343954086304,0.7499202489852905,-0.05174994096159935,0.3413131833076477,0.7359919548034668,-0.04207346588373184,0.3345770537853241,0.7128512263298035,-0.03505052626132965,SEE YOU LATER 
0.310767263174057,0.6417934894561768,3.212366550542356e-07,0.34916454553604126,0.6323699951171875,-0.004721411969512701,0.3967624604701996,0.6334536671638489,-0.015242551453411579,0.4300414025783539,0.6220915913581848,-0.025843756273388863,0.45542070269584656,0.6051777601242065,-0.03636442869901657,0.40462830662727356,0.6595985889434814,-0.030353562906384468,0.4245951771736145,0.7204022407531738,-0.04629318043589592,0.43412360548973083,0.7532022595405579,-0.05529322847723961,0.4392766058444977,0.7818468809127808,-0.06110447272658348,0.3831571340560913,0.6698057055473328,-0.036620765924453735,0.3981889486312866,0.7486990690231323,-0.052214935421943665,0.3918440341949463,0.7705815434455872,-0.0538337379693985,0.38654038310050964,0.7799798250198364,-0.05506430193781853,0.3580667972564697,0.6826645135879517,-0.04177168756723404,0.37057188153266907,0.7505006194114685,-0.05294836685061455,0.3598112165927887,0.7373567223548889,-0.043842166662216187,0.3520270884037018,0.7147617340087891,-0.03724248707294464,0.33348220586776733,0.6953151822090149,-0.04724936559796333,0.3476341664791107,0.7490292191505432,-0.05156010016798973,0.3411490321159363,0.7352736592292786,-0.04215041548013687,0.3343604803085327,0.7124353647232056,-0.03523515164852142,SEE YOU LATER 
0.3099742531776428,0.6386944055557251,3.033887594483531e-07,0.34855157136917114,0.6310345530509949,-0.004286109935492277,0.39685696363449097,0.6322965621948242,-0.01410210132598877,0.4299841821193695,0.6204099655151367,-0.023960066959261894,0.45522457361221313,0.6039260625839233,-0.0337383858859539,0.4037650525569916,0.6586498618125916,-0.02984759584069252,0.4243354797363281,0.7197685241699219,-0.04550335183739662,0.43367236852645874,0.7526512742042542,-0.054309677332639694,0.4384155869483948,0.7812329530715942,-0.05998426675796509,0.382408082485199,0.6687424182891846,-0.03591485694050789,0.39760926365852356,0.7492048740386963,-0.05104026570916176,0.39059752225875854,0.7697897553443909,-0.052167076617479324,0.38444632291793823,0.777350902557373,-0.05299720540642738,0.357191264629364,0.6815124154090881,-0.040851205587387085,0.3695761263370514,0.7497604489326477,-0.05129663273692131,0.35926613211631775,0.7376835942268372,-0.04216631501913071,0.35142403841018677,0.7151620388031006,-0.035647083073854446,0.3322828412055969,0.6939339637756348,-0.046095795929431915,0.34646129608154297,0.7484164834022522,-0.04975748062133789,0.3406585156917572,0.7353205680847168,-0.040415965020656586,0.33408811688423157,0.712358832359314,-0.033672306686639786,SEE YOU LATER 
0.3083153963088989,0.6388804912567139,3.067959539748699e-07,0.3469473719596863,0.6312850713729858,-0.003453725716099143,0.3957296311855316,0.6324463486671448,-0.01301717758178711,0.4291844069957733,0.6203957200050354,-0.022871796041727066,0.4543669521808624,0.6035418510437012,-0.03267952799797058,0.4033275842666626,0.6593436002731323,-0.028387008234858513,0.42384135723114014,0.7195915579795837,-0.04373658075928688,0.43360435962677,0.7522582411766052,-0.05209614709019661,0.43878087401390076,0.7802602648735046,-0.05730854347348213,0.38216936588287354,0.6693350076675415,-0.0348813459277153,0.3985450267791748,0.7494972944259644,-0.04976799339056015,0.3916853964328766,0.7709277868270874,-0.05082760378718376,0.3857395350933075,0.7784208059310913,-0.05134233459830284,0.35707947611808777,0.6819708347320557,-0.040223922580480576,0.369430810213089,0.7494629621505737,-0.050899360328912735,0.35863667726516724,0.7376244068145752,-0.0420515350997448,0.3509899973869324,0.7146691679954529,-0.03537648171186447,0.3319762051105499,0.694211483001709,-0.045737337321043015,0.3461366593837738,0.7481303811073303,-0.049389079213142395,0.3399046063423157,0.7355145812034607,-0.039989735931158066,0.3334665298461914,0.7126479148864746,-0.03304801508784294,SEE YOU LATER 
0.307660847902298,0.6406073570251465,2.982345677082776e-07,0.3463221490383148,0.631430447101593,-0.0028974965680390596,0.395478755235672,0.6319689154624939,-0.012220337986946106,0.4290750324726105,0.6206551790237427,-0.021807318553328514,0.45409655570983887,0.6042078137397766,-0.03138110414147377,0.40338757634162903,0.6591756939888,-0.028180889785289764,0.4238612651824951,0.7204068899154663,-0.04302067682147026,0.43306076526641846,0.7536239624023438,-0.051127709448337555,0.4378229081630707,0.7815784811973572,-0.056273698806762695,0.3819764256477356,0.6699220538139343,-0.03478589653968811,0.39838939905166626,0.750264048576355,-0.049426041543483734,0.3913067579269409,0.7710866332054138,-0.05043091997504234,0.38511455059051514,0.77715665102005,-0.050996847450733185,0.3569539785385132,0.6831529140472412,-0.040099579840898514,0.3689185380935669,0.7499889731407166,-0.05029219016432762,0.35770702362060547,0.7382944226264954,-0.04131390526890755,0.34993216395378113,0.7146990299224854,-0.03472018986940384,0.33225342631340027,0.6959025263786316,-0.04552633687853813,0.34589317440986633,0.7486466765403748,-0.04887233301997185,0.33918580412864685,0.7362561225891113,-0.0394195131957531,0.33297425508499146,0.7135372757911682,-0.03251515328884125,SEE YOU LATER 
0.30770012736320496,0.6404526233673096,3.0163877795530425e-07,0.3463019132614136,0.6319518685340881,-0.0031651947647333145,0.3954744338989258,0.632503092288971,-0.012410691007971764,0.42895272374153137,0.6208786964416504,-0.021931180730462074,0.4539506435394287,0.6044506430625916,-0.03142182528972626,0.40330225229263306,0.6581138968467712,-0.028028592467308044,0.4238303303718567,0.7197930216789246,-0.042931463569402695,0.43302199244499207,0.7530438303947449,-0.051195159554481506,0.4378710985183716,0.7813740372657776,-0.05658239871263504,0.3820227086544037,0.6686725616455078,-0.03454184532165527,0.3978830873966217,0.7489362955093384,-0.049101948738098145,0.39119812846183777,0.7701189517974854,-0.0502631738781929,0.3855278491973877,0.7774513363838196,-0.051250115036964417,0.3570816218852997,0.6817736029624939,-0.03987012431025505,0.3692381978034973,0.7498754262924194,-0.05024925619363785,0.35804635286331177,0.7376472353935242,-0.0415366105735302,0.35027554631233215,0.7141397595405579,-0.03530726954340935,0.3324553668498993,0.6945888996124268,-0.045349955558776855,0.3460627794265747,0.7484651803970337,-0.04911799728870392,0.3393741250038147,0.7357168197631836,-0.04016441851854324,0.3331896960735321,0.7128300070762634,-0.03371858224272728,SEE YOU LATER 
0.3076026737689972,0.6392417550086975,2.980956708142912e-07,0.34715500473976135,0.6316433548927307,-0.0030256800819188356,0.3957826793193817,0.6346854567527771,-0.011369802057743073,0.429151326417923,0.6237836480140686,-0.020242391154170036,0.4537850022315979,0.6068766117095947,-0.028924522921442986,0.4034231901168823,0.6590420007705688,-0.02410110831260681,0.4241587817668915,0.7200624942779541,-0.038201458752155304,0.43283611536026,0.7538469433784485,-0.046144429594278336,0.43716028332710266,0.7819655537605286,-0.0512327216565609,0.38289716839790344,0.6696935296058655,-0.030509069561958313,0.39715802669525146,0.7500279545783997,-0.04403698444366455,0.39019182324409485,0.7721291184425354,-0.04520917311310768,0.38504064083099365,0.7798943519592285,-0.04625427722930908,0.35831186175346375,0.6826373338699341,-0.03605122119188309,0.3694542646408081,0.7513089776039124,-0.04624403640627861,0.3583564758300781,0.7403114438056946,-0.038205333054065704,0.3509543836116791,0.7176704406738281,-0.032339245080947876,0.3336741030216217,0.6949537992477417,-0.041770126670598984,0.34617483615875244,0.7501157522201538,-0.04552373290061951,0.33950701355934143,0.7382720708847046,-0.036954861134290695,0.33342742919921875,0.7157518863677979,-0.030688626691699028,SEE YOU LATER 
0.3076900541782379,0.6395984888076782,2.9520145972128375e-07,0.3465816080570221,0.6310572028160095,-0.0031033658888190985,0.3953966498374939,0.6331182718276978,-0.011756562627851963,0.4292442500591278,0.6223905086517334,-0.020866669714450836,0.45445889234542847,0.6061064600944519,-0.02994922548532486,0.4036567211151123,0.6593701839447021,-0.02532130666077137,0.42360249161720276,0.7205747365951538,-0.03984982520341873,0.43245840072631836,0.7536787986755371,-0.047862131148576736,0.43715009093284607,0.7814611792564392,-0.052823539823293686,0.3827064335346222,0.6700236201286316,-0.03178376704454422,0.3981951177120209,0.7516143918037415,-0.04535394534468651,0.39111775159835815,0.7724615335464478,-0.04618171229958534,0.3859090805053711,0.7788249850273132,-0.04684242978692055,0.3580043613910675,0.6831051707267761,-0.03733741119503975,0.3692803680896759,0.7523735761642456,-0.04772036895155907,0.35813748836517334,0.7404718995094299,-0.039527904242277145,0.3512527346611023,0.7171753644943237,-0.033424682915210724,0.33349332213401794,0.6955909729003906,-0.04300105199217796,0.3461883068084717,0.7510424852371216,-0.046617839485406876,0.3390465974807739,0.7381026744842529,-0.037649743258953094,0.33299216628074646,0.7146576642990112,-0.03110467828810215,SEE YOU LATER 
0.3072907328605652,0.6421986818313599,3.175868243943114e-07,0.3468981385231018,0.6335316300392151,-0.002743352670222521,0.3957916498184204,0.6353940367698669,-0.011739883571863174,0.4295155107975006,0.6248059272766113,-0.021147334948182106,0.45429500937461853,0.6074219346046448,-0.030452273786067963,0.4029717445373535,0.6593965291976929,-0.02667710930109024,0.42330634593963623,0.7204539775848389,-0.041110508143901825,0.43279439210891724,0.7534496784210205,-0.04912881553173065,0.43841588497161865,0.7813443541526794,-0.05434068292379379,0.38233235478401184,0.6701774597167969,-0.03335538133978844,0.3975975513458252,0.7492002248764038,-0.046474639326334,0.3923068046569824,0.7730521559715271,-0.047366686165332794,0.3884986639022827,0.7833564281463623,-0.048653744161129,0.35770878195762634,0.6830894947052002,-0.03891619294881821,0.3702242970466614,0.751043975353241,-0.048870835453271866,0.3596237897872925,0.7391171455383301,-0.040282804518938065,0.35221952199935913,0.7160712480545044,-0.034287817776203156,0.33310237526893616,0.6954381465911865,-0.04457985982298851,0.34724390506744385,0.7506682276725769,-0.048360925167798996,0.3409026861190796,0.7392078042030334,-0.03936832398176193,0.3344227969646454,0.7166842818260193,-0.032907333225011826,SEE YOU LATER 
0.3087789714336395,0.6420368552207947,3.110896784619399e-07,0.3482051193714142,0.6338638067245483,-0.003581955563277006,0.39658018946647644,0.6359398365020752,-0.012923430651426315,0.42991068959236145,0.6249947547912598,-0.022630542516708374,0.4547884464263916,0.6073921322822571,-0.032236289232969284,0.4030987322330475,0.6588392853736877,-0.027026088908314705,0.42362910509109497,0.7200124859809875,-0.042309798300266266,0.4329838454723358,0.7533894777297974,-0.05096554756164551,0.4384152591228485,0.7816756963729858,-0.05649983510375023,0.38205698132514954,0.6692689061164856,-0.033651821315288544,0.39809998869895935,0.7497400045394897,-0.047834612429142,0.39193305373191833,0.7721377611160278,-0.04911249503493309,0.3872501850128174,0.7804378271102905,-0.05043584108352661,0.3573240637779236,0.6819979548454285,-0.03936278820037842,0.3703945279121399,0.7515996694564819,-0.050555650144815445,0.35937777161598206,0.740608811378479,-0.04249751940369606,0.3517531752586365,0.7179800271987915,-0.03658813238143921,0.33300143480300903,0.6944606304168701,-0.04520995914936066,0.3474307060241699,0.7515882849693298,-0.04989374801516533,0.3409873843193054,0.7403141260147095,-0.04136001318693161,0.33459147810935974,0.7174661755561829,-0.03511982411146164,SEE YOU LATER 
0.3092130422592163,0.6434239149093628,3.266421515490947e-07,0.3481695055961609,0.6337004899978638,-0.004254961386322975,0.39567986130714417,0.6346564888954163,-0.014174279756844044,0.42935711145401,0.6240499019622803,-0.024400979280471802,0.4546838104724884,0.6071686148643494,-0.03453121334314346,0.40429046750068665,0.6589551568031311,-0.027685729786753654,0.4238915741443634,0.7186537384986877,-0.04346400499343872,0.43344420194625854,0.7518063187599182,-0.05255530774593353,0.43870821595191956,0.7805351614952087,-0.05840374529361725,0.38310521841049194,0.6695765256881714,-0.03433017060160637,0.39888447523117065,0.749401867389679,-0.04976234212517738,0.3923023045063019,0.7733609676361084,-0.051937490701675415,0.3868087828159332,0.7835767865180969,-0.053525082767009735,0.3581312596797943,0.6826627254486084,-0.04004175215959549,0.3696385324001312,0.7509936094284058,-0.05205767974257469,0.3581007719039917,0.7394379377365112,-0.0441889725625515,0.35029640793800354,0.7169189453125,-0.03815209120512009,0.33349573612213135,0.6950582265853882,-0.04595981910824776,0.34658128023147583,0.7505382299423218,-0.050970956683158875,0.33972299098968506,0.7377424836158752,-0.042356207966804504,0.33311358094215393,0.7146364450454712,-0.035944387316703796,SEE YOU LATER 
0.31016436219215393,0.6432722210884094,3.2728300425333146e-07,0.3493885099887848,0.6338170766830444,-0.004698403645306826,0.3966450095176697,0.6350143551826477,-0.014783189631998539,0.4298323094844818,0.6242198944091797,-0.025032373145222664,0.4550095498561859,0.6071288585662842,-0.03511178866028786,0.40407049655914307,0.6591166853904724,-0.02838774584233761,0.42414039373397827,0.7193107604980469,-0.04402444511651993,0.43331363797187805,0.7524553537368774,-0.05310962721705437,0.43816617131233215,0.7813687324523926,-0.059119630604982376,0.38286271691322327,0.6699798703193665,-0.034784600138664246,0.3982282280921936,0.7490123510360718,-0.050134044140577316,0.3920024633407593,0.7727153897285461,-0.05226997286081314,0.38648369908332825,0.783575177192688,-0.05407611280679703,0.3579331040382385,0.6831104755401611,-0.04023031145334244,0.36995673179626465,0.750834584236145,-0.051683757454156876,0.35900944471359253,0.7390549182891846,-0.04335591569542885,0.35079097747802734,0.7168253660202026,-0.037355002015829086,0.33341702818870544,0.6952755451202393,-0.04601109400391579,0.3468683660030365,0.74986732006073,-0.05081750079989433,0.34056785702705383,0.737093448638916,-0.04211214557290077,0.3337351083755493,0.7144063115119934,-0.035778261721134186,SEE YOU LATER 
0.3090015947818756,0.6426641941070557,3.265834322974115e-07,0.3482201397418976,0.6326432228088379,-0.004059622064232826,0.3963293731212616,0.6344279050827026,-0.013435312546789646,0.42967331409454346,0.6244298815727234,-0.023023908957839012,0.45452266931533813,0.6071465611457825,-0.03241710364818573,0.4043906033039093,0.6608063578605652,-0.027158161625266075,0.42483842372894287,0.7203881144523621,-0.041608769446611404,0.433830201625824,0.7533969879150391,-0.04983781650662422,0.4384986162185669,0.7818084359169006,-0.055368583649396896,0.3836985230445862,0.6720572710037231,-0.03340867906808853,0.39780816435813904,0.7511414289474487,-0.047516483813524246,0.3918395936489105,0.7752869129180908,-0.049108847975730896,0.386960506439209,0.7862599492073059,-0.050684571266174316,0.3588191270828247,0.6851801872253418,-0.038634903728961945,0.369516521692276,0.7511757016181946,-0.04891793057322502,0.3585984706878662,0.7384148836135864,-0.04037521034479141,0.35055309534072876,0.7151428461074829,-0.03440816327929497,0.3339576721191406,0.6970275640487671,-0.04415787383913994,0.3467843234539032,0.7499128580093384,-0.048252735286951065,0.34043312072753906,0.7370572090148926,-0.039328161627054214,0.3337494730949402,0.7144403457641602,-0.032878097146749496,SEE YOU LATER 
0.30769550800323486,0.6424859762191772,3.1715367754259205e-07,0.34693801403045654,0.633333683013916,-0.0033484497107565403,0.3960040211677551,0.6347795724868774,-0.01252899132668972,0.42984434962272644,0.6241682171821594,-0.02207094058394432,0.4548228979110718,0.6068063378334045,-0.03148476779460907,0.4040127694606781,0.6608572006225586,-0.02691161260008812,0.42453038692474365,0.7208807468414307,-0.041399285197257996,0.4339026212692261,0.7539454698562622,-0.04954121261835098,0.43885135650634766,0.7820994853973389,-0.0549321286380291,0.3832995593547821,0.6713581681251526,-0.03347212076187134,0.39833492040634155,0.7512030601501465,-0.04747999086976051,0.3921723961830139,0.7754050493240356,-0.04891392961144447,0.38699260354042053,0.785839855670929,-0.05030422657728195,0.3584751486778259,0.6841833591461182,-0.03895463049411774,0.3696941137313843,0.751919150352478,-0.04906539246439934,0.3584540784358978,0.739549994468689,-0.040440209209918976,0.3504631221294403,0.7162633538246155,-0.03439290449023247,0.3334878087043762,0.6963575482368469,-0.04466293752193451,0.34667328000068665,0.7505491971969604,-0.04852369427680969,0.3403165340423584,0.737975001335144,-0.0396001897752285,0.3339751660823822,0.7152838706970215,-0.03320721164345741,SEE YOU LATER 
0.25543949007987976,0.8563605546951294,-2.7374636601962266e-07,0.3014454245567322,0.8342559337615967,-0.011298831552267075,0.3355347812175751,0.7879288792610168,-0.014942408539354801,0.32526296377182007,0.7346549034118652,-0.01897573471069336,0.2952718138694763,0.7129937410354614,-0.019945675507187843,0.32536742091178894,0.7501240968704224,0.00415517995133996,0.34120461344718933,0.7091795206069946,-0.010661276057362556,0.32905182242393494,0.7451000809669495,-0.019169755280017853,0.3188439905643463,0.762199342250824,-0.02335585281252861,0.2992579936981201,0.737552285194397,0.0024232405703514814,0.3136555254459381,0.7005228996276855,-0.013537325896322727,0.30472636222839355,0.7465810179710388,-0.018428253009915352,0.29472169280052185,0.7613109350204468,-0.01781805418431759,0.27382174134254456,0.731753408908844,-0.0023082285188138485,0.28535547852516174,0.6971460580825806,-0.02118690498173237,0.28219547867774963,0.7458729147911072,-0.016208628192543983,0.2723552882671356,0.764435887336731,-0.007677890360355377,0.24457958340644836,0.7291815280914307,-0.007702127564698458,0.26134756207466125,0.7015126943588257,-0.018176166340708733,0.2609916627407074,0.7346853017807007,-0.01026152167469263,0.2516551613807678,0.7502033114433289,-0.0014491276815533638,YES
0.2545246183872223,0.8569406867027283,-2.257427667018419e-07,0.29882803559303284,0.8352504968643188,-0.010320980101823807,0.33414095640182495,0.7863554954528809,-0.013051149435341358,0.32609182596206665,0.7349572777748108,-0.016400832682847977,0.29483887553215027,0.7151937484741211,-0.016038810834288597,0.3245522081851959,0.7457970976829529,0.005102619528770447,0.340852290391922,0.7061904668807983,-0.010704399086534977,0.3277508616447449,0.7463985681533813,-0.018383244052529335,0.3184145390987396,0.7623520493507385,-0.021292243152856827,0.29945018887519836,0.7345160245895386,0.0027505108155310154,0.3119828999042511,0.7031049728393555,-0.013175045140087605,0.3012259900569916,0.7525766491889954,-0.015641644597053528,0.29389405250549316,0.7608246803283691,-0.013047764077782631,0.2742800712585449,0.7300424575805664,-0.0029025946278125048,0.28438955545425415,0.6984224915504456,-0.021250218152999878,0.2792457044124603,0.7492290139198303,-0.01342682633548975,0.27252084016799927,0.7619773745536804,-0.002946250606328249,0.2455008327960968,0.728223443031311,-0.009346851147711277,0.25994518399238586,0.7029340863227844,-0.017510564997792244,0.25889095664024353,0.7374994158744812,-0.006701123900711536,0.2526480555534363,0.7503989934921265,0.004120078403502703,YES
0.25378721952438354,0.8574298024177551,-2.3457585029973416e-07,0.2987768054008484,0.8352840542793274,-0.010473079048097134,0.3342646360397339,0.7872980237007141,-0.013134345412254333,0.32601621747016907,0.7364328503608704,-0.016403131186962128,0.2952428162097931,0.7165858745574951,-0.01577654667198658,0.324959933757782,0.7449620366096497,0.005039650946855545,0.34045472741127014,0.7054689526557922,-0.010966322384774685,0.3266345262527466,0.7472070455551147,-0.01830373704433441,0.3182271122932434,0.7619529962539673,-0.021046336740255356,0.3000223636627197,0.7340187430381775,0.002721103373914957,0.3117856979370117,0.7026260495185852,-0.013308857567608356,0.30077487230300903,0.7522923350334167,-0.014969047158956528,0.29472020268440247,0.7591727375984192,-0.01194633450359106,0.2747457027435303,0.7295994758605957,-0.0030649190302938223,0.2842816412448883,0.6985300183296204,-0.021588249132037163,0.2786005139350891,0.749229371547699,-0.013170058839023113,0.27265384793281555,0.7607681751251221,-0.0024061088915914297,0.24579842388629913,0.727404773235321,-0.009693696163594723,0.26001647114753723,0.702897310256958,-0.017690667882561684,0.2582551836967468,0.737600564956665,-0.006633325479924679,0.2519352436065674,0.749566912651062,0.004221032373607159,YES
0.25179392099380493,0.8587712049484253,-2.1844249431524076e-07,0.2987232208251953,0.8375421166419983,-0.009679458104074001,0.3332025408744812,0.7903300523757935,-0.012212882749736309,0.32570865750312805,0.7355399131774902,-0.015751268714666367,0.2959175109863281,0.7131055593490601,-0.016026025637984276,0.32210999727249146,0.7506163716316223,0.006159764248877764,0.3377103805541992,0.7095938920974731,-0.00856693647801876,0.3269462585449219,0.748773992061615,-0.016219835728406906,0.31971681118011475,0.7650939226150513,-0.0195468682795763,0.29752737283706665,0.7394483089447021,0.003606019541621208,0.3104342222213745,0.7039666771888733,-0.012400135397911072,0.3013591766357422,0.7516865730285645,-0.015637703239917755,0.29424023628234863,0.7635039687156677,-0.013640403747558594,0.2726128101348877,0.7338072061538696,-0.0021260224748402834,0.28343161940574646,0.6994746923446655,-0.02074955217540264,0.27844807505607605,0.7489938735961914,-0.013795464299619198,0.2707054615020752,0.7655231952667236,-0.00370734347961843,0.24389439821243286,0.7298140525817871,-0.008569174446165562,0.2601551413536072,0.7027010321617126,-0.017364120110869408,0.2580733895301819,0.736355185508728,-0.00754551449790597,0.24985837936401367,0.7511818408966064,0.002584427362307906,YES
0.2513394355773926,0.859481930732727,-2.1470383160249185e-07,0.29634353518486023,0.8388403654098511,-0.010632210411131382,0.33279722929000854,0.7876713275909424,-0.013337401673197746,0.3251854479312897,0.7319900393486023,-0.016594765707850456,0.2915562391281128,0.7151352167129517,-0.01629895530641079,0.3217138648033142,0.7486631870269775,0.005369499791413546,0.33875495195388794,0.707334578037262,-0.009083631448447704,0.32581013441085815,0.7472420930862427,-0.01663070172071457,0.3163929283618927,0.7621117830276489,-0.020091883838176727,0.2971937656402588,0.7377234101295471,0.00300175161100924,0.30995237827301025,0.7032562494277954,-0.012647881172597408,0.29966965317726135,0.7514963746070862,-0.015852035954594612,0.2918250858783722,0.7604153752326965,-0.01377726998180151,0.2720476984977722,0.7337180376052856,-0.0024745946284383535,0.2822471857070923,0.6996299624443054,-0.02002108097076416,0.2782053053379059,0.7492109537124634,-0.01274161133915186,0.27106741070747375,0.7630031108856201,-0.002729976549744606,0.24327301979064941,0.7318781614303589,-0.008834422565996647,0.25812941789627075,0.705506443977356,-0.016534162685275078,0.2577438950538635,0.7389881014823914,-0.006103175226598978,0.2508672773838043,0.7524662017822266,0.0042587523348629475,YES
0.25056004524230957,0.8610755205154419,-2.223111010835055e-07,0.29607921838760376,0.8394267559051514,-0.010333373211324215,0.3327442705631256,0.788896381855011,-0.01276218518614769,0.32601630687713623,0.7335247993469238,-0.015926774591207504,0.2926010191440582,0.7156807780265808,-0.01563255488872528,0.3213464319705963,0.7489204406738281,0.0069696069695055485,0.33789780735969543,0.7089129090309143,-0.00733133964240551,0.32474076747894287,0.7482160329818726,-0.015228759497404099,0.315345823764801,0.7627097368240356,-0.019032850861549377,0.2970855236053467,0.7376921772956848,0.00441011181101203,0.309812992811203,0.7025497555732727,-0.011512753553688526,0.29941993951797485,0.7502087950706482,-0.015138714574277401,0.2915601134300232,0.7603990435600281,-0.013172096572816372,0.2722775340080261,0.7332174777984619,-0.0013591097667813301,0.2822902202606201,0.6990070343017578,-0.01888352632522583,0.27756670117378235,0.7480124235153198,-0.011858749203383923,0.2701895534992218,0.7622002959251404,-0.001988247036933899,0.2436201572418213,0.7309140563011169,-0.008058827370405197,0.258663147687912,0.7052684426307678,-0.015480084344744682,0.2573114037513733,0.7385034561157227,-0.005210342351347208,0.25014474987983704,0.7514767050743103,0.0049322014674544334,YES
0.2499966025352478,0.8610023856163025,-2.1600580168978922e-07,0.2974186837673187,0.837908148765564,-0.010769559070467949,0.3340907692909241,0.7869646549224854,-0.01358802244067192,0.32519519329071045,0.7312738299369812,-0.017106588929891586,0.2897530794143677,0.7163586616516113,-0.01686117611825466,0.321767121553421,0.7482724785804749,0.007287709508091211,0.3385158181190491,0.706602931022644,-0.00841639656573534,0.3245853781700134,0.746486246585846,-0.016748124733567238,0.31459736824035645,0.7620078921318054,-0.020322365686297417,0.29695186018943787,0.7371044754981995,0.004854185506701469,0.30900225043296814,0.7026565074920654,-0.012143168598413467,0.2981829345226288,0.7512796521186829,-0.015879755839705467,0.29079994559288025,0.7605170011520386,-0.01356340292841196,0.2718660831451416,0.7327322959899902,-0.0010308886412531137,0.2813848853111267,0.7001120448112488,-0.019526073709130287,0.27658894658088684,0.7496118545532227,-0.012705471366643906,0.26986896991729736,0.7627453207969666,-0.002447104547172785,0.24342453479766846,0.7308664321899414,-0.007874418050050735,0.25739991664886475,0.7053526043891907,-0.015413640066981316,0.25636884570121765,0.738198459148407,-0.0051430510357022285,0.249908447265625,0.750861406326294,0.00529019208624959,YES
0.25024980306625366,0.8617857098579407,-2.2603477134452987e-07,0.2964917719364166,0.8382694125175476,-0.010941516607999802,0.33305150270462036,0.787546694278717,-0.01382633950561285,0.3250427842140198,0.7332078218460083,-0.017334526404738426,0.29109156131744385,0.7168453931808472,-0.017077215015888214,0.3214516341686249,0.7464686632156372,0.005704951472580433,0.33806151151657104,0.706235945224762,-0.009479698725044727,0.3243614137172699,0.7480395436286926,-0.017078621312975883,0.31494662165641785,0.762315034866333,-0.020334668457508087,0.29604825377464294,0.7360234260559082,0.0034089423716068268,0.3085786998271942,0.702638566493988,-0.012715307995676994,0.2977355718612671,0.7520076632499695,-0.015463537536561489,0.2903699576854706,0.7597357630729675,-0.012899785302579403,0.2708074748516083,0.7322888970375061,-0.0022466792725026608,0.28118976950645447,0.7008687257766724,-0.019870417192578316,0.27611711621284485,0.7501507997512817,-0.012372436933219433,0.2690826952457428,0.761651873588562,-0.0021849831100553274,0.24254903197288513,0.7304731607437134,-0.008876272477209568,0.2577437162399292,0.705130398273468,-0.015767715871334076,0.2563263475894928,0.7377222180366516,-0.004969487432390451,0.24909308552742004,0.7492732405662537,0.005549551919102669,YES
0.2504529356956482,0.862322211265564,-2.330742177036882e-07,0.2964857518672943,0.8387839794158936,-0.011143237352371216,0.33336666226387024,0.7865113615989685,-0.01406672690063715,0.32552483677864075,0.7323732972145081,-0.01757252775132656,0.29121774435043335,0.7176751494407654,-0.017169393599033356,0.3211800456047058,0.7461782097816467,0.005483980290591717,0.3375205397605896,0.7062569260597229,-0.009975340217351913,0.32340893149375916,0.7485027313232422,-0.017551084980368614,0.3137335777282715,0.7620493173599243,-0.02091234363615513,0.2959270775318146,0.7355654835700989,0.0031906585209071636,0.30829334259033203,0.703593373298645,-0.012965412810444832,0.2974575161933899,0.7530099153518677,-0.015348595567047596,0.2903214395046234,0.7583625912666321,-0.012797151692211628,0.2706385850906372,0.7320448756217957,-0.002577988663688302,0.28125521540641785,0.7010433673858643,-0.02040570229291916,0.27614665031433105,0.7504799365997314,-0.012499161064624786,0.2691952586174011,0.7602545022964478,-0.002280759159475565,0.24230143427848816,0.7303978204727173,-0.00937108974903822,0.2571525573730469,0.7057170271873474,-0.01648874394595623,0.255725234746933,0.7384649515151978,-0.005750357173383236,0.24870231747627258,0.7484774589538574,0.0045296852476894855,YES
0.24966540932655334,0.8618789911270142,-2.347428420534925e-07,0.2955676317214966,0.8390700221061707,-0.010650008916854858,0.332228422164917,0.7869824171066284,-0.013005855493247509,0.32515960931777954,0.7323651313781738,-0.01609203964471817,0.2911345064640045,0.7183582782745361,-0.015472319908440113,0.3203890025615692,0.745834469795227,0.0060661775059998035,0.3374002277851105,0.7061710953712463,-0.008555449545383453,0.3244653642177582,0.7487227916717529,-0.015666350722312927,0.3153979182243347,0.7625613212585449,-0.018811076879501343,0.29556339979171753,0.7357780933380127,0.0037323401775211096,0.30861222743988037,0.7037087678909302,-0.01190267875790596,0.2983560264110565,0.7534012794494629,-0.014164520427584648,0.2909504771232605,0.7600565552711487,-0.011545410379767418,0.2703908681869507,0.7325232028961182,-0.0019573706667870283,0.28117769956588745,0.7012937068939209,-0.019686443731188774,0.2767554819583893,0.7508668899536133,-0.012105909176170826,0.26960277557373047,0.7621836066246033,-0.001982100773602724,0.24181127548217773,0.7308749556541443,-0.008565901778638363,0.25731733441352844,0.7048616409301758,-0.015778731554746628,0.25645461678504944,0.7378783226013184,-0.005082021001726389,0.24931232631206512,0.7496362328529358,0.0052710785530507565,YES
0.2503279745578766,0.8607988357543945,-2.392040698850906e-07,0.2962532043457031,0.8386512398719788,-0.010161686688661575,0.3328937292098999,0.7873477935791016,-0.012523259967565536,0.3251441419124603,0.7333479523658752,-0.015605408698320389,0.29168182611465454,0.7181621789932251,-0.015062730759382248,0.32047581672668457,0.7455520033836365,0.005038452334702015,0.33718141913414,0.7059544324874878,-0.00988963432610035,0.3240600526332855,0.7488784790039062,-0.016932055354118347,0.31505313515663147,0.7622184157371521,-0.02007325552403927,0.29540982842445374,0.7355814576148987,0.0023440092336386442,0.30875110626220703,0.7033742070198059,-0.013179679401218891,0.2984803020954132,0.753315806388855,-0.015087791718542576,0.2911279499530792,0.7587565779685974,-0.01249233353883028,0.27023443579673767,0.7326164245605469,-0.003608995582908392,0.2814222574234009,0.7012866139411926,-0.021383527666330338,0.2767168879508972,0.7513800263404846,-0.01321418210864067,0.26952478289604187,0.7615727782249451,-0.002937113167718053,0.24174651503562927,0.7312877178192139,-0.010402029380202293,0.25699472427368164,0.7050424218177795,-0.017769508063793182,0.2561374306678772,0.7389600872993469,-0.006674099247902632,0.24921667575836182,0.7505122423171997,0.003836726536974311,YES
0.2510131001472473,0.860908031463623,-2.351484624796285e-07,0.2968135476112366,0.8382354974746704,-0.01011916808784008,0.3330060839653015,0.7868700623512268,-0.012498745694756508,0.3249957263469696,0.7330368161201477,-0.015597102232277393,0.2914075255393982,0.717960000038147,-0.015089659951627254,0.32050564885139465,0.7458739876747131,0.005147830583155155,0.33720090985298157,0.7060476541519165,-0.009643574245274067,0.3242761194705963,0.7487285733222961,-0.016749797388911247,0.3152707815170288,0.762153685092926,-0.019963400438427925,0.2953832447528839,0.7359752058982849,0.002506387187168002,0.3087025284767151,0.7035458087921143,-0.012903410010039806,0.2985951006412506,0.7531421184539795,-0.014959786087274551,0.2911355793476105,0.7590057849884033,-0.012482721358537674,0.27017509937286377,0.7329304218292236,-0.0033622882328927517,0.28134259581565857,0.7013370394706726,-0.020824233070015907,0.27690109610557556,0.7508527636528015,-0.01276975404471159,0.26959240436553955,0.761333703994751,-0.0026314076967537403,0.2416532337665558,0.731585681438446,-0.010082424618303776,0.2571839392185211,0.705193281173706,-0.017237883061170578,0.25641775131225586,0.7385947704315186,-0.006202290765941143,0.24923564493656158,0.7502087354660034,0.004236618056893349,YES
0.25092899799346924,0.8598846793174744,-2.4073543158920074e-07,0.2975614666938782,0.8384611010551453,-0.010185780934989452,0.3338233232498169,0.7865682244300842,-0.012438282370567322,0.32450804114341736,0.7318872809410095,-0.015198693610727787,0.2907627820968628,0.7163245677947998,-0.014218388125300407,0.3212795555591583,0.746638834476471,0.004510792437940836,0.33707723021507263,0.7063847184181213,-0.0102927815169096,0.3243781328201294,0.7492533922195435,-0.017116224393248558,0.31585443019866943,0.7624914050102234,-0.020247653126716614,0.29614853858947754,0.7361554503440857,0.0019208365119993687,0.3090398609638214,0.7029582262039185,-0.01352526806294918,0.2989708185195923,0.7532902956008911,-0.015131267718970776,0.291684627532959,0.7589816451072693,-0.012393055483698845,0.2707922160625458,0.7328245639801025,-0.003891612635925412,0.2813567817211151,0.7007807493209839,-0.021894952282309532,0.27714094519615173,0.7517759203910828,-0.013424335978925228,0.2702576220035553,0.7627067565917969,-0.0029575356747955084,0.2420870065689087,0.7313805818557739,-0.010490109212696552,0.2568606734275818,0.7055100202560425,-0.01833999715745449,0.25605636835098267,0.7399360537528992,-0.007354432251304388,0.24915343523025513,0.7514004111289978,0.0031045221257954836,YES
0.2512504458427429,0.8594530820846558,-2.3551447725367325e-07,0.2976921498775482,0.8374042510986328,-0.010301757603883743,0.33386966586112976,0.7860584855079651,-0.012623205780982971,0.32422471046447754,0.7317034602165222,-0.0154419532045722,0.29041680693626404,0.7156790494918823,-0.014515570364892483,0.3216313123703003,0.746277391910553,0.0050598811358213425,0.33764541149139404,0.7066812515258789,-0.009771719574928284,0.3245568871498108,0.7487894892692566,-0.016722440719604492,0.31566956639289856,0.7619934678077698,-0.019836049526929855,0.29638978838920593,0.7356889247894287,0.0025146848056465387,0.308998167514801,0.7025200128555298,-0.012996414676308632,0.2987232804298401,0.7525843381881714,-0.014887324534356594,0.29148584604263306,0.7587993144989014,-0.012169105000793934,0.27097398042678833,0.7323663830757141,-0.003278802614659071,0.2812632620334625,0.7007051706314087,-0.021269435063004494,0.2768995761871338,0.7515173554420471,-0.013069244101643562,0.27004602551460266,0.7624974846839905,-0.0026140029076486826,0.2422233372926712,0.7312628626823425,-0.009868516586720943,0.2567459046840668,0.7057315111160278,-0.017521832138299942,0.2560078501701355,0.7396405935287476,-0.006531029473990202,0.24918732047080994,0.7508832216262817,0.004028454888612032,YES
0.2504643499851227,0.8602577447891235,-2.3333880960763054e-07,0.2966080605983734,0.8386197090148926,-0.011049273423850536,0.33327773213386536,0.7870646119117737,-0.01353235449641943,0.32472971081733704,0.7323564887046814,-0.01632874459028244,0.2908422648906708,0.716245710849762,-0.015263968147337437,0.3210517466068268,0.7470782995223999,0.0048339650966227055,0.3370939791202545,0.7075949907302856,-0.009997118264436722,0.32383063435554504,0.7495542764663696,-0.017062228173017502,0.31534257531166077,0.7624723315238953,-0.020288892090320587,0.2957649827003479,0.736103892326355,0.0026656831614673138,0.3088245987892151,0.7029653787612915,-0.012860724702477455,0.29813554883003235,0.7524065971374512,-0.014867017976939678,0.29100289940834045,0.7579997777938843,-0.012212379835546017,0.2704358994960785,0.7324881553649902,-0.002827138639986515,0.28128430247306824,0.700394868850708,-0.020572444424033165,0.27652135491371155,0.750356137752533,-0.012449393048882484,0.26974132657051086,0.7606238126754761,-0.0021468638442456722,0.24189460277557373,0.7311778664588928,-0.009230117313563824,0.25689274072647095,0.705970048904419,-0.016667839139699936,0.2558719217777252,0.7392750382423401,-0.005809921771287918,0.2490522861480713,0.7499766945838928,0.004587206989526749,YES
0.2503262162208557,0.8594026565551758,-2.2537064126026962e-07,0.29673105478286743,0.8362648487091064,-0.01072521973401308,0.33274221420288086,0.786365270614624,-0.013604988344013691,0.324800044298172,0.7329004406929016,-0.017094608396291733,0.2916300296783447,0.7170258164405823,-0.01669258065521717,0.3208971917629242,0.7465807795524597,0.005114625673741102,0.33757245540618896,0.7055160999298096,-0.010262339375913143,0.32445672154426575,0.7485302090644836,-0.017386088147759438,0.315937876701355,0.7621292471885681,-0.020347680896520615,0.2963137626647949,0.7362684011459351,0.0027888768818229437,0.3093876838684082,0.7029366493225098,-0.013105564750730991,0.2987159788608551,0.7531758546829224,-0.014975433237850666,0.2915293872356415,0.7590126991271973,-0.012086885049939156,0.2711530923843384,0.7327490448951721,-0.0029175900854170322,0.28171926736831665,0.7008430361747742,-0.020921936258673668,0.2769867181777954,0.7509539723396301,-0.01269455999135971,0.27043867111206055,0.7615642547607422,-0.002075144089758396,0.2426358014345169,0.731127142906189,-0.009500850923359394,0.2573274075984955,0.7051194310188293,-0.016797397285699844,0.2563629150390625,0.7383354902267456,-0.0057238019071519375,0.24928788840770721,0.7495722770690918,0.004953993950039148,YES
0.25025996565818787,0.8586876392364502,-2.355222932237666e-07,0.29701700806617737,0.8356078863143921,-0.010062523186206818,0.3332025408744812,0.7867947816848755,-0.012554449960589409,0.32536375522613525,0.7340245246887207,-0.01583864539861679,0.292807936668396,0.7169203758239746,-0.015376073308289051,0.3215736746788025,0.7470009326934814,0.005725722759962082,0.33820950984954834,0.7064126133918762,-0.009566490538418293,0.325048565864563,0.7494487166404724,-0.016711847856640816,0.31635332107543945,0.7622072100639343,-0.019773585721850395,0.29683950543403625,0.7363536953926086,0.0030308999121189117,0.31052297353744507,0.7034651637077332,-0.012867582030594349,0.2992174029350281,0.7534558773040771,-0.014864207245409489,0.29159337282180786,0.7585757970809937,-0.01219781581312418,0.2718085050582886,0.7323859930038452,-0.0030195878352969885,0.2833329141139984,0.700992226600647,-0.021189182996749878,0.2772318422794342,0.7511064410209656,-0.012926486320793629,0.26989707350730896,0.7608250975608826,-0.0024233972653746605,0.24345074594020844,0.7297888994216919,-0.009878630749881268,0.2588637173175812,0.7046263813972473,-0.01731564849615097,0.2568105459213257,0.7382141351699829,-0.006126195192337036,0.24931257963180542,0.7487520575523376,0.004524199292063713,YES
0.2500695288181305,0.8579818606376648,-2.3429845441569341e-07,0.29664602875709534,0.8356080055236816,-0.01023456733673811,0.33305394649505615,0.7866791486740112,-0.012687986716628075,0.32538649439811707,0.7336623072624207,-0.015863217413425446,0.29258760809898376,0.716884434223175,-0.015217947773635387,0.32166799902915955,0.7465760111808777,0.00564616359770298,0.3383930027484894,0.7056558132171631,-0.009525688365101814,0.32494139671325684,0.7490445971488953,-0.016535157337784767,0.3161877393722534,0.7620590925216675,-0.01950669102370739,0.29697319865226746,0.73607337474823,0.0030906633473932743,0.31014370918273926,0.703331708908081,-0.012727651745080948,0.2988298535346985,0.753720760345459,-0.014654490165412426,0.29145851731300354,0.7589460611343384,-0.011899866163730621,0.2718554735183716,0.7321876883506775,-0.0028183881659060717,0.2828860878944397,0.7006262540817261,-0.020830541849136353,0.27705636620521545,0.7510157227516174,-0.012450049631297588,0.27013149857521057,0.7609590888023376,-0.00184297701343894,0.24340924620628357,0.7297799587249756,-0.00956628005951643,0.25845617055892944,0.7045652270317078,-0.01689779944717884,0.25668925046920776,0.7383192777633667,-0.0056343222968280315,0.249569371342659,0.7492336630821228,0.005117067135870457,YES
0.2501198947429657,0.8588435053825378,-2.2836967161765642e-07,0.294893741607666,0.8365764617919922,-0.010492048226296902,0.3316403925418854,0.7876716256141663,-0.01325624343007803,0.32565903663635254,0.7351036667823792,-0.016683973371982574,0.29357314109802246,0.716549277305603,-0.01632560044527054,0.32077449560165405,0.7460587620735168,0.005068126134574413,0.3380175530910492,0.7060941457748413,-0.00990737322717905,0.3251410722732544,0.7493483424186707,-0.01692049205303192,0.3169400691986084,0.7621108293533325,-0.01991540752351284,0.29635173082351685,0.7355945706367493,0.0026238481514155865,0.310111939907074,0.7032079696655273,-0.013149094767868519,0.2992851734161377,0.7533159852027893,-0.015158634632825851,0.2921050190925598,0.7588086128234863,-0.01243321318179369,0.271475613117218,0.731621265411377,-0.003111783880740404,0.2827332019805908,0.7004102468490601,-0.020841054618358612,0.2771504819393158,0.7503324747085571,-0.012656226754188538,0.2702036201953888,0.7602826356887817,-0.0022678179666399956,0.24336296319961548,0.7289608120918274,-0.009711452759802341,0.2591896653175354,0.7039817571640015,-0.01693226769566536,0.25712835788726807,0.7378568649291992,-0.005752531345933676,0.24955999851226807,0.7491008639335632,0.004939983133226633,YES
0.25044041872024536,0.8599764704704285,-2.2893506468335545e-07,0.29531675577163696,0.8364107012748718,-0.010853675194084644,0.3320135474205017,0.7866264581680298,-0.01367663312703371,0.324811190366745,0.7342978119850159,-0.017123404890298843,0.29200512170791626,0.7168422937393188,-0.01667933166027069,0.32053568959236145,0.7454215288162231,0.005566359497606754,0.3380415439605713,0.707097589969635,-0.009637735784053802,0.3249213993549347,0.7503241300582886,-0.016703708097338676,0.31652408838272095,0.7619314789772034,-0.019704781472682953,0.2958188056945801,0.7347018718719482,0.003146962495520711,0.3101491332054138,0.7034223079681396,-0.012847413308918476,0.2990121841430664,0.753667950630188,-0.014866938814520836,0.2914767563343048,0.7579841613769531,-0.012087279930710793,0.27094510197639465,0.730745255947113,-0.0027109633665531874,0.28273412585258484,0.7003191709518433,-0.020753873512148857,0.2768861651420593,0.750440776348114,-0.012678476050496101,0.2695279121398926,0.7592894434928894,-0.0023016533814370632,0.24292168021202087,0.7282587885856628,-0.009464832954108715,0.25914815068244934,0.7037637233734131,-0.01662437431514263,0.2568804919719696,0.7375860214233398,-0.0054220412857830524,0.2488556057214737,0.7478442192077637,0.005235245916992426,YES
0.250272661447525,0.8593658804893494,-2.3380520985938347e-07,0.29597896337509155,0.8371118903160095,-0.010337568819522858,0.33239343762397766,0.7867294549942017,-0.012730512768030167,0.324518084526062,0.7336581349372864,-0.015731753781437874,0.29149922728538513,0.7175981402397156,-0.014887397177517414,0.32085296511650085,0.7464058995246887,0.005446322727948427,0.33741796016693115,0.7067481279373169,-0.009772974997758865,0.3245225250720978,0.7493484020233154,-0.01669713668525219,0.316453218460083,0.7620730400085449,-0.01959451660513878,0.29619264602661133,0.7355426549911499,0.0028490182012319565,0.3097365200519562,0.7030909657478333,-0.013139976188540459,0.29884371161460876,0.7529088258743286,-0.014821965247392654,0.29165276885032654,0.758429765701294,-0.011813360266387463,0.27126309275627136,0.7313933372497559,-0.0031573509331792593,0.28204789757728577,0.7000352144241333,-0.021413903683423996,0.276337206363678,0.7502647638320923,-0.013187898322939873,0.26943573355674744,0.7601921558380127,-0.0026685299817472696,0.24314185976982117,0.7289782166481018,-0.010003060102462769,0.2583633363246918,0.7041453719139099,-0.017514461651444435,0.25610435009002686,0.7383620142936707,-0.006493673659861088,0.24856260418891907,0.7490928769111633,0.004033434670418501,YES
0.2497120052576065,0.8580731749534607,-2.332325834686344e-07,0.29527756571769714,0.8370563387870789,-0.011194795370101929,0.33239448070526123,0.7859401106834412,-0.013866808265447617,0.32442301511764526,0.73172926902771,-0.01699558086693287,0.29052498936653137,0.7164730429649353,-0.016173169016838074,0.3210873603820801,0.7446249127388,0.0051475586369633675,0.33756235241889954,0.7058500051498413,-0.010186547413468361,0.3240368068218231,0.7486935257911682,-0.01712680794298649,0.315369188785553,0.7615708708763123,-0.01999630406498909,0.296263188123703,0.7340033054351807,0.002968394896015525,0.3093167543411255,0.7023054361343384,-0.013356465846300125,0.29833173751831055,0.7526496648788452,-0.01515521015971899,0.29115548729896545,0.7583339214324951,-0.012002285569906235,0.2711643576622009,0.7302519679069519,-0.002700349548831582,0.2816745638847351,0.7001551389694214,-0.02117866277694702,0.2764405906200409,0.750461220741272,-0.01317518949508667,0.26985806226730347,0.760337769985199,-0.0025894122663885355,0.24286773800849915,0.7281843423843384,-0.009280046448111534,0.25783810019493103,0.7044054865837097,-0.01682412251830101,0.2561090290546417,0.7382457256317139,-0.006025391630828381,0.2488984912633896,0.7486019730567932,0.004456906113773584,YES
0.2500671148300171,0.8587086200714111,-2.344823286648534e-07,0.294664204120636,0.8372817635536194,-0.011402906849980354,0.3319776654243469,0.7859074473381042,-0.014176498167216778,0.3247360289096832,0.7323866486549377,-0.017308084294199944,0.29130932688713074,0.7162638902664185,-0.016471028327941895,0.3209005296230316,0.7439435124397278,0.004552656318992376,0.3378596901893616,0.706553041934967,-0.01043721940368414,0.32437700033187866,0.7496920228004456,-0.017093421891331673,0.31594979763031006,0.7610251903533936,-0.019951876252889633,0.2960110008716583,0.7333763837814331,0.0024549709632992744,0.3097424805164337,0.7028665542602539,-0.013356556184589863,0.29869136214256287,0.7532740831375122,-0.014826497994363308,0.291521281003952,0.7572259306907654,-0.011729808524250984,0.2710276246070862,0.7298719882965088,-0.0031059887260198593,0.28212252259254456,0.7007225155830383,-0.021185370162129402,0.27673768997192383,0.7508850693702698,-0.013015649281442165,0.26995959877967834,0.7591567635536194,-0.002632186282426119,0.24296356737613678,0.7277981638908386,-0.009591291658580303,0.2583458721637726,0.7045609951019287,-0.016967741772532463,0.25650081038475037,0.7383301854133606,-0.006053738296031952,0.24899587035179138,0.7477262616157532,0.00434718606993556,YES
0.25035202503204346,0.8579404354095459,-2.307176885096851e-07,0.29660698771476746,0.8358745574951172,-0.010338019579648972,0.3323988616466522,0.7857876420021057,-0.012691408395767212,0.3239673674106598,0.732816219329834,-0.01565689966082573,0.2919040322303772,0.7164822816848755,-0.014829611405730247,0.32073327898979187,0.7442628145217896,0.005382723640650511,0.3370223939418793,0.7068190574645996,-0.00964315701276064,0.32395046949386597,0.7486767172813416,-0.016604604199528694,0.31561484932899475,0.7607192993164062,-0.019690537825226784,0.2958199679851532,0.7337661385536194,0.0028264110442250967,0.30903303623199463,0.7023943066596985,-0.01290906686335802,0.2983662784099579,0.7517383098602295,-0.01474654022604227,0.29144325852394104,0.7569457292556763,-0.0119785750284791,0.27085989713668823,0.7301846146583557,-0.0031112446449697018,0.2814396917819977,0.7006575465202332,-0.021266771480441093,0.2763933837413788,0.7497571706771851,-0.013488879427313805,0.26993489265441895,0.7589653730392456,-0.003329657716676593,0.24276483058929443,0.7284737825393677,-0.00985787995159626,0.2575654685497284,0.7047590613365173,-0.017522722482681274,0.2561357915401459,0.7378719449043274,-0.0069236173294484615,0.24906708300113678,0.747766375541687,0.003314167959615588,YES
0.25015896558761597,0.8551515340805054,-2.315793921070508e-07,0.29634255170822144,0.8352071046829224,-0.009854651987552643,0.3319098949432373,0.7849516868591309,-0.01178252324461937,0.3240455985069275,0.7304579019546509,-0.014388766139745712,0.29144376516342163,0.715574324131012,-0.013379541225731373,0.3202895522117615,0.74533611536026,0.005772369913756847,0.3371851444244385,0.7056140303611755,-0.008904893882572651,0.32419589161872864,0.7470201849937439,-0.015818582847714424,0.3153928816318512,0.7613203525543213,-0.018865836784243584,0.2959701120853424,0.7344173789024353,0.0030517312698066235,0.3094525635242462,0.7010548710823059,-0.012555408291518688,0.2986631989479065,0.7498533129692078,-0.014644554816186428,0.29132190346717834,0.7572327256202698,-0.011950410902500153,0.271095335483551,0.7304940819740295,-0.0029239035211503506,0.2818374037742615,0.6989213228225708,-0.02073374018073082,0.2768747806549072,0.7481417655944824,-0.0129946144297719,0.270227313041687,0.7593820095062256,-0.002840088913217187,0.24273081123828888,0.7286043763160706,-0.009689425118267536,0.2576743960380554,0.7038262486457825,-0.017162635922431946,0.2562072277069092,0.7372803688049316,-0.006582050584256649,0.2492709457874298,0.7485636472702026,0.0035706092603504658,YES
0.2506231665611267,0.8550082445144653,-2.3217705802380806e-07,0.29583874344825745,0.8354793190956116,-0.010546850971877575,0.331694632768631,0.7845161557197571,-0.012629206292331219,0.3237749934196472,0.7306274175643921,-0.01509058941155672,0.29110491275787354,0.715739369392395,-0.0137258255854249,0.3209901452064514,0.7441092133522034,0.004894157871603966,0.3373582363128662,0.7059003114700317,-0.009671851061284542,0.32386860251426697,0.7471885085105896,-0.01618732139468193,0.31552448868751526,0.7596986293792725,-0.019065754488110542,0.29626259207725525,0.7333788871765137,0.002502111252397299,0.30930566787719727,0.7017505168914795,-0.012769447639584541,0.2982006072998047,0.7504515051841736,-0.014224806800484657,0.29155421257019043,0.7554688453674316,-0.011264718137681484,0.27114880084991455,0.7295923233032227,-0.0032451197039335966,0.281645268201828,0.7002400159835815,-0.021032197400927544,0.27643918991088867,0.7491117119789124,-0.013248946517705917,0.2703128159046173,0.7577781677246094,-0.003207358531653881,0.24290931224822998,0.7277658581733704,-0.009821915999054909,0.2575579583644867,0.7045527696609497,-0.01725415140390396,0.2560206651687622,0.7376730442047119,-0.006746722850948572,0.24918492138385773,0.7471576929092407,0.003263077698647976,YES
0.2504342198371887,0.8537821173667908,-2.2467321514341165e-07,0.2963956892490387,0.8314968347549438,-0.010381030850112438,0.3320375680923462,0.7827932238578796,-0.012924027629196644,0.3244985342025757,0.7288454174995422,-0.01620698720216751,0.29275962710380554,0.7098284959793091,-0.015867868438363075,0.32218819856643677,0.7434184551239014,0.00655644666403532,0.3378693163394928,0.70392906665802,-0.008602730929851532,0.32528766989707947,0.7457246780395508,-0.016175415366888046,0.3170740306377411,0.761014461517334,-0.019333165138959885,0.29751911759376526,0.7323925495147705,0.004221467766910791,0.3103233277797699,0.699178159236908,-0.011861885897815228,0.3003869950771332,0.7492242455482483,-0.01473287958651781,0.29319173097610474,0.7583501935005188,-0.012290632352232933,0.27249667048454285,0.7278034090995789,-0.0014369552955031395,0.28244808316230774,0.6950048208236694,-0.01988575980067253,0.27760812640190125,0.7453151941299438,-0.012492339126765728,0.27052733302116394,0.7583292722702026,-0.0021512191742658615,0.24357406795024872,0.7253907918930054,-0.007869542576372623,0.25881901383399963,0.6990360617637634,-0.015948178246617317,0.2571468949317932,0.7336229681968689,-0.005328367929905653,0.24965503811836243,0.7468487620353699,0.00532312598079443,YES
0.25007691979408264,0.8534742593765259,-2.32320218174209e-07,0.29599398374557495,0.8313509821891785,-0.010262956842780113,0.3318411409854889,0.7821462154388428,-0.012656647711992264,0.3241294026374817,0.7288727164268494,-0.0157315731048584,0.29262110590934753,0.7093684077262878,-0.01503226812928915,0.3221609890460968,0.7416925430297852,0.006010163109749556,0.33774876594543457,0.7031104564666748,-0.009143578819930553,0.32490864396095276,0.7460106611251831,-0.016277464106678963,0.31720396876335144,0.7606669068336487,-0.019164135679602623,0.297451376914978,0.7309057712554932,0.003597028786316514,0.3098702132701874,0.6992040872573853,-0.012123282998800278,0.2997354567050934,0.7501496076583862,-0.014142995700240135,0.29300642013549805,0.7576763033866882,-0.011342213489115238,0.27245286107063293,0.7265269160270691,-0.002198292873799801,0.28216373920440674,0.6954231858253479,-0.020463062450289726,0.2772454619407654,0.7464405298233032,-0.012541702017188072,0.27054616808891296,0.75791335105896,-0.0020532982889562845,0.24373206496238708,0.7242599129676819,-0.00876346044242382,0.25874823331832886,0.6991702914237976,-0.016516879200935364,0.2569301426410675,0.7337698340415955,-0.005568327847868204,0.24916845560073853,0.745508074760437,0.005163251422345638,YES
0.25109434127807617,0.8518789410591125,-2.279579547348476e-07,0.29688218235969543,0.8299906849861145,-0.008950323797762394,0.3326544165611267,0.7815346717834473,-0.010977577418088913,0.3271416425704956,0.7292078137397766,-0.014114157296717167,0.2969595193862915,0.7114136219024658,-0.013835940510034561,0.3217737674713135,0.740723729133606,0.006885847542434931,0.33848339319229126,0.7016527652740479,-0.007962477393448353,0.3256167769432068,0.7435996532440186,-0.015566898509860039,0.31646254658699036,0.7594248652458191,-0.018784303218126297,0.29797759652137756,0.730323851108551,0.003940113820135593,0.3111920952796936,0.6980888843536377,-0.011354721151292324,0.30082544684410095,0.7471132874488831,-0.01396087184548378,0.2934635281562805,0.7552987933158875,-0.011754056438803673,0.2736007273197174,0.7259414196014404,-0.00220546149648726,0.28457111120224,0.6932112574577332,-0.0193290114402771,0.279011994600296,0.7423675060272217,-0.011678287759423256,0.271630197763443,0.7542333602905273,-0.0018437820253893733,0.2455371916294098,0.723151683807373,-0.009121200069785118,0.2613338530063629,0.6977735161781311,-0.016125986352562904,0.2587878406047821,0.7316892743110657,-0.005320708733052015,0.25092026591300964,0.7437648177146912,0.004955547861754894,YES
0.2516687214374542,0.8504979610443115,-2.3060418641307479e-07,0.29781898856163025,0.8292015194892883,-0.00963823962956667,0.3334622085094452,0.7805350422859192,-0.011607932858169079,0.32663702964782715,0.7282293438911438,-0.014598106034100056,0.2952600121498108,0.710938572883606,-0.013921035453677177,0.32245996594429016,0.7392157316207886,0.00765353674069047,0.33874744176864624,0.7003576159477234,-0.007744867820292711,0.3253259062767029,0.7423416376113892,-0.015314433723688126,0.3163119852542877,0.7581741809844971,-0.018252994865179062,0.2982138395309448,0.7289226651191711,0.005078156013041735,0.3105306327342987,0.6971731781959534,-0.01085490733385086,0.29971760511398315,0.7468556761741638,-0.013211199082434177,0.29315808415412903,0.7552630305290222,-0.01045162696391344,0.27359962463378906,0.7247071862220764,-0.0009861296275630593,0.2839048504829407,0.6929798126220703,-0.01894291676580906,0.27801674604415894,0.7427269816398621,-0.011244053952395916,0.27141618728637695,0.7547219395637512,-0.0009105384233407676,0.24549242854118347,0.7222874760627747,-0.007889791391789913,0.2608932852745056,0.6979918479919434,-0.01521625742316246,0.2581883370876312,0.7314936518669128,-0.004559176508337259,0.2507067918777466,0.743068277835846,0.005857593845576048,YES
0.2522180676460266,0.8489804267883301,-2.1024173690875614e-07,0.30019858479499817,0.8280676603317261,-0.008506710641086102,0.3352399468421936,0.779379665851593,-0.009873786009848118,0.3278019428253174,0.7254482507705688,-0.012409149669110775,0.29570066928863525,0.7107195854187012,-0.012087730690836906,0.32312124967575073,0.740303635597229,0.007965633645653725,0.34060603380203247,0.7017378807067871,-0.005296250339597464,0.3287499248981476,0.7391366362571716,-0.01318947784602642,0.31900691986083984,0.7565781474113464,-0.01706107333302498,0.29949700832366943,0.7292516827583313,0.005083839874714613,0.31289035081863403,0.697120726108551,-0.009064797312021255,0.3027613162994385,0.7418515086174011,-0.012918433174490929,0.29442644119262695,0.7547537684440613,-0.011796909384429455,0.27542173862457275,0.7243871688842773,-0.0007600123644806445,0.28588080406188965,0.6932533383369446,-0.01717323064804077,0.2807004749774933,0.7391778230667114,-0.011704468168318272,0.2728821933269501,0.755240261554718,-0.0032954078633338213,0.2476889193058014,0.7217808365821838,-0.007322679739445448,0.26328814029693604,0.6974519491195679,-0.014744342304766178,0.26138782501220703,0.7294164299964905,-0.005519865080714226,0.25393974781036377,0.7436840534210205,0.0036737092304974794,YES
0.25235193967819214,0.8484596014022827,-2.154277893851031e-07,0.29920193552970886,0.8270201683044434,-0.008952181786298752,0.3342808485031128,0.7793337106704712,-0.010659826919436455,0.3281945586204529,0.7268751263618469,-0.013582095503807068,0.2971692383289337,0.7090964913368225,-0.013282576575875282,0.3227299451828003,0.7397822141647339,0.008453479036688805,0.3412976861000061,0.7029677033424377,-0.006145727355033159,0.3289318382740021,0.7415263056755066,-0.014111683703958988,0.3188876807689667,0.7576255202293396,-0.017546938732266426,0.2991088032722473,0.7284959554672241,0.005625009536743164,0.3129749596118927,0.6984961628913879,-0.009482444263994694,0.301929235458374,0.7448563575744629,-0.012857330031692982,0.2940615117549896,0.7550188302993774,-0.011056765913963318,0.27503734827041626,0.7237813472747803,-0.0004981245147064328,0.2861277461051941,0.6954267024993896,-0.01809009537100792,0.280104398727417,0.7421707510948181,-0.01207294687628746,0.2727794647216797,0.7552109956741333,-0.0028733869548887014,0.24743379652500153,0.7211881875991821,-0.007341456599533558,0.2631811797618866,0.6986430883407593,-0.014924186281859875,0.26084643602371216,0.7302904725074768,-0.005209658294916153,0.2534446716308594,0.7420876026153564,0.004566831048578024,YES
0.2536824941635132,0.8476023077964783,-1.9404838269565516e-07,0.30061525106430054,0.825777530670166,-0.009804739616811275,0.33706265687942505,0.7818931937217712,-0.01226726919412613,0.329877108335495,0.7303766012191772,-0.015619130805134773,0.29866713285446167,0.7130669355392456,-0.01598665863275528,0.32610994577407837,0.7406245470046997,0.006575697101652622,0.34269991517066956,0.7032700777053833,-0.00766234565526247,0.3302422761917114,0.7391393780708313,-0.015551743097603321,0.3210621774196625,0.7546296715736389,-0.019093675538897514,0.30162593722343445,0.7295894026756287,0.004248478449881077,0.3131428360939026,0.6991594433784485,-0.010210875421762466,0.30276522040367126,0.7427504062652588,-0.013861052691936493,0.29646623134613037,0.7525862455368042,-0.012699016369879246,0.2768753468990326,0.724808394908905,-0.0011851261369884014,0.2857142388820648,0.6963071227073669,-0.018125047907233238,0.27997976541519165,0.7405479550361633,-0.012607269920408726,0.27386921644210815,0.7533650398254395,-0.004189206287264824,0.24835523962974548,0.7219741344451904,-0.007380170747637749,0.2623303234577179,0.6987444758415222,-0.014787506312131882,0.26031753420829773,0.729338526725769,-0.005334286484867334,0.2543099820613861,0.7417102456092834,0.0041231419891119,YES
0.25458967685699463,0.8475858569145203,-1.9411037044392287e-07,0.3008480966091156,0.8254794478416443,-0.00957733765244484,0.3362869322299957,0.7819597721099854,-0.012085777707397938,0.3295291066169739,0.7318739891052246,-0.015489744953811169,0.2995842695236206,0.7115989923477173,-0.015855424106121063,0.3247947692871094,0.7383080720901489,0.006608644966036081,0.3417937457561493,0.7043623328208923,-0.00801089871674776,0.3299967050552368,0.7416735291481018,-0.015851756557822227,0.3212886154651642,0.7554610967636108,-0.01928974688053131,0.3008122146129608,0.7279278635978699,0.003997347317636013,0.3132595121860504,0.6993005275726318,-0.010599920526146889,0.3030669391155243,0.7445435523986816,-0.013917139731347561,0.29651662707328796,0.7521447539329529,-0.012527300976216793,0.2763160467147827,0.7239434123039246,-0.0017712407279759645,0.28664547204971313,0.6965929865837097,-0.019110575318336487,0.2809356153011322,0.7423245310783386,-0.013004024513065815,0.27451086044311523,0.7526469826698303,-0.004163622856140137,0.24796271324157715,0.7221878170967102,-0.008234943263232708,0.26276275515556335,0.6996219754219055,-0.015752220526337624,0.26090866327285767,0.7312038540840149,-0.005711177363991737,0.25448042154312134,0.7422214150428772,0.004182447679340839,YES
0.25694653391838074,0.8469768762588501,-1.4038648998848657e-07,0.3038204610347748,0.8254876136779785,-0.00960678793489933,0.33694005012512207,0.785577654838562,-0.012984873726963997,0.3219278156757355,0.7403339147567749,-0.01681089773774147,0.29089733958244324,0.7256030440330505,-0.01839195005595684,0.3258219063282013,0.7421315908432007,0.0018339992966502905,0.3396477699279785,0.706990659236908,-0.010994300246238708,0.3277025520801544,0.7395731806755066,-0.018750648945569992,0.319940984249115,0.7580193877220154,-0.022640472277998924,0.3000083267688751,0.7323079705238342,-0.0003366432501934469,0.3095526695251465,0.6970886588096619,-0.013065720908343792,0.30145063996315,0.7351129055023193,-0.01671002432703972,0.2965943217277527,0.75290846824646,-0.016196655109524727,0.27458295226097107,0.7277208566665649,-0.005068561993539333,0.2815057635307312,0.6963258385658264,-0.01872633770108223,0.27864763140678406,0.7352221608161926,-0.013643864542245865,0.27409467101097107,0.7535301446914673,-0.006602309178560972,0.24646759033203125,0.7262191772460938,-0.010675325989723206,0.2585330009460449,0.7017462849617004,-0.01622573286294937,0.2585214376449585,0.7309337258338928,-0.00707733491435647,0.2539787292480469,0.7471648454666138,0.0014645564369857311,YES
0.2577390968799591,0.845125675201416,-1.4186292673912249e-07,0.3029688596725464,0.8251930475234985,-0.009161232970654964,0.3370002806186676,0.7871774435043335,-0.01241143699735403,0.3259966969490051,0.7435794472694397,-0.015959780663251877,0.2975684702396393,0.7271862030029297,-0.017322776839137077,0.32582995295524597,0.7426352500915527,0.0007344778859987855,0.33916395902633667,0.7074991464614868,-0.012211071327328682,0.32814982533454895,0.7407591938972473,-0.019792508333921432,0.32116326689720154,0.759131133556366,-0.023493461310863495,0.3005297780036926,0.7324768304824829,-0.001347784767858684,0.3101196885108948,0.6988357305526733,-0.013753760606050491,0.30173733830451965,0.7372320890426636,-0.01700492389500141,0.29687339067459106,0.7534075975418091,-0.016363292932510376,0.27517348527908325,0.7278347015380859,-0.005818742327392101,0.2822490632534027,0.6983895301818848,-0.0191507525742054,0.27867913246154785,0.7369828820228577,-0.013631847687065601,0.2742682695388794,0.7531037330627441,-0.006590330041944981,0.24697159230709076,0.7265341877937317,-0.011070470325648785,0.25838935375213623,0.7041152715682983,-0.016751589253544807,0.25793394446372986,0.7332706451416016,-0.0076117985881865025,0.25377407670021057,0.7475095391273499,0.0008757555624470115,YES
0.2618790864944458,0.8461814522743225,-7.522103118162704e-08,0.30008119344711304,0.8298132419586182,-0.011751662008464336,0.3327755331993103,0.7973492741584778,-0.017427945509552956,0.32121986150741577,0.7584991455078125,-0.022981831803917885,0.2922983169555664,0.7431707382202148,-0.027189917862415314,0.32398703694343567,0.7340273261070251,-0.00238783354870975,0.3336482048034668,0.7050490975379944,-0.01664031110703945,0.3259495496749878,0.7294220924377441,-0.02760041132569313,0.3175888955593109,0.7531111240386963,-0.03313649445772171,0.29613053798675537,0.7231044173240662,-0.0038168809842318296,0.30327337980270386,0.6885294914245605,-0.01637079194188118,0.2982730567455292,0.7216273546218872,-0.022544778883457184,0.29280975461006165,0.7451613545417786,-0.023738935589790344,0.2696094214916229,0.7223143577575684,-0.0076021477580070496,0.27256810665130615,0.6936423778533936,-0.01944001391530037,0.27199694514274597,0.7251887917518616,-0.0172404944896698,0.2683778703212738,0.7450206279754639,-0.012801684439182281,0.24204972386360168,0.7292603254318237,-0.01244422234594822,0.2457471787929535,0.7066307663917542,-0.017701102420687675,0.24814768135547638,0.7292073369026184,-0.010720521211624146,0.24753184616565704,0.7443252205848694,-0.003782746847718954,YES
0.26135894656181335,0.8460055589675903,-1.0616916057415438e-07,0.29970288276672363,0.8308134078979492,-0.013586659915745258,0.33275875449180603,0.7968636751174927,-0.019933000206947327,0.3176248073577881,0.7582342028617859,-0.025675464421510696,0.28581133484840393,0.7482220530509949,-0.02942909486591816,0.32267865538597107,0.734621524810791,-0.00377023802138865,0.3337932229042053,0.7042868733406067,-0.019760912284255028,0.3259719908237457,0.7337444424629211,-0.031118610873818398,0.3176124393939972,0.7577192783355713,-0.03645265847444534,0.2952921688556671,0.724062979221344,-0.0043054004199802876,0.3025558590888977,0.6891022324562073,-0.01760074868798256,0.29784175753593445,0.723988950252533,-0.023299554362893105,0.2926432490348816,0.7460538744926453,-0.02385067194700241,0.2694929838180542,0.7235847115516663,-0.00752181326970458,0.27201005816459656,0.6956061124801636,-0.01970469392836094,0.27152127027511597,0.7278164029121399,-0.01647111214697361,0.2678295969963074,0.7459051012992859,-0.011145162396132946,0.24215567111968994,0.7304216623306274,-0.01198490522801876,0.24667775630950928,0.7091777920722961,-0.016806885600090027,0.24881885945796967,0.7311413884162903,-0.009058749303221703,0.24724556505680084,0.7442526817321777,-0.0014947998570278287,YES
0.2637181580066681,0.8455104827880859,-1.5024262722818094e-07,0.3012324273586273,0.8390250205993652,-0.013117738999426365,0.3350457549095154,0.8122146129608154,-0.019884461537003517,0.33384865522384644,0.7839891910552979,-0.02662818878889084,0.31357449293136597,0.7699580192565918,-0.03155224770307541,0.31916889548301697,0.7334392070770264,-0.007642566226422787,0.3292902410030365,0.6987276673316956,-0.02743612602353096,0.32336553931236267,0.7346751093864441,-0.03962313011288643,0.3140867054462433,0.7682085633277893,-0.04379289597272873,0.2911507189273834,0.726736843585968,-0.008411416783928871,0.29913192987442017,0.6891567707061768,-0.027084801346063614,0.2946641743183136,0.7358075976371765,-0.03268112987279892,0.2878316640853882,0.7697104811668396,-0.03137190267443657,0.26359546184539795,0.7278767228126526,-0.012043934315443039,0.26879698038101196,0.6930065155029297,-0.02901223674416542,0.26842406392097473,0.7333653569221497,-0.025956744328141212,0.263708233833313,0.7612809538841248,-0.018725834786891937,0.236100971698761,0.7364240884780884,-0.016728296875953674,0.24200329184532166,0.7106310129165649,-0.026121411472558975,0.24515697360038757,0.7371687293052673,-0.02042892388999462,0.24324263632297516,0.7561398148536682,-0.012942885048687458,YES
0.26354560256004333,0.8460756540298462,-1.6664540680721984e-07,0.3011500835418701,0.8392884731292725,-0.013951319269835949,0.33423933386802673,0.8118103742599487,-0.020990855991840363,0.33325719833374023,0.7838023900985718,-0.02795645035803318,0.3136715888977051,0.7715959548950195,-0.03306727856397629,0.31984367966651917,0.7302127480506897,-0.0060794539749622345,0.3288571536540985,0.7014552354812622,-0.026368016377091408,0.3229537308216095,0.7373567223548889,-0.03957214578986168,0.3132466971874237,0.77137690782547,-0.04441749304533005,0.2914659380912781,0.7231630682945251,-0.006537649780511856,0.29811081290245056,0.6903155446052551,-0.02523050084710121,0.29411065578460693,0.735862135887146,-0.03140167519450188,0.28757646679878235,0.7690030336380005,-0.030529389157891273,0.26379698514938354,0.7248404622077942,-0.010152917355298996,0.2681238055229187,0.6937074661254883,-0.0271327942609787,0.2677490711212158,0.7331708073616028,-0.024647749960422516,0.2630554735660553,0.7604615092277527,-0.017827358096837997,0.23665115237236023,0.7347244620323181,-0.014954395592212677,0.2414596527814865,0.7111365795135498,-0.02434171736240387,0.24472929537296295,0.7372006177902222,-0.018927069380879402,0.24335777759552002,0.7551589608192444,-0.011569530703127384,YES
0.25945228338241577,0.8517630100250244,-3.3035635738087876e-07,0.2966315448284149,0.847367525100708,-0.014670634642243385,0.3276747465133667,0.8343414068222046,-0.025383248925209045,0.33349373936653137,0.8168585300445557,-0.03510209918022156,0.32051435112953186,0.802958071231842,-0.04297681525349617,0.324024498462677,0.7161616086959839,-0.01497218944132328,0.3186804950237274,0.7589482069015503,-0.03614887222647667,0.30876171588897705,0.801028847694397,-0.05155829340219498,0.3028738796710968,0.8235687017440796,-0.05918740853667259,0.2913359999656677,0.705936074256897,-0.015497003681957722,0.2876794934272766,0.7535351514816284,-0.03388281166553497,0.2789182662963867,0.7994357943534851,-0.0398692823946476,0.273194283246994,0.826498806476593,-0.0406590960919857,0.2594682574272156,0.7101895213127136,-0.01820956915616989,0.2584450840950012,0.7511223554611206,-0.03403289616107941,0.25443804264068604,0.7894917130470276,-0.03132617101073265,0.2518942654132843,0.8118103742599487,-0.02542370930314064,0.23163971304893494,0.7255021333694458,-0.02262423187494278,0.23147058486938477,0.7458234429359436,-0.030510500073432922,0.2315555214881897,0.773392915725708,-0.02515449933707714,0.2310992032289505,0.7865574955940247,-0.01766137406229973,YES
0.2617572844028473,0.8488717675209045,-2.9645042332049343e-07,0.29735255241394043,0.8449479937553406,-0.015424152836203575,0.3255966603755951,0.8339993357658386,-0.027198556810617447,0.3329116404056549,0.8173115849494934,-0.03760160505771637,0.3203686773777008,0.8025868535041809,-0.04608521610498428,0.324281245470047,0.7159273624420166,-0.0176808200776577,0.31470417976379395,0.7641467452049255,-0.03951679915189743,0.30389824509620667,0.8045231699943542,-0.05558086186647415,0.297564834356308,0.8253103494644165,-0.06357637792825699,0.2922612428665161,0.7055155038833618,-0.0176657997071743,0.2863062620162964,0.756648600101471,-0.036319952458143234,0.2769739627838135,0.7987858057022095,-0.042873118072748184,0.27081140875816345,0.8251402974128723,-0.044243719428777695,0.26074808835983276,0.7091562747955322,-0.01969924382865429,0.25760287046432495,0.7527284622192383,-0.034924618899822235,0.25335872173309326,0.7869592905044556,-0.033144813030958176,0.2511226534843445,0.8088767528533936,-0.028205525130033493,0.23380854725837708,0.7241315841674805,-0.023577379062771797,0.23167289793491364,0.7487462162971497,-0.0318753719329834,0.2317815124988556,0.7746951580047607,-0.028221189975738525,0.23227988183498383,0.788414478302002,-0.021948786452412605,YES
0.26106905937194824,0.8520841598510742,-2.5418191285098146e-07,0.2906244993209839,0.8494648933410645,-0.020913688465952873,0.3165810704231262,0.8475837111473083,-0.03688211739063263,0.32344841957092285,0.839147686958313,-0.05024099349975586,0.31026405096054077,0.8322277665138245,-0.0626056045293808,0.3185048997402191,0.7375767827033997,-0.03270415961742401,0.3036290407180786,0.8040521740913391,-0.056909311562776566,0.2919527292251587,0.8335537910461426,-0.07429668307304382,0.2857647240161896,0.8414319157600403,-0.08417677879333496,0.28344470262527466,0.7258803248405457,-0.031503353267908096,0.2720784842967987,0.795568585395813,-0.052272435277700424,0.2620605528354645,0.8307569026947021,-0.059151314198970795,0.25544652342796326,0.8489574193954468,-0.061963967978954315,0.25069618225097656,0.7301487922668457,-0.031973157078027725,0.2438468337059021,0.7965503931045532,-0.04913947358727455,0.23884475231170654,0.8277251124382019,-0.04787449911236763,0.23592782020568848,0.8429988026618958,-0.04399240389466286,0.2231714278459549,0.7456625699996948,-0.03475843742489815,0.22104965150356293,0.7883716225624084,-0.04429333284497261,0.22217419743537903,0.8147574663162231,-0.04161018505692482,0.22381609678268433,0.8250167369842529,-0.036700956523418427,YES
0.25575926899909973,0.8570669889450073,-2.952573936454428e-07,0.2867259085178375,0.8534486889839172,-0.017650656402111053,0.31127017736434937,0.8500635623931885,-0.03159970045089722,0.32095882296562195,0.8441460728645325,-0.04377588629722595,0.3138405680656433,0.8361448049545288,-0.05473127216100693,0.31548601388931274,0.7382369041442871,-0.025287631899118423,0.30215561389923096,0.7988508343696594,-0.0487043671309948,0.2881759703159332,0.8327035307884216,-0.06575645506381989,0.28026583790779114,0.8465080857276917,-0.0747138187289238,0.28218305110931396,0.7253278493881226,-0.024492943659424782,0.2701262831687927,0.7944450974464417,-0.0432104617357254,0.2591339647769928,0.832036018371582,-0.04933478683233261,0.2528088092803955,0.8529481887817383,-0.051294270902872086,0.250593364238739,0.7288638353347778,-0.025517340749502182,0.24204111099243164,0.7936831116676331,-0.041169408708810806,0.23605351150035858,0.8261899948120117,-0.03952540457248688,0.23269185423851013,0.8441736698150635,-0.035073768347501755,0.22440744936466217,0.7437372803688049,-0.028637582436203957,0.21923470497131348,0.7851304411888123,-0.03710150718688965,0.21928152441978455,0.8125197291374207,-0.03371381759643555,0.22017987072467804,0.8258222937583923,-0.027804333716630936,YES
0.2535909116268158,0.8675091862678528,-9.647460785799922e-08,0.28901538252830505,0.8691098093986511,-0.023928610607981682,0.31408166885375977,0.8627732992172241,-0.04008329287171364,0.3049851655960083,0.8619883060455322,-0.05262947455048561,0.27884596586227417,0.8637044429779053,-0.06448723375797272,0.3054672181606293,0.7523984313011169,-0.03431377187371254,0.29633447527885437,0.8303991556167603,-0.05568670108914375,0.29057928919792175,0.8485448956489563,-0.07218244671821594,0.28962406516075134,0.8381301164627075,-0.08352266997098923,0.2706654667854309,0.7456576228141785,-0.03198970481753349,0.2647770643234253,0.8316342234611511,-0.0474436953663826,0.26280221343040466,0.8538513779640198,-0.05301651358604431,0.26013800501823425,0.84897381067276,-0.057976171374320984,0.2382933497428894,0.7546815872192383,-0.0315469354391098,0.23525305092334747,0.8309290409088135,-0.04499997943639755,0.23783737421035767,0.8484585881233215,-0.042996153235435486,0.23870494961738586,0.8379433751106262,-0.04136963188648224,0.210784450173378,0.7722843289375305,-0.03378735110163689,0.212362602353096,0.8212825655937195,-0.04240705445408821,0.21898475289344788,0.841805100440979,-0.039655037224292755,0.22400985658168793,0.8390638828277588,-0.03660150617361069,YES
0.25097793340682983,0.8665649890899658,-1.5354548565937876e-07,0.2882307469844818,0.8676913976669312,-0.021705690771341324,0.31542909145355225,0.8613518476486206,-0.03665195778012276,0.306120365858078,0.8610929250717163,-0.048408910632133484,0.28086698055267334,0.8636795878410339,-0.05893237888813019,0.3069290816783905,0.7537815570831299,-0.030607715249061584,0.29633021354675293,0.8291688561439514,-0.05160960927605629,0.28929761052131653,0.8502225279808044,-0.06664794683456421,0.28704702854156494,0.8405378460884094,-0.07651755213737488,0.2721749544143677,0.7449530959129333,-0.028626026585698128,0.2647506296634674,0.830977201461792,-0.04483877867460251,0.2619205117225647,0.8533720970153809,-0.04940611124038696,0.25926709175109863,0.8474516868591309,-0.052955206483602524,0.24008449912071228,0.7514327168464661,-0.02855929732322693,0.23484742641448975,0.8260493874549866,-0.04224970564246178,0.23564426600933075,0.8441425561904907,-0.038881756365299225,0.23501721024513245,0.8345457315444946,-0.035869259387254715,0.2124681919813156,0.7664808630943298,-0.03106439672410488,0.21011674404144287,0.8135116100311279,-0.03979673981666565,0.2146482765674591,0.8329064249992371,-0.03664609044790268,0.2178540974855423,0.8285998106002808,-0.03275534510612488,YES
0.25082501769065857,0.8823521137237549,-9.947029155910059e-08,0.2859005033969879,0.88479083776474,-0.02550268918275833,0.3139016032218933,0.8756016492843628,-0.0423443429172039,0.30248716473579407,0.8736464381217957,-0.055144958198070526,0.2748498022556305,0.8750334978103638,-0.06607868522405624,0.30337801575660706,0.760194718837738,-0.03414240851998329,0.29281383752822876,0.8370757102966309,-0.05726658180356026,0.28938111662864685,0.8577704429626465,-0.07382529228925705,0.29079771041870117,0.8440564870834351,-0.08539767563343048,0.26658493280410767,0.7522637248039246,-0.03191803768277168,0.2612212002277374,0.8420200943946838,-0.049900636076927185,0.263089656829834,0.8618901371955872,-0.056214168667793274,0.2630394697189331,0.8435711860656738,-0.06168440356850624,0.23393261432647705,0.7615965008735657,-0.03204533830285072,0.2307996302843094,0.8433606028556824,-0.04725417494773865,0.23627963662147522,0.8592565655708313,-0.044738296419382095,0.23760277032852173,0.8375180959701538,-0.04321850463747978,0.20660816133022308,0.779010534286499,-0.03517047315835953,0.2065196931362152,0.8333117961883545,-0.046310633420944214,0.21360573172569275,0.8506300449371338,-0.04502077028155327,0.21792954206466675,0.8377361297607422,-0.04309164732694626,YES
0.2511618137359619,0.8794215321540833,-1.4221848232409684e-07,0.287141352891922,0.8816922307014465,-0.02142460271716118,0.31366512179374695,0.8749104738235474,-0.03666656091809273,0.30333787202835083,0.8765754103660583,-0.04883808270096779,0.27614203095436096,0.8811461329460144,-0.059019383043050766,0.30381152033805847,0.7604653239250183,-0.02857215888798237,0.29368579387664795,0.8357475996017456,-0.05104648321866989,0.2892239987850189,0.8591204285621643,-0.06621541827917099,0.2892298102378845,0.8464887738227844,-0.0762019157409668,0.2678942382335663,0.751998782157898,-0.027835382148623466,0.2616528570652008,0.8406563401222229,-0.04561890289187431,0.26327773928642273,0.8636884689331055,-0.05060418322682381,0.2642049491405487,0.8479001522064209,-0.054227154701948166,0.23577988147735596,0.7604270577430725,-0.02938557229936123,0.23144309222698212,0.8409277200698853,-0.0444817841053009,0.23634599149227142,0.8584241271018982,-0.0408557653427124,0.2371196448802948,0.8387965559959412,-0.03782372176647186,0.2089729905128479,0.7771223783493042,-0.03360047936439514,0.20648618042469025,0.8300333023071289,-0.04405337944626808,0.21277816593647003,0.8474274277687073,-0.04169305041432381,0.21622776985168457,0.8350668549537659,-0.03839303180575371,YES
0.25202691555023193,0.8642909526824951,1.9773821691160265e-08,0.29012182354927063,0.8748540282249451,-0.027386600151658058,0.30992135405540466,0.8745909333229065,-0.04656397923827171,0.278764545917511,0.8892504572868347,-0.06097068637609482,0.24242544174194336,0.8994871973991394,-0.07419908046722412,0.2997037470340729,0.7658767104148865,-0.042628757655620575,0.2887411117553711,0.8535043597221375,-0.06735412031412125,0.28546252846717834,0.8614622354507446,-0.08597704023122787,0.2867404520511627,0.8411891460418701,-0.09937369078397751,0.2620358467102051,0.7563334107398987,-0.039032090455293655,0.2570756673812866,0.8610919713973999,-0.05625974386930466,0.2613232731819153,0.8595479130744934,-0.06251850724220276,0.26226094365119934,0.8312724828720093,-0.06922569870948792,0.2291494458913803,0.765091598033905,-0.03737550228834152,0.22575388848781586,0.8585318326950073,-0.049646176397800446,0.23356813192367554,0.8546863198280334,-0.044468171894550323,0.2352842539548874,0.8239856362342834,-0.04189977049827576,0.20202669501304626,0.783042311668396,-0.03937147185206413,0.20301446318626404,0.8452544212341309,-0.049530938267707825,0.21273012459278107,0.8448044061660767,-0.047687169164419174,0.21718621253967285,0.8188834190368652,-0.0455477312207222,YES
0.2521580159664154,0.8602057695388794,-2.2570981528247103e-08,0.28834548592567444,0.8718045353889465,-0.024491267278790474,0.30989399552345276,0.876866340637207,-0.04376542940735817,0.28175246715545654,0.8943363428115845,-0.05906462296843529,0.24689696729183197,0.9053041934967041,-0.07296953350305557,0.3015195429325104,0.7666274905204773,-0.04028824716806412,0.29004204273223877,0.8530855178833008,-0.06429505348205566,0.28721773624420166,0.8648342490196228,-0.08266928791999817,0.28881603479385376,0.845899224281311,-0.0960058718919754,0.2631909251213074,0.7560641765594482,-0.038500621914863586,0.25898754596710205,0.8624658584594727,-0.05532585084438324,0.26269444823265076,0.8654628396034241,-0.06203928217291832,0.2636044919490814,0.8372700810432434,-0.06929466873407364,0.23053374886512756,0.7636232376098633,-0.038391243666410446,0.22776219248771667,0.8605847358703613,-0.049780528992414474,0.23358547687530518,0.8608854413032532,-0.04471465200185776,0.2330920249223709,0.8313716650009155,-0.04278818890452385,0.20314177870750427,0.7802934646606445,-0.041742872446775436,0.20297537744045258,0.8441283702850342,-0.05055111274123192,0.21149417757987976,0.846320390701294,-0.04816511273384094,0.21530777215957642,0.8219041228294373,-0.04612847790122032,YES
0.2500982880592346,0.8597557544708252,2.5447983276194464e-08,0.2875821590423584,0.8703034520149231,-0.02460184134542942,0.30757489800453186,0.8730180263519287,-0.04293879121541977,0.2790718674659729,0.8935787677764893,-0.05716894194483757,0.24484285712242126,0.9055675864219666,-0.07004241645336151,0.2986694574356079,0.7650765776634216,-0.03896155208349228,0.288063645362854,0.8517944812774658,-0.061917975544929504,0.28597626090049744,0.8592295050621033,-0.07926581054925919,0.28864261507987976,0.8376731276512146,-0.09211812168359756,0.26099738478660583,0.7562506198883057,-0.036598093807697296,0.2575131356716156,0.8621874451637268,-0.052303314208984375,0.26150381565093994,0.8607302308082581,-0.057944394648075104,0.26260775327682495,0.828976571559906,-0.06448814272880554,0.2281292974948883,0.7654601335525513,-0.03604789078235626,0.22649076581001282,0.8614221811294556,-0.04719046130776405,0.2336481511592865,0.858099639415741,-0.041773539036512375,0.2344125658273697,0.8252140879631042,-0.03948936611413956,0.20080295205116272,0.7832164168357849,-0.03893626108765602,0.201774463057518,0.8477997779846191,-0.0487709604203701,0.21053308248519897,0.8479315042495728,-0.04707435145974159,0.21438941359519958,0.8209846615791321,-0.04528510197997093,YES
0.2485235035419464,0.8587419986724854,-7.084442810167957e-09,0.2857420742511749,0.869560182094574,-0.02533821389079094,0.30727362632751465,0.8741096258163452,-0.044252485036849976,0.2892485558986664,0.8920202255249023,-0.05907944589853287,0.2609044015407562,0.8981425762176514,-0.0722203180193901,0.3002476394176483,0.7653237581253052,-0.04068829491734505,0.2898091971874237,0.8506728410720825,-0.06424851715564728,0.2873336672782898,0.8585620522499084,-0.08148150891065598,0.28898200392723083,0.837106466293335,-0.09420730918645859,0.26285505294799805,0.7560413479804993,-0.0381387360394001,0.25786060094833374,0.8611619472503662,-0.05568606033921242,0.2611581087112427,0.8608632683753967,-0.06126699969172478,0.2616245746612549,0.8297557234764099,-0.06740862876176834,0.22998489439487457,0.764674961566925,-0.03752680867910385,0.22624652087688446,0.8594354391098022,-0.050288889557123184,0.23205342888832092,0.8581457138061523,-0.04467069357633591,0.2326750010251999,0.8271904587745667,-0.04198451340198517,0.2028643935918808,0.7815006375312805,-0.04041353613138199,0.20091630518436432,0.8448048830032349,-0.05180151015520096,0.2084653526544571,0.8455725312232971,-0.05099344253540039,0.2125590294599533,0.8196298480033875,-0.04960787668824196,YES
0.25275883078575134,0.8542724251747131,5.043383310976424e-08,0.2872021198272705,0.8682624101638794,-0.026829484850168228,0.3062971234321594,0.8745339512825012,-0.04721745476126671,0.2778351902961731,0.8931610584259033,-0.06309400498867035,0.24298836290836334,0.9022930264472961,-0.07774029672145844,0.29816436767578125,0.7646401524543762,-0.04518154263496399,0.28686991333961487,0.8515179753303528,-0.0702943280339241,0.2860676348209381,0.8590742945671082,-0.08896317332983017,0.2889087200164795,0.839051365852356,-0.10242833197116852,0.2594050168991089,0.7554992437362671,-0.04231039807200432,0.2560388445854187,0.8619470000267029,-0.05903840810060501,0.26215502619743347,0.8596860766410828,-0.0646115317940712,0.26415738463401794,0.8291201591491699,-0.07137998938560486,0.2258453518152237,0.7649321556091309,-0.0412752628326416,0.22439639270305634,0.8606707453727722,-0.0529000461101532,0.23338641226291656,0.855618953704834,-0.04675454646348953,0.23531189560890198,0.8235235810279846,-0.04406218230724335,0.1982385516166687,0.7832630276679993,-0.043897394090890884,0.19991058111190796,0.8465386629104614,-0.05403933301568031,0.2110339254140854,0.844099760055542,-0.05206228420138359,0.21696801483631134,0.8167245388031006,-0.05011008307337761,YES
0.2535780668258667,0.8488237857818604,3.513940427524176e-08,0.28940197825431824,0.8631588816642761,-0.02766970731317997,0.30833113193511963,0.8714223504066467,-0.04872717708349228,0.28233516216278076,0.8941633105278015,-0.06498878449201584,0.24916432797908783,0.9051365256309509,-0.07953814417123795,0.29856982827186584,0.7636621594429016,-0.04781145229935646,0.2881511449813843,0.8519880771636963,-0.07514229416847229,0.28761807084083557,0.8595199584960938,-0.0947062075138092,0.2898872494697571,0.8378283381462097,-0.1086135283112526,0.2596516013145447,0.7541844248771667,-0.0448288731276989,0.25689151883125305,0.8613186478614807,-0.0641138032078743,0.26283058524131775,0.8588095307350159,-0.06980850547552109,0.26449689269065857,0.826991856098175,-0.07629528641700745,0.2264339178800583,0.7635827660560608,-0.043871257454156876,0.22525404393672943,0.8611598014831543,-0.0572989396750927,0.2333407998085022,0.8563885688781738,-0.0507565513253212,0.23413090407848358,0.8243423700332642,-0.04771753028035164,0.19927099347114563,0.7822506427764893,-0.046698227524757385,0.20028471946716309,0.8474694490432739,-0.05853293836116791,0.21027034521102905,0.8449147343635559,-0.05741649866104126,0.21481235325336456,0.8170070648193359,-0.05602708458900452,YES
0.25310835242271423,0.8524864315986633,2.5671484493727803e-08,0.28823497891426086,0.8677994012832642,-0.027521885931491852,0.3089936375617981,0.874947190284729,-0.04828798770904541,0.2802712321281433,0.8964724540710449,-0.06410200148820877,0.24488304555416107,0.906415581703186,-0.07836548984050751,0.2982676923274994,0.7661593556404114,-0.047495998442173004,0.287923127412796,0.8521891236305237,-0.07330825924873352,0.28730443120002747,0.8587538003921509,-0.09203483909368515,0.28904950618743896,0.8371618390083313,-0.10557015240192413,0.2592194378376007,0.7550363540649414,-0.04425586014986038,0.25687122344970703,0.8616753220558167,-0.062004562467336655,0.26172709465026855,0.8601551651954651,-0.06780227273702621,0.26244649291038513,0.8296128511428833,-0.07461851835250854,0.22649051249027252,0.7630376219749451,-0.04277609661221504,0.22559216618537903,0.8609063029289246,-0.05505053326487541,0.23216760158538818,0.8566689491271973,-0.04882209375500679,0.2317044734954834,0.8245810866355896,-0.046295419335365295,0.1994863748550415,0.7802222967147827,-0.04501873254776001,0.20110219717025757,0.8462358117103577,-0.05610286071896553,0.21028578281402588,0.845391035079956,-0.05474310740828514,0.21433494985103607,0.8183919787406921,-0.053298838436603546,YES
0.25343602895736694,0.8513577580451965,2.3174482777221783e-08,0.28872019052505493,0.866828203201294,-0.0270231943577528,0.30983954668045044,0.8745437860488892,-0.04735316336154938,0.2822788953781128,0.8957599401473999,-0.06278985738754272,0.2476360946893692,0.9042826890945435,-0.07668325304985046,0.2977582812309265,0.7657721638679504,-0.04710106924176216,0.2873036861419678,0.8514098525047302,-0.07252543419599533,0.287118524312973,0.8574651479721069,-0.09079527109861374,0.2893594801425934,0.8365553617477417,-0.10381355881690979,0.2593296468257904,0.7550155520439148,-0.04380005970597267,0.2568042278289795,0.8614635467529297,-0.06107837334275246,0.26215144991874695,0.8595798015594482,-0.06640717387199402,0.26354989409446716,0.8303656578063965,-0.07277791947126389,0.2270112931728363,0.7632060647010803,-0.04224882274866104,0.225758358836174,0.8602432608604431,-0.054336171597242355,0.23252733051776886,0.8561282753944397,-0.04791555926203728,0.23263759911060333,0.8253381252288818,-0.04504592344164848,0.20027050375938416,0.7804477214813232,-0.044358789920806885,0.20086310803890228,0.8450400233268738,-0.05547410249710083,0.2095308005809784,0.8441895246505737,-0.053997546434402466,0.21351715922355652,0.8181682229042053,-0.052262332290410995,YES
0.25391507148742676,0.8504001498222351,3.2214074963121675e-08,0.2887704074382782,0.8668586015701294,-0.029180429875850677,0.30818894505500793,0.8755854368209839,-0.05096570774912834,0.27533647418022156,0.8962869048118591,-0.06747846305370331,0.23710258305072784,0.903932511806488,-0.08236639946699142,0.29679596424102783,0.7679115533828735,-0.05004184693098068,0.2876046299934387,0.85396808385849,-0.07628287374973297,0.28599488735198975,0.8604013323783875,-0.09468726813793182,0.28709590435028076,0.838618278503418,-0.10790271311998367,0.2580685615539551,0.7559860944747925,-0.046176422387361526,0.25566917657852173,0.8636119961738586,-0.06474051624536514,0.2597634792327881,0.8623453974723816,-0.07069160789251328,0.2597188353538513,0.8329786062240601,-0.07743906229734421,0.22557573020458221,0.7632068395614624,-0.04411383718252182,0.2238755077123642,0.8612607717514038,-0.05758391693234444,0.23095309734344482,0.8578343391418457,-0.05148329213261604,0.2312958836555481,0.8273388147354126,-0.04866286367177963,0.1984502673149109,0.7795814871788025,-0.04581506922841072,0.19924186170101166,0.8447115421295166,-0.057562630623579025,0.20830018818378448,0.8448697924613953,-0.05602404847741127,0.2128174751996994,0.8199141621589661,-0.05415838211774826,YES
0.25347983837127686,0.8493698835372925,2.908772955834138e-08,0.28750523924827576,0.8668946027755737,-0.028818555176258087,0.30677491426467896,0.8775306344032288,-0.05060368403792381,0.2746427059173584,0.898642897605896,-0.06720083206892014,0.23741763830184937,0.9045392870903015,-0.08209027349948883,0.2978232502937317,0.7697384357452393,-0.049694716930389404,0.289514422416687,0.8539210557937622,-0.07560403645038605,0.2875860333442688,0.8584007024765015,-0.09411809593439102,0.2880938947200775,0.8359187841415405,-0.10769058763980865,0.2594100832939148,0.7562882304191589,-0.04592355713248253,0.25718238949775696,0.8629922270774841,-0.0640118196606636,0.2606060802936554,0.8603136539459229,-0.07007051259279251,0.2607041895389557,0.8307843208312988,-0.07716306298971176,0.22725166380405426,0.7630378007888794,-0.04391077905893326,0.2252916842699051,0.8610748052597046,-0.05687857046723366,0.23047955334186554,0.8559293746948242,-0.050922784954309464,0.22969606518745422,0.825062096118927,-0.04856031760573387,0.19999819993972778,0.7793487906455994,-0.04567988961935043,0.19997799396514893,0.8452692031860352,-0.05770110338926315,0.20791767537593842,0.8437324166297913,-0.056920576840639114,0.21164079010486603,0.8178615570068359,-0.055741727352142334,YES
0.25242775678634644,0.8508133888244629,3.301141404676855e-08,0.28560876846313477,0.8661280870437622,-0.02863142266869545,0.3045313060283661,0.8780311346054077,-0.050372906029224396,0.28093385696411133,0.8987206220626831,-0.067188560962677,0.24934367835521698,0.903671383857727,-0.08227654546499252,0.29585203528404236,0.7656299471855164,-0.04898323118686676,0.28813791275024414,0.8498877882957458,-0.07471749931573868,0.28570857644081116,0.8553261160850525,-0.09231281280517578,0.2854832112789154,0.8335704803466797,-0.1049770787358284,0.25842511653900146,0.7553669810295105,-0.04526808112859726,0.25475552678108215,0.8602689504623413,-0.06451565027236938,0.25818172097206116,0.8589974641799927,-0.06945287436246872,0.25815293192863464,0.8309938311576843,-0.07495584338903427,0.22628764808177948,0.7644389271736145,-0.043501116335392,0.22277367115020752,0.8591383695602417,-0.05848585441708565,0.2296295464038849,0.8554872274398804,-0.052216093987226486,0.23018085956573486,0.8264424204826355,-0.048579372465610504,0.20017211139202118,0.7824536561965942,-0.045364949852228165,0.19778203964233398,0.84427410364151,-0.05930257961153984,0.20667661726474762,0.8423488140106201,-0.05904867500066757,0.21180391311645508,0.816450297832489,-0.057443439960479736,YES
0.25326523184776306,0.8511354327201843,7.897733667050488e-08,0.28477317094802856,0.8659751415252686,-0.02936624549329281,0.30366629362106323,0.8796285390853882,-0.05228535458445549,0.27986058592796326,0.9019529819488525,-0.07022201269865036,0.24884554743766785,0.9080942869186401,-0.08670026063919067,0.2954295873641968,0.7657527327537537,-0.051143720746040344,0.2905564308166504,0.8472968339920044,-0.07764904201030731,0.2893640995025635,0.8479688763618469,-0.09617577493190765,0.28926172852516174,0.8247727155685425,-0.10967448353767395,0.25802749395370483,0.7543658018112183,-0.0474470891058445,0.2550777494907379,0.8595264554023743,-0.0672256276011467,0.2589101791381836,0.8564425706863403,-0.07265077531337738,0.25928816199302673,0.8277472257614136,-0.0785929337143898,0.22597667574882507,0.7629160284996033,-0.04562037065625191,0.22236640751361847,0.8599177598953247,-0.06090373918414116,0.2294754832983017,0.8541714549064636,-0.0545741468667984,0.23060378432273865,0.8234018683433533,-0.0510687492787838,0.2000938355922699,0.7805973291397095,-0.04757547378540039,0.19731423258781433,0.8454583883285522,-0.06205637753009796,0.2064323127269745,0.8430946469306946,-0.06203528866171837,0.21212929487228394,0.8164929151535034,-0.06061897799372673,YES
0.2489621490240097,0.8589023351669312,2.4542957888229466e-08,0.28115275502204895,0.8737916350364685,-0.02974366769194603,0.30076250433921814,0.8841681480407715,-0.05233461409807205,0.27341577410697937,0.9003637433052063,-0.06949085742235184,0.2384808212518692,0.9035059213638306,-0.08430849015712738,0.2968461215496063,0.7674049735069275,-0.04933102801442146,0.2884097397327423,0.8532653450965881,-0.07673420011997223,0.2846037447452545,0.8608388900756836,-0.09574246406555176,0.28336241841316223,0.8376097679138184,-0.1095845028758049,0.25857195258140564,0.7554784417152405,-0.04581937566399574,0.2544763684272766,0.861091673374176,-0.0662941187620163,0.25817039608955383,0.8605830669403076,-0.07232248038053513,0.2584693431854248,0.8294761180877686,-0.07882023602724075,0.22599437832832336,0.7630681991577148,-0.04445334151387215,0.2218538075685501,0.8591684699058533,-0.05979305878281593,0.22894501686096191,0.8573852181434631,-0.053382180631160736,0.22984004020690918,0.8275293707847595,-0.05018652603030205,0.198829784989357,0.7801747918128967,-0.046891167759895325,0.19654899835586548,0.8438510894775391,-0.06072603911161423,0.20560814440250397,0.8438925743103027,-0.06018740311264992,0.21127021312713623,0.8180091977119446,-0.058622874319553375,YES
0.2499089390039444,0.8551574945449829,3.9183646549645346e-08,0.28110674023628235,0.8711546063423157,-0.027981393039226532,0.2995951771736145,0.8819567561149597,-0.04964796081185341,0.2709537446498871,0.9010635018348694,-0.0664438009262085,0.23623912036418915,0.9058399200439453,-0.08137106895446777,0.29768139123916626,0.7691354751586914,-0.047326866537332535,0.2863906919956207,0.852066695690155,-0.07391369342803955,0.28387460112571716,0.8571342825889587,-0.09272804856300354,0.2851406931877136,0.8337755799293518,-0.10639392584562302,0.2587410509586334,0.7550878524780273,-0.04447294771671295,0.25390851497650146,0.8628019094467163,-0.0636124312877655,0.2581927478313446,0.864037811756134,-0.06954651325941086,0.25949984788894653,0.8329270482063293,-0.07603628188371658,0.22538916766643524,0.7612076997756958,-0.043569181114435196,0.22205762565135956,0.8599424362182617,-0.05732234939932823,0.22883644700050354,0.8584302663803101,-0.05063815042376518,0.2301459163427353,0.8269084692001343,-0.04739413782954216,0.1973307877779007,0.777215838432312,-0.04645169898867607,0.1964801400899887,0.8440446853637695,-0.05871721729636192,0.20627214014530182,0.8465001583099365,-0.05717802420258522,0.21304072439670563,0.8222856521606445,-0.055048868060112,YES
0.25074902176856995,0.8567278981208801,4.130714970074223e-08,0.28354570269584656,0.8710753321647644,-0.02895139716565609,0.300894558429718,0.8795220851898193,-0.050565455108881,0.27084529399871826,0.9010008573532104,-0.06724696606397629,0.23670858144760132,0.9097583889961243,-0.08229269087314606,0.29574286937713623,0.7698792219161987,-0.04728396236896515,0.28528276085853577,0.853490948677063,-0.0731344074010849,0.28365275263786316,0.8603281378746033,-0.09154125303030014,0.28543660044670105,0.8386440873146057,-0.10502288490533829,0.2575787305831909,0.7582145929336548,-0.04390449821949005,0.25281503796577454,0.8620235919952393,-0.06287194788455963,0.2575400173664093,0.8644979596138,-0.06897617876529694,0.2585980296134949,0.8346667289733887,-0.0756801888346672,0.22515875101089478,0.7658202648162842,-0.042574167251586914,0.22143396735191345,0.8612285852432251,-0.05647950619459152,0.22889085114002228,0.8615670800209045,-0.05081524699926376,0.23007169365882874,0.831669270992279,-0.04830818623304367,0.19816911220550537,0.7827308773994446,-0.04502211511135101,0.195543110370636,0.8450145125389099,-0.05689220502972603,0.20570184290409088,0.8485342264175415,-0.0556718073785305,0.21264253556728363,0.8263357877731323,-0.0541980043053627,YES
0.25324758887290955,0.8552560806274414,6.641679561880665e-08,0.2851862907409668,0.8690468072891235,-0.030152568593621254,0.3016390800476074,0.8794721961021423,-0.05260756239295006,0.27252960205078125,0.9016361236572266,-0.06966298818588257,0.23901435732841492,0.9093841314315796,-0.08498033136129379,0.29425209760665894,0.7690728306770325,-0.050537362694740295,0.2862224578857422,0.8531023859977722,-0.07712449133396149,0.28528955578804016,0.8567873239517212,-0.09578850865364075,0.28622087836265564,0.8341894149780273,-0.10929925739765167,0.2568974792957306,0.7581030130386353,-0.04629448801279068,0.2528384029865265,0.8609418272972107,-0.06534098833799362,0.25718915462493896,0.8591672778129578,-0.0707794800400734,0.25763139128685,0.8292099833488464,-0.0770159438252449,0.2251998782157898,0.7664499282836914,-0.044094495475292206,0.2213142216205597,0.8602318167686462,-0.058467429131269455,0.22851911187171936,0.8558214902877808,-0.05224628001451492,0.229326993227005,0.8251451849937439,-0.049159545451402664,0.19930216670036316,0.7843159437179565,-0.04574056714773178,0.19585305452346802,0.8444827198982239,-0.05921740084886551,0.2056187242269516,0.8431654572486877,-0.05866757035255432,0.21216139197349548,0.8183949589729309,-0.057197295129299164,YES
0.24433641135692596,0.8609317541122437,5.604935893188667e-08,0.2786681652069092,0.8737571835517883,-0.02842327021062374,0.3002868890762329,0.8832789063453674,-0.050250183790922165,0.27485013008117676,0.9012510776519775,-0.06684558093547821,0.24246397614479065,0.9081010818481445,-0.08169056475162506,0.293035626411438,0.7723724842071533,-0.04850587621331215,0.2870214581489563,0.8548144102096558,-0.07398717850446701,0.284296452999115,0.8570912480354309,-0.09208083152770996,0.2824167311191559,0.8347593545913696,-0.1054333820939064,0.2557590901851654,0.760502278804779,-0.04505312815308571,0.25325965881347656,0.8625457286834717,-0.06344590336084366,0.2564142048358917,0.8585643768310547,-0.06910531967878342,0.25610700249671936,0.8305090665817261,-0.07541342079639435,0.22360792756080627,0.7680519819259644,-0.04339699447154999,0.22083809971809387,0.8626564145088196,-0.05723058432340622,0.2275312840938568,0.8567143082618713,-0.05108358711004257,0.22830146551132202,0.8267333507537842,-0.04814674332737923,0.19682377576828003,0.7853054404258728,-0.04546338692307472,0.19530227780342102,0.8481705784797668,-0.05869840085506439,0.20395809412002563,0.8478004336357117,-0.05801845341920853,0.20924879610538483,0.8238791823387146,-0.05637120455503464,YES
0.24534763395786285,0.8611708879470825,8.303326026748437e-09,0.27746790647506714,0.8771728277206421,-0.027197616174817085,0.29673096537590027,0.8873302936553955,-0.048810672014951706,0.27574071288108826,0.9024303555488586,-0.06589817255735397,0.2440136969089508,0.9036269187927246,-0.08092235773801804,0.29495131969451904,0.7719077467918396,-0.045632924884557724,0.2817205786705017,0.857151985168457,-0.07254236936569214,0.2797701060771942,0.8664469122886658,-0.09131622314453125,0.2820506691932678,0.8466346263885498,-0.10437925159931183,0.2569845914840698,0.7592458724975586,-0.043110281229019165,0.2503467798233032,0.8653147220611572,-0.06277506798505783,0.2561298608779907,0.8667662143707275,-0.06843717396259308,0.25890591740608215,0.8381367325782776,-0.07421273738145828,0.22369171679019928,0.7655981779098511,-0.042701225727796555,0.21949531137943268,0.8626318573951721,-0.056967366486787796,0.2273443639278412,0.8619866371154785,-0.05016488954424858,0.22969135642051697,0.832451581954956,-0.04623200744390488,0.1956617534160614,0.7818057537078857,-0.04601883888244629,0.19407765567302704,0.846549391746521,-0.05835201218724251,0.20292681455612183,0.8483389019966125,-0.056680697947740555,0.2086900919675827,0.8237873911857605,-0.05410609766840935,YES
0.24357765913009644,0.8737073540687561,1.3100700080315164e-08,0.2778472602367401,0.8858211636543274,-0.029154866933822632,0.29903820157051086,0.8913560509681702,-0.05066661536693573,0.2758738100528717,0.9007071852684021,-0.06732115894556046,0.2432178258895874,0.901005744934082,-0.08214413374662399,0.2946705222129822,0.7735275030136108,-0.04664931073784828,0.28447437286376953,0.8557387590408325,-0.07347028702497482,0.282127320766449,0.8651955127716064,-0.09254090487957001,0.2826170325279236,0.8460843563079834,-0.10592708736658096,0.2564874291419983,0.7621173858642578,-0.04315211996436119,0.25130900740623474,0.8632587194442749,-0.0629313662648201,0.2564142942428589,0.8660756349563599,-0.0692303329706192,0.25753921270370483,0.8400094509124756,-0.0756564512848854,0.2227805107831955,0.7699901461601257,-0.041944947093725204,0.2180604636669159,0.8620169162750244,-0.057393234223127365,0.22547180950641632,0.8639084696769714,-0.05214765667915344,0.22715923190116882,0.8384974598884583,-0.04923944175243378,0.19479553401470184,0.7876678109169006,-0.044461436569690704,0.19180041551589966,0.8459651470184326,-0.05764740705490112,0.20097662508487701,0.8507672548294067,-0.056731849908828735,0.20706412196159363,0.8323956727981567,-0.05477048456668854,YES
0.24392712116241455,0.8758544325828552,-1.1780145747763981e-08,0.2771162688732147,0.8877128958702087,-0.02846982143819332,0.29790055751800537,0.8923772573471069,-0.05009368062019348,0.2756352722644806,0.8997210264205933,-0.06687327474355698,0.24284984171390533,0.897757887840271,-0.08145402371883392,0.2944272458553314,0.7719458341598511,-0.04499772936105728,0.2815588116645813,0.8571864366531372,-0.07191898673772812,0.28000587224960327,0.8706697225570679,-0.09054578095674515,0.28184226155281067,0.8530600666999817,-0.10331757366657257,0.2557712495326996,0.7609921097755432,-0.04199792817234993,0.25042375922203064,0.8633334040641785,-0.06176341325044632,0.255924791097641,0.8684611320495605,-0.06775223463773727,0.2576524317264557,0.8420565724372864,-0.07373093068599701,0.2217198759317398,0.7689688205718994,-0.041350580751895905,0.21827411651611328,0.861636757850647,-0.05649749934673309,0.22582833468914032,0.8642632961273193,-0.05092322453856468,0.22747401893138885,0.8370398283004761,-0.04780442267656326,0.19324195384979248,0.7872002124786377,-0.04438040405511856,0.1919621378183365,0.8469293713569641,-0.05697242543101311,0.20104853808879852,0.8512604236602783,-0.055518630892038345,0.2065163552761078,0.8297260999679565,-0.05317463353276253,YES
0.24057534337043762,0.8986220359802246,-1.5531826136339077e-07,0.27542710304260254,0.8954973220825195,-0.021323690190911293,0.3020171523094177,0.8858903646469116,-0.03724716603755951,0.28733620047569275,0.8814621567726135,-0.05008016899228096,0.2611144781112671,0.8801412582397461,-0.06055283546447754,0.29329362511634827,0.7673010230064392,-0.028300469741225243,0.28353121876716614,0.8309264779090881,-0.05153682455420494,0.280348539352417,0.855981171131134,-0.06706143170595169,0.2815045714378357,0.8456581234931946,-0.07703294605016708,0.256208211183548,0.7590407133102417,-0.027578335255384445,0.2496056854724884,0.8442833423614502,-0.04607304185628891,0.25144827365875244,0.8718699812889099,-0.05098019912838936,0.2518884837627411,0.8593142628669739,-0.054141730070114136,0.22354745864868164,0.7681277990341187,-0.029311034828424454,0.219231978058815,0.8466221690177917,-0.04455777630209923,0.2230127602815628,0.8644577860832214,-0.04049510508775711,0.22311802208423615,0.8449667692184448,-0.037213314324617386,0.19561150670051575,0.7863345146179199,-0.03371117636561394,0.19379577040672302,0.8396822810173035,-0.04449122026562691,0.2010655701160431,0.8583500981330872,-0.04212642461061478,0.20547395944595337,0.8466647863388062,-0.03851795941591263,YES
0.24052798748016357,0.8982328176498413,-1.5690383747823944e-07,0.2768326699733734,0.8945797681808472,-0.02164814993739128,0.30280831456184387,0.8841968774795532,-0.037256255745887756,0.28546223044395447,0.8782071471214294,-0.05012127757072449,0.25792691111564636,0.8758851289749146,-0.06069384515285492,0.29078036546707153,0.7686352133750916,-0.028930343687534332,0.28449344635009766,0.8168308734893799,-0.052635300904512405,0.2810238003730774,0.8454610109329224,-0.06767098605632782,0.28043848276138306,0.8439592123031616,-0.07661309838294983,0.25472697615623474,0.7587634921073914,-0.02764476276934147,0.24717748165130615,0.840701699256897,-0.0466616228222847,0.249892920255661,0.871650218963623,-0.050998736172914505,0.2522546947002411,0.8657395243644714,-0.05298912525177002,0.2223387360572815,0.7678987383842468,-0.028948567807674408,0.21681717038154602,0.8463116884231567,-0.044362183660268784,0.22294069826602936,0.8651310205459595,-0.0398392528295517,0.22594791650772095,0.8506765961647034,-0.03557596355676651,0.1951008290052414,0.7863492965698242,-0.03300856053829193,0.19257809221744537,0.8385017514228821,-0.04369741678237915,0.20098179578781128,0.8578518033027649,-0.04060058668255806,0.2067367434501648,0.8496931791305542,-0.035881415009498596,YES
0.24328330159187317,0.8961920738220215,-1.9234612125273998e-07,0.2834874987602234,0.8896775245666504,-0.01933462731540203,0.309586763381958,0.8745092153549194,-0.03305656462907791,0.28697696328163147,0.8656898140907288,-0.043990086764097214,0.25271347165107727,0.8697890639305115,-0.053758405148983,0.2916943430900574,0.7560308575630188,-0.02428717538714409,0.2857949137687683,0.8252009153366089,-0.04574732482433319,0.27927103638648987,0.8560231924057007,-0.062329623848199844,0.2754482328891754,0.8545278906822205,-0.0727718397974968,0.255500853061676,0.7526754140853882,-0.0230074655264616,0.2523037791252136,0.8303483128547668,-0.0386616587638855,0.2501768171787262,0.8634491562843323,-0.045272622257471085,0.24738629162311554,0.8670156002044678,-0.04993527755141258,0.22364085912704468,0.765207052230835,-0.023628124967217445,0.22087165713310242,0.8319790363311768,-0.03674067556858063,0.22371752560138702,0.8567705750465393,-0.0355721041560173,0.22400633990764618,0.85434490442276,-0.034011367708444595,0.19677764177322388,0.7859750390052795,-0.02636716328561306,0.19556893408298492,0.8265570998191833,-0.03318480774760246,0.20181389153003693,0.8476697206497192,-0.029649585485458374,0.20503059029579163,0.8449851274490356,-0.025687921792268753,YES
0.2434755116701126,0.8982202410697937,-2.1331601374185993e-07,0.28192785382270813,0.8917756080627441,-0.020565588027238846,0.3078516125679016,0.8774116635322571,-0.03607536479830742,0.28213635087013245,0.8685715198516846,-0.04874834790825844,0.24715563654899597,0.8701514601707458,-0.060139358043670654,0.2944018840789795,0.7590047121047974,-0.02663346752524376,0.2883637547492981,0.8243451118469238,-0.04926896095275879,0.2808896005153656,0.8563967943191528,-0.06630151718854904,0.2770618498325348,0.8572424650192261,-0.07717382162809372,0.2565145194530487,0.7525137662887573,-0.02596605010330677,0.2528848648071289,0.8271963000297546,-0.04202903434634209,0.2505616545677185,0.8618544340133667,-0.0477241687476635,0.24947859346866608,0.8653144836425781,-0.05186387896537781,0.22359861433506012,0.7641449570655823,-0.02741711400449276,0.22078247368335724,0.830600917339325,-0.040538061410188675,0.223314106464386,0.8569667935371399,-0.03743114694952965,0.22434547543525696,0.8539609909057617,-0.034895338118076324,0.19580671191215515,0.7851742506027222,-0.03128284960985184,0.19502025842666626,0.8265754580497742,-0.0376894511282444,0.20149213075637817,0.8486492037773132,-0.03241543471813202,0.20471838116645813,0.8455576300621033,-0.027377527207136154,YES
0.24327342212200165,0.9027984738349915,-1.660644812773171e-07,0.27504482865333557,0.8975353837013245,-0.02228863351047039,0.3034695088863373,0.8825925588607788,-0.03851959481835365,0.2881923317909241,0.8655214905738831,-0.051606982946395874,0.25899651646614075,0.8561004400253296,-0.06226848438382149,0.29671710729599,0.7531896233558655,-0.022135810926556587,0.29049715399742126,0.797147810459137,-0.04380600526928902,0.2854348123073578,0.8267899751663208,-0.05802106112241745,0.2843044400215149,0.8260995745658875,-0.06656275689601898,0.26019278168678284,0.74631267786026,-0.02138267457485199,0.25805699825286865,0.7974932193756104,-0.037475649267435074,0.2551397681236267,0.8373926281929016,-0.04141690209507942,0.25349393486976624,0.8382476568222046,-0.043003056198358536,0.22701212763786316,0.7570908665657043,-0.023525672033429146,0.22479185461997986,0.8037213087081909,-0.039679426699876785,0.226385697722435,0.8378564119338989,-0.03576985374093056,0.22642701864242554,0.8360241651535034,-0.03136933594942093,0.19730663299560547,0.7778730988502502,-0.02794637531042099,0.196888267993927,0.8074533343315125,-0.03723887354135513,0.20395472645759583,0.8355782628059387,-0.03178650885820389,0.20856112241744995,0.8355962038040161,-0.025624550879001617,YES
0.24315334856510162,0.9043543338775635,-1.6290275084429595e-07,0.2740851938724518,0.8989589214324951,-0.021132146939635277,0.30148932337760925,0.8826085329055786,-0.03655027598142624,0.2827147841453552,0.8654605746269226,-0.04887552186846733,0.25192877650260925,0.8561496138572693,-0.05879230424761772,0.2959424555301666,0.7548379898071289,-0.02049817144870758,0.2912168800830841,0.7958987355232239,-0.04141026362776756,0.28602156043052673,0.8257766366004944,-0.05530118942260742,0.2844388782978058,0.8251767754554749,-0.06383763998746872,0.2596755623817444,0.7468842267990112,-0.02010844647884369,0.25834429264068604,0.7978735566139221,-0.035205431282520294,0.25575634837150574,0.8374699950218201,-0.039075881242752075,0.2541808784008026,0.8371586799621582,-0.040907736867666245,0.2264692485332489,0.7575116753578186,-0.022557154297828674,0.22532665729522705,0.8058713674545288,-0.037904441356658936,0.22689929604530334,0.8394660353660583,-0.034132327884435654,0.22632206976413727,0.8359606266021729,-0.03016902320086956,0.1966589093208313,0.7780813574790955,-0.02717495523393154,0.19735023379325867,0.8091860413551331,-0.03596995398402214,0.20460359752178192,0.8371385931968689,-0.03054906614124775,0.20913065969944,0.8363069295883179,-0.02464471384882927,YES
0.24712304770946503,0.9082712531089783,-1.2520358438905532e-07,0.2764383852481842,0.897418200969696,-0.018221845850348473,0.3045866787433624,0.8681835532188416,-0.02988307923078537,0.2898116409778595,0.8416892290115356,-0.04038858041167259,0.2603984475135803,0.8306576609611511,-0.04837934672832489,0.2952294647693634,0.7834693789482117,-0.013175391592085361,0.2968451678752899,0.7504995465278625,-0.036226969212293625,0.2929115891456604,0.7843244075775146,-0.048136156052351,0.2890739440917969,0.8123844861984253,-0.05200154706835747,0.2624087631702423,0.7784372568130493,-0.013423558324575424,0.2649809718132019,0.7440963983535767,-0.034349773079156876,0.2624136507511139,0.7979118227958679,-0.03729093074798584,0.26074931025505066,0.8227159380912781,-0.03346322849392891,0.23170685768127441,0.7836213111877441,-0.017232906073331833,0.23082324862480164,0.7593937516212463,-0.03657872974872589,0.23319604992866516,0.8069009780883789,-0.028966160491108894,0.2329723984003067,0.8264580965042114,-0.018538184463977814,0.2006681114435196,0.7983756065368652,-0.022532982751727104,0.2025465965270996,0.7831453084945679,-0.032272834330797195,0.20946624875068665,0.8147255182266235,-0.02278849110007286,0.2127780020236969,0.8269431591033936,-0.01237302552908659,YES
0.24790126085281372,0.9095280766487122,-1.0722126120299436e-07,0.27846354246139526,0.8961729407310486,-0.016923751682043076,0.30692383646965027,0.8643970489501953,-0.02802254445850849,0.28703123331069946,0.8391579985618591,-0.03853822499513626,0.2550608515739441,0.8302173614501953,-0.04710130766034126,0.29402172565460205,0.7859317660331726,-0.011654623784124851,0.2965618371963501,0.7463500499725342,-0.03475672006607056,0.2939193844795227,0.774114191532135,-0.04728277027606964,0.2897144556045532,0.8030089139938354,-0.05133922025561333,0.2612445056438446,0.7822868227958679,-0.012466219253838062,0.263962060213089,0.7425984740257263,-0.03336933255195618,0.2620846629142761,0.7939989566802979,-0.03749825805425644,0.2604157626628876,0.8212425708770752,-0.0344417542219162,0.2313658893108368,0.7880028486251831,-0.016692038625478745,0.22994586825370789,0.7573103904724121,-0.03649575635790825,0.2328566610813141,0.8033588528633118,-0.030248356983065605,0.23280403017997742,0.8248156309127808,-0.020470887422561646,0.20100916922092438,0.8025768995285034,-0.022167786955833435,0.2014208734035492,0.7819125652313232,-0.03242762014269829,0.2088930308818817,0.8125354647636414,-0.023346703499555588,0.21267808973789215,0.8269251585006714,-0.013122154399752617,YES
0.24547633528709412,0.9099041223526001,-6.030058585793086e-08,0.2805851399898529,0.8921722173690796,-0.01505405455827713,0.3109951615333557,0.8586023449897766,-0.025126522406935692,0.2967311143875122,0.8288835883140564,-0.03509309142827988,0.2660183608531952,0.8154408931732178,-0.044175613671541214,0.2963031828403473,0.7783722281455994,-0.006688809022307396,0.29812386631965637,0.7436246871948242,-0.027119101956486702,0.29594454169273376,0.7507127523422241,-0.04080814868211746,0.2933240830898285,0.7773677110671997,-0.04613597318530083,0.2645224332809448,0.772562563419342,-0.007211139425635338,0.26543480157852173,0.7405052781105042,-0.026711486279964447,0.2631933093070984,0.7817753553390503,-0.03352585807442665,0.26314598321914673,0.8146736025810242,-0.032375916838645935,0.23524226248264313,0.7778052687644958,-0.010719199664890766,0.23298580944538116,0.755842387676239,-0.027983518317341805,0.23527933657169342,0.7920317053794861,-0.024785490706562996,0.23729488253593445,0.8184543251991272,-0.01752350479364395,0.20552079379558563,0.7932227849960327,-0.015583106316626072,0.20465591549873352,0.7778366208076477,-0.02561096101999283,0.21084780991077423,0.8026623725891113,-0.019344810396432877,0.21554425358772278,0.819866955280304,-0.01093898806720972,YES
0.24433574080467224,0.9122631549835205,-6.963411891547366e-08,0.27959781885147095,0.8934087157249451,-0.015778327360749245,0.3094332218170166,0.8587010502815247,-0.025876561179757118,0.2955781817436218,0.8277961611747742,-0.03586379066109657,0.266226202249527,0.8135173320770264,-0.044883035123348236,0.2945127785205841,0.7836211919784546,-0.008007311262190342,0.297861784696579,0.7451316714286804,-0.028514625504612923,0.2961307466030121,0.7561293840408325,-0.04181837663054466,0.2923808693885803,0.78423011302948,-0.04683912545442581,0.2632879912853241,0.7785273194313049,-0.00871217343956232,0.26518771052360535,0.7377447485923767,-0.028834031894803047,0.2637217938899994,0.7793663740158081,-0.036107178777456284,0.2627338767051697,0.8146713376045227,-0.03521867096424103,0.23442523181438446,0.783941388130188,-0.012336541898548603,0.2322043627500534,0.7492160797119141,-0.031646355986595154,0.23504965007305145,0.7876725792884827,-0.029324444010853767,0.23621594905853271,0.818239152431488,-0.021991539746522903,0.2052227258682251,0.7988669872283936,-0.017108716070652008,0.20361068844795227,0.7727847099304199,-0.02946855127811432,0.21001364290714264,0.7987824082374573,-0.02375551126897335,0.21380437910556793,0.8209368586540222,-0.015290359035134315,YES
0.24480032920837402,0.9146671891212463,-3.4990165431736386e-08,0.27888473868370056,0.8909232020378113,-0.015037722885608673,0.30743667483329773,0.8537719249725342,-0.02481883391737938,0.29077252745628357,0.8218437433242798,-0.034426894038915634,0.25924938917160034,0.8074735403060913,-0.043064165860414505,0.2936461567878723,0.7705671787261963,-0.0035201399587094784,0.2976592779159546,0.7504033446311951,-0.01996617205440998,0.297429621219635,0.7540059685707092,-0.031987130641937256,0.2951251268386841,0.7689099907875061,-0.037859104573726654,0.26200711727142334,0.7638706564903259,-0.004360153805464506,0.26486074924468994,0.7448673248291016,-0.019099241122603416,0.2654329240322113,0.7855513095855713,-0.024722954258322716,0.2652352750301361,0.8081759214401245,-0.02454111911356449,0.23299206793308258,0.7712692022323608,-0.008020520210266113,0.23210227489471436,0.7593994140625,-0.023164719343185425,0.23701781034469604,0.7963187098503113,-0.019917119294404984,0.23810847103595734,0.8162415027618408,-0.013780621811747551,0.20348180830478668,0.7893553972244263,-0.013074970804154873,0.2041909098625183,0.7752277255058289,-0.021897166967391968,0.21103663742542267,0.7970849871635437,-0.015349161811172962,0.2138167917728424,0.8094498515129089,-0.007567535154521465,YES
0.24538516998291016,0.9115331172943115,2.1296260310776916e-09,0.27871397137641907,0.8902609944343567,-0.01631760224699974,0.3071405589580536,0.8541618585586548,-0.02692224830389023,0.29102909564971924,0.8217939138412476,-0.037253402173519135,0.25924935936927795,0.8079082369804382,-0.0466233566403389,0.2937344014644623,0.7738098502159119,-0.005403589922934771,0.2968471348285675,0.7469930648803711,-0.023675721138715744,0.29683804512023926,0.7467577457427979,-0.03660904988646507,0.29631131887435913,0.7636427879333496,-0.042389821261167526,0.26151347160339355,0.7673041820526123,-0.00574795575812459,0.2630639374256134,0.7402226328849792,-0.02318715862929821,0.2635096609592438,0.7792019248008728,-0.029778489843010902,0.2648714482784271,0.8058953285217285,-0.029020121321082115,0.2324390411376953,0.7734785676002502,-0.009035605005919933,0.23134595155715942,0.7598852515220642,-0.025266282260417938,0.2353355586528778,0.7952126860618591,-0.022084444761276245,0.2375483214855194,0.8169665336608887,-0.015098141506314278,0.20320580899715424,0.7902060747146606,-0.013872941955924034,0.20320098102092743,0.7745006680488586,-0.022129900753498077,0.2094009965658188,0.7951057553291321,-0.015251482836902142,0.21298885345458984,0.808626651763916,-0.006924349348992109,YES
0.2406597137451172,0.9135751724243164,-1.621641985138922e-07,0.27881690859794617,0.8904427289962769,-0.017598489299416542,0.3099495768547058,0.8490973114967346,-0.026559151709079742,0.2909334897994995,0.8161892890930176,-0.03382834047079086,0.25538700819015503,0.8068769574165344,-0.03811066597700119,0.29093554615974426,0.7537899017333984,-0.005181323271244764,0.29714903235435486,0.7538737058639526,-0.023784969002008438,0.29344528913497925,0.7912128567695618,-0.03576910123229027,0.28812849521636963,0.8052706718444824,-0.04185878112912178,0.258714884519577,0.7460473775863647,-0.005261685699224472,0.2630932331085205,0.7567635774612427,-0.019744528457522392,0.26474061608314514,0.8005450963973999,-0.02444562129676342,0.26293477416038513,0.8074142932891846,-0.024849673733115196,0.22915983200073242,0.7563542723655701,-0.008823519572615623,0.23257681727409363,0.7757474780082703,-0.025308754295110703,0.23916305601596832,0.8180518746376038,-0.021811924874782562,0.23909097909927368,0.8247228264808655,-0.016036968678236008,0.2008504569530487,0.7765408158302307,-0.014038805849850178,0.20695102214813232,0.7873681783676147,-0.023365193977952003,0.21482911705970764,0.8177854418754578,-0.016958987340331078,0.21605172753334045,0.8229167461395264,-0.009316797368228436,YES
0.2402491271495819,0.9128601551055908,-1.4668513870219613e-07,0.2780526578426361,0.8910123705863953,-0.019029580056667328,0.3100098669528961,0.8492283225059509,-0.028798328712582588,0.29182833433151245,0.8141615986824036,-0.036675021052360535,0.2558784484863281,0.8042737245559692,-0.04122335463762283,0.29126793146133423,0.7552540898323059,-0.005638363771140575,0.29744863510131836,0.7520650029182434,-0.024853160604834557,0.2932167947292328,0.792942464351654,-0.037277258932590485,0.2872505784034729,0.8057377934455872,-0.043714020401239395,0.25917109847068787,0.7482719421386719,-0.0052737588994205,0.2643129527568817,0.7528281807899475,-0.020405786111950874,0.26587849855422974,0.7985854148864746,-0.02496420033276081,0.26300400495529175,0.8042168617248535,-0.025052843615412712,0.22966285049915314,0.7582294344902039,-0.008637931197881699,0.23403039574623108,0.772156834602356,-0.025464443489909172,0.2405213862657547,0.816277801990509,-0.02106691710650921,0.2391068935394287,0.8224045634269714,-0.014502814039587975,0.20068228244781494,0.77712082862854,-0.013778088614344597,0.2070695161819458,0.784686267375946,-0.02255149558186531,0.21541695296764374,0.8150822520256042,-0.015422770753502846,0.21644067764282227,0.8194922804832458,-0.007344353012740612,YES
0.24056993424892426,0.9100852608680725,-2.612569360849193e-08,0.27714088559150696,0.8874567151069641,-0.014854098670184612,0.30791789293289185,0.8490919470787048,-0.023336023092269897,0.29354938864707947,0.8148244619369507,-0.031501177698373795,0.2630866765975952,0.8026092648506165,-0.038699712604284286,0.29297593235969543,0.7775980830192566,-0.003583960933610797,0.29688066244125366,0.7460563778877258,-0.021268315613269806,0.2924589514732361,0.7485373020172119,-0.03392080217599869,0.2867601811885834,0.7678941488265991,-0.0395548976957798,0.26212164759635925,0.7709516286849976,-0.003915124107152224,0.26391875743865967,0.7431854605674744,-0.020603347569704056,0.2623954713344574,0.7784484624862671,-0.027242347598075867,0.26167312264442444,0.804424524307251,-0.026923874393105507,0.23340006172657013,0.7756220102310181,-0.007108868565410376,0.2308254987001419,0.7604296803474426,-0.023499641567468643,0.23490950465202332,0.7970953583717346,-0.020597536116838455,0.23748666048049927,0.8195247054100037,-0.01399698480963707,0.20431482791900635,0.7900630831718445,-0.01166373211890459,0.20482587814331055,0.777101993560791,-0.021632542833685875,0.2117750197649002,0.8046600222587585,-0.015342782251536846,0.2160397320985794,0.8208741545677185,-0.00727215688675642,YES
0.24122166633605957,0.9112371206283569,-2.9375961219102464e-08,0.27737537026405334,0.887980043888092,-0.014581303112208843,0.30805572867393494,0.8484908938407898,-0.0228916946798563,0.2927290201187134,0.8133572340011597,-0.030917786061763763,0.2616659998893738,0.8007678985595703,-0.03806934133172035,0.2920295000076294,0.7772925496101379,-0.0034460006281733513,0.29778406023979187,0.7452472448348999,-0.020688366144895554,0.29450660943984985,0.746846616268158,-0.033091865479946136,0.28876131772994995,0.7660017609596252,-0.038713328540325165,0.2608528137207031,0.7714040279388428,-0.004037508741021156,0.2625731825828552,0.7418158054351807,-0.02112398110330105,0.26275160908699036,0.7801809310913086,-0.028115279972553253,0.26231396198272705,0.8089334964752197,-0.028028050437569618,0.23242996633052826,0.7770721912384033,-0.007343269418925047,0.22949504852294922,0.7587913274765015,-0.024522947147488594,0.2350384145975113,0.796051561832428,-0.022148460149765015,0.23726484179496765,0.8198968172073364,-0.015812767669558525,0.20364904403686523,0.792590856552124,-0.011852052062749863,0.20365801453590393,0.7764541506767273,-0.02283012680709362,0.21154507994651794,0.8043270111083984,-0.01687631942331791,0.21573425829410553,0.8221647143363953,-0.00901321042329073,YES
0.23688550293445587,0.9059320092201233,-1.2297500973090791e-07,0.279347687959671,0.8804033994674683,-0.011938001960515976,0.316185861825943,0.836979329586029,-0.017387686297297478,0.3093622028827667,0.7918659448623657,-0.02322918176651001,0.27855366468429565,0.775174617767334,-0.027464911341667175,0.2973998486995697,0.7823411822319031,0.0015083751641213894,0.3082844614982605,0.740005612373352,-0.014752867631614208,0.29853585362434387,0.761034369468689,-0.026663556694984436,0.28832027316093445,0.7877417206764221,-0.03175266832113266,0.26930004358291626,0.7761688828468323,0.0011334873270243406,0.27484723925590515,0.7402101755142212,-0.013297084718942642,0.27023786306381226,0.7744954824447632,-0.02006654441356659,0.2663896083831787,0.7989989519119263,-0.020673181861639023,0.24186523258686066,0.7769201993942261,-0.0020002564415335655,0.24511684477329254,0.7480974197387695,-0.01568782702088356,0.246104896068573,0.7821215391159058,-0.01227540522813797,0.2437382936477661,0.8043089509010315,-0.005990290082991123,0.21200843155384064,0.7834773063659668,-0.006298500578850508,0.22078143060207367,0.7585924863815308,-0.012660014443099499,0.22490693628787994,0.7842170000076294,-0.004771585110574961,0.22383098304271698,0.80201655626297,0.003735360922291875,YES
0.23741808533668518,0.90234375,-1.779924616585049e-07,0.2806110680103302,0.8732608556747437,-0.010703536681830883,0.3165782690048218,0.8267346024513245,-0.014260568656027317,0.30922064185142517,0.7793229818344116,-0.018521063029766083,0.2790488302707672,0.7598261833190918,-0.019938068464398384,0.30089429020881653,0.7763763666152954,0.005609830375760794,0.3127233684062958,0.7341181039810181,-0.01038215309381485,0.3034910261631012,0.7700487375259399,-0.019797619432210922,0.2959097623825073,0.7922531366348267,-0.023450961336493492,0.27392858266830444,0.7704631686210632,0.004300766624510288,0.27990004420280457,0.7379831075668335,-0.011219772510230541,0.27446651458740234,0.7823467254638672,-0.016074836254119873,0.2711309492588043,0.7972791790962219,-0.015278232283890247,0.24731196463108063,0.7716155052185059,-0.00016875129949767143,0.2517651617527008,0.7425522804260254,-0.0160070788115263,0.25107288360595703,0.7857346534729004,-0.010212230496108532,0.24777492880821228,0.8005825281143188,-0.001975958701223135,0.21728834509849548,0.7765260338783264,-0.005623661447316408,0.22618615627288818,0.7543264031410217,-0.012170201167464256,0.22870488464832306,0.7848876118659973,-0.0027572568506002426,0.225875586271286,0.7975068092346191,0.006798174232244492,YES
0.23792926967144012,0.9037796258926392,-1.739185933047338e-07,0.2818204462528229,0.8737335205078125,-0.01114010252058506,0.3160133957862854,0.829519510269165,-0.015311533585190773,0.3095792531967163,0.7821772694587708,-0.020325785502791405,0.2822294533252716,0.7602967023849487,-0.02271256409585476,0.3005203902721405,0.7756286859512329,0.004108174704015255,0.3107736110687256,0.7344980239868164,-0.01249780785292387,0.301984965801239,0.7692390084266663,-0.02266616001725197,0.2957634925842285,0.7914964556694031,-0.026995239779353142,0.27380651235580444,0.7708700895309448,0.0024744973052293062,0.27815696597099304,0.738746166229248,-0.013516413979232311,0.2730743885040283,0.7812915444374084,-0.018480679020285606,0.2711309492588043,0.7970899939537048,-0.018017258495092392,0.24718238413333893,0.7727314829826355,-0.0024346602149307728,0.2505737841129303,0.7443920969963074,-0.019339727237820625,0.24999816715717316,0.7854300737380981,-0.014094843529164791,0.24796849489212036,0.8014696836471558,-0.006081850733608007,0.2174282968044281,0.778137743473053,-0.008399649523198605,0.22521662712097168,0.7550325393676758,-0.01632039248943329,0.22746875882148743,0.7840964794158936,-0.007488674949854612,0.22537556290626526,0.7981372475624084,0.001879833871498704,YES
0.23758363723754883,0.9015502333641052,-2.1524235194192443e-07,0.2834119498729706,0.87226402759552,-0.010122755542397499,0.32021117210388184,0.8225383162498474,-0.012458063662052155,0.314779132604599,0.77071613073349,-0.015592054463922977,0.2843386232852936,0.7505573630332947,-0.015698663890361786,0.30522671341896057,0.7757803201675415,0.006826932076364756,0.3169412612915039,0.7302858233451843,-0.008640271611511707,0.3073667883872986,0.7690450549125671,-0.017290551215410233,0.2996080815792084,0.7903175354003906,-0.020705731585621834,0.2786729633808136,0.7691312432289124,0.00513543700799346,0.28485918045043945,0.7333449721336365,-0.01038594450801611,0.27913570404052734,0.7797336578369141,-0.014852791093289852,0.2745562195777893,0.7929378747940063,-0.013806500472128391,0.2522529661655426,0.7694504857063293,0.00026272443938069046,0.25687292218208313,0.7374995350837708,-0.01669088751077652,0.2554561197757721,0.7833688855171204,-0.010628479532897472,0.25089338421821594,0.7972792983055115,-0.001924332813359797,0.22200483083724976,0.7728843688964844,-0.0054474170319736,0.23226524889469147,0.7474619150161743,-0.013051774352788925,0.2334071695804596,0.7802832126617432,-0.0034845115151256323,0.22897619009017944,0.7935901284217834,0.0062959021888673306,YES
0.2385479211807251,0.9022179841995239,-2.051668559488462e-07,0.28514498472213745,0.8694673776626587,-0.007950796745717525,0.3197236955165863,0.8210356831550598,-0.009460238739848137,0.31410160660743713,0.7716248631477356,-0.012564790435135365,0.28592830896377563,0.7501621246337891,-0.013076025992631912,0.3045361638069153,0.7748740911483765,0.009776323102414608,0.31648826599121094,0.7318413257598877,-0.005232593510299921,0.3075481951236725,0.7682632207870483,-0.01415312197059393,0.30101409554481506,0.7885622978210449,-0.017838429659605026,0.2783201336860657,0.7692777514457703,0.006970165763050318,0.28378939628601074,0.7351519465446472,-0.007845344953238964,0.2779886722564697,0.780163049697876,-0.012428109534084797,0.2751961350440979,0.7925945520401001,-0.011722389608621597,0.25204917788505554,0.7699182629585266,0.000994187663309276,0.25657907128334045,0.7390453815460205,-0.015363405458629131,0.25476300716400146,0.7830976247787476,-0.009490091353654861,0.2516585886478424,0.7963151931762695,-0.0010489134583622217,0.22202813625335693,0.7731927633285522,-0.005754724610596895,0.23176473379135132,0.7475469708442688,-0.01253088004887104,0.2326083481311798,0.7789181470870972,-0.0024242671206593513,0.2288179099559784,0.7926931977272034,0.007630641106516123,YES
0.24107445776462555,0.8994773030281067,-2.2254380382946692e-07,0.28813236951828003,0.8728909492492676,-0.011191651225090027,0.3256676197052002,0.8179231882095337,-0.013502243906259537,0.31763941049575806,0.7610805034637451,-0.016423404216766357,0.2860611081123352,0.7429459095001221,-0.01570982299745083,0.3086850643157959,0.7727644443511963,0.006792004685848951,0.3223331570625305,0.7255010008811951,-0.009770309552550316,0.31336355209350586,0.7675215005874634,-0.018526816740632057,0.30437105894088745,0.7878103256225586,-0.02195322886109352,0.2822379171848297,0.7658913135528564,0.005054965615272522,0.2906024754047394,0.7282488346099854,-0.011530179530382156,0.2852897644042969,0.7786064743995667,-0.015349093824625015,0.27912425994873047,0.7885453701019287,-0.013615643605589867,0.25572189688682556,0.7661526799201965,-0.00023310119286179543,0.26314806938171387,0.7323189973831177,-0.019054511561989784,0.2624605894088745,0.78221595287323,-0.012136710807681084,0.25643855333328247,0.7948551774024963,-0.002285255119204521,0.2253401279449463,0.7686060667037964,-0.006404599640518427,0.23781685531139374,0.7421805262565613,-0.015112409368157387,0.2396315634250641,0.7765966057777405,-0.005109451711177826,0.2338428795337677,0.7886286973953247,0.005165469832718372,YES
0.24101537466049194,0.9003958702087402,-2.434768759940198e-07,0.28849291801452637,0.8721822500228882,-0.009380253031849861,0.32391026616096497,0.8179442882537842,-0.010565190576016903,0.3176634907722473,0.7635469436645508,-0.01293775625526905,0.2876693308353424,0.7453399896621704,-0.011898203752934933,0.30961641669273376,0.7723947167396545,0.009415645152330399,0.3225853741168976,0.7274764776229858,-0.006708651781082153,0.3126264214515686,0.7678791880607605,-0.015446323901414871,0.3042241334915161,0.7867864966392517,-0.01888962835073471,0.2828480005264282,0.7666217684745789,0.007074544206261635,0.28945842385292053,0.7305842638015747,-0.008582121692597866,0.2838175296783447,0.7795567512512207,-0.011972936801612377,0.27988961338996887,0.7880160808563232,-0.010281108319759369,0.25618019700050354,0.7669915556907654,0.001142430119216442,0.262347549200058,0.7331405282020569,-0.017102351412177086,0.2606907784938812,0.7825810313224792,-0.00994017068296671,0.2560512125492096,0.7943369746208191,-0.00012596660235431045,0.22583287954330444,0.7691738605499268,-0.005654583685100079,0.23692569136619568,0.7427750825881958,-0.013620165176689625,0.2377784699201584,0.7766777873039246,-0.0032308774534612894,0.2326045036315918,0.7886673808097839,0.007151355035603046,YES
0.2425246238708496,0.9008033275604248,-2.4704581846890505e-07,0.29006505012512207,0.8724473714828491,-0.00953556876629591,0.32629141211509705,0.8166464567184448,-0.011288606561720371,0.31885826587677,0.759882390499115,-0.014130361378192902,0.28795820474624634,0.7405877709388733,-0.013443832285702229,0.31098923087120056,0.7719650268554688,0.007848280481994152,0.3253718614578247,0.7258121967315674,-0.008088682778179646,0.31586313247680664,0.7693102359771729,-0.016504209488630295,0.30710846185684204,0.7867138385772705,-0.019976787269115448,0.284318208694458,0.7653555870056152,0.005213344935327768,0.294362336397171,0.7289159297943115,-0.01141023263335228,0.287805438041687,0.780393123626709,-0.015357756055891514,0.28054279088974,0.788825511932373,-0.013738783076405525,0.2577052414417267,0.7652668356895447,-0.0007211670745164156,0.26609963178634644,0.7318738698959351,-0.01959814317524433,0.2642320692539215,0.7832300662994385,-0.012558924034237862,0.25733089447021484,0.7953060865402222,-0.0025475143920630217,0.22752347588539124,0.7670336961746216,-0.007331520318984985,0.24093438684940338,0.7398899793624878,-0.015658017247915268,0.24199773371219635,0.7752624154090881,-0.005007016938179731,0.23526781797409058,0.7875342965126038,0.005711853504180908,YES
0.2428661733865738,0.9018519520759583,-2.517467976304033e-07,0.29054927825927734,0.8715525269508362,-0.010362588800489902,0.32627156376838684,0.8168572783470154,-0.01268105860799551,0.3184996247291565,0.7599435448646545,-0.01610546000301838,0.2883850336074829,0.7377191185951233,-0.01589953526854515,0.3112536370754242,0.7726655602455139,0.008406983688473701,0.32423973083496094,0.7267377376556396,-0.008656763471662998,0.3153294622898102,0.7693378925323486,-0.017890023067593575,0.3070962727069855,0.7866761684417725,-0.021527810022234917,0.28424447774887085,0.7663131952285767,0.006165761034935713,0.2930884063243866,0.7301976084709167,-0.010696005076169968,0.28744080662727356,0.781800389289856,-0.014873037114739418,0.2809770405292511,0.7889919877052307,-0.013433505780994892,0.2576947510242462,0.7661758065223694,0.0003301661345176399,0.26544779539108276,0.7314162254333496,-0.01919494941830635,0.2641706168651581,0.7832189798355103,-0.01212381199002266,0.25761961936950684,0.7948849201202393,-0.001916372450068593,0.22722592949867249,0.7678262591362,-0.006280573084950447,0.23972338438034058,0.7397236227989197,-0.014952210709452629,0.241744264960289,0.7748197317123413,-0.004271987359970808,0.23556925356388092,0.7871600985527039,0.006670334842056036,YES
0.24282899498939514,0.8992882370948792,-2.5526887270643783e-07,0.289794921875,0.8726524114608765,-0.010543692857027054,0.32638275623321533,0.8182781934738159,-0.0127171715721488,0.3197770118713379,0.7612940669059753,-0.01578758843243122,0.29025739431381226,0.7392253875732422,-0.015129642561078072,0.31155484914779663,0.7710376977920532,0.0069526988081634045,0.32628709077835083,0.7245960235595703,-0.009965001605451107,0.3166317641735077,0.7680309414863586,-0.018680419772863388,0.3076411485671997,0.7846207022666931,-0.022221725434064865,0.28472021222114563,0.7645377516746521,0.004641596227884293,0.2947400212287903,0.7281509041786194,-0.012730337679386139,0.28860098123550415,0.7801492214202881,-0.01665215566754341,0.28205037117004395,0.7866156697273254,-0.015079745091497898,0.2580012083053589,0.7650364637374878,-0.0011574819218367338,0.26708853244781494,0.7308996915817261,-0.020968936383724213,0.2654721140861511,0.7828816175460815,-0.01360110379755497,0.25876671075820923,0.7930430769920349,-0.0033733625896275043,0.2276168167591095,0.7675129771232605,-0.007732797879725695,0.24131661653518677,0.740683376789093,-0.01701117493212223,0.24303093552589417,0.7764368653297424,-0.006551212165504694,0.23654501140117645,0.7876455783843994,0.004109837580472231,YES
0.24417103826999664,0.8984158039093018,-2.54801818755368e-07,0.29095757007598877,0.8700969815254211,-0.010663827881217003,0.3261760175228119,0.8173180818557739,-0.013366862200200558,0.31964126229286194,0.761540949344635,-0.01704280637204647,0.2904386818408966,0.7375218868255615,-0.017108634114265442,0.3111549913883209,0.7713516354560852,0.0066178226843476295,0.3250000774860382,0.7258056402206421,-0.011055941693484783,0.316125750541687,0.7687808275222778,-0.020177621394395828,0.3074847161769867,0.7849478721618652,-0.023770051077008247,0.2840249836444855,0.765182375907898,0.004299879539757967,0.29365167021751404,0.7294342517852783,-0.013401640579104424,0.28817301988601685,0.7819681763648987,-0.017428236082196236,0.2814391255378723,0.7877875566482544,-0.016012275591492653,0.2572464048862457,0.7653217315673828,-0.001576309441588819,0.26635947823524475,0.7309175729751587,-0.0223368052393198,0.26492804288864136,0.7842391133308411,-0.014996117912232876,0.2578963041305542,0.7941785454750061,-0.00460013234987855,0.22656789422035217,0.7673044800758362,-0.00817078910768032,0.2404783070087433,0.7401971220970154,-0.018119852989912033,0.24204716086387634,0.7765774130821228,-0.007587861735373735,0.23495368659496307,0.7878294587135315,0.003259420394897461,YES
0.24459059536457062,0.8969608545303345,-2.6025173838206683e-07,0.2911023199558258,0.8706644773483276,-0.011698495596647263,0.3270804286003113,0.8164921402931213,-0.014711803756654263,0.3190390467643738,0.7597993612289429,-0.018292726948857307,0.28833919763565063,0.738934338092804,-0.017879050225019455,0.3110237121582031,0.7710880637168884,0.004838594235479832,0.3257058262825012,0.7247821688652039,-0.01296200416982174,0.3160516321659088,0.7705133557319641,-0.021426377817988396,0.3068639934062958,0.7856441736221313,-0.02465071901679039,0.2840597629547119,0.7648115754127502,0.0028443075716495514,0.29478761553764343,0.7289820909500122,-0.015537682920694351,0.28838175535202026,0.7830988168716431,-0.01900409162044525,0.28085505962371826,0.7876660227775574,-0.016954723745584488,0.2573918104171753,0.7649229168891907,-0.0027312859892845154,0.26685646176338196,0.730365514755249,-0.023975927382707596,0.26519131660461426,0.7847491502761841,-0.01618841290473938,0.25815725326538086,0.7938902974128723,-0.005319523625075817,0.2271120697259903,0.7666534185409546,-0.009055323898792267,0.24081887304782867,0.7399186491966248,-0.019073311239480972,0.24241068959236145,0.7769219279289246,-0.008367424830794334,0.2354351431131363,0.7876165509223938,0.0025999974459409714,YES
0.24487566947937012,0.8969589471817017,-2.5600365916034207e-07,0.2910516858100891,0.869911253452301,-0.011029090732336044,0.3266035318374634,0.8166368007659912,-0.013827224262058735,0.31989943981170654,0.7605188488960266,-0.017433322966098785,0.2893979549407959,0.7384721040725708,-0.017389841377735138,0.31051066517829895,0.7707098722457886,0.00588263850659132,0.3249128460884094,0.7257095575332642,-0.011578907258808613,0.3162623941898346,0.7698194980621338,-0.02032446302473545,0.307411253452301,0.7855083346366882,-0.023775026202201843,0.28368276357650757,0.7644944787025452,0.003701882204040885,0.29410484433174133,0.7290294170379639,-0.01435151882469654,0.2885550260543823,0.7822595834732056,-0.018354712054133415,0.2810879051685333,0.7879722118377686,-0.016779210418462753,0.25710150599479675,0.7647347450256348,-0.0019657330121845007,0.2665429413318634,0.7302950620651245,-0.0229551550000906,0.2653244137763977,0.7840855121612549,-0.015651380643248558,0.2578754425048828,0.7940387725830078,-0.005178735125809908,0.22668153047561646,0.7667364478111267,-0.00833306834101677,0.24055437743663788,0.7396965622901917,-0.018380437046289444,0.24239525198936462,0.7761427164077759,-0.007948223501443863,0.23533780872821808,0.7871277332305908,0.002826747251674533,YES
0.24480758607387543,0.8971695899963379,-2.6571939315545023e-07,0.29165443778038025,0.8714131116867065,-0.011021607555449009,0.3271470069885254,0.8154004216194153,-0.01348964124917984,0.319125235080719,0.7580691576004028,-0.01653783768415451,0.2887999415397644,0.7383213043212891,-0.01578572764992714,0.31060484051704407,0.7715502381324768,0.004742029123008251,0.3254009187221527,0.7252745628356934,-0.012082725763320923,0.3166135847568512,0.7709461450576782,-0.019896412268280983,0.3076866865158081,0.785895586013794,-0.02297264337539673,0.2838100790977478,0.7657088041305542,0.0024912876542657614,0.2951962649822235,0.7282304167747498,-0.015517826192080975,0.28925222158432007,0.7824708819389343,-0.018816445022821426,0.2809019982814789,0.7880507707595825,-0.016686469316482544,0.2571151852607727,0.7659184336662292,-0.0031315891537815332,0.26749297976493835,0.7307586073875427,-0.024057941511273384,0.266162633895874,0.7848575115203857,-0.016300927847623825,0.2580975592136383,0.7943973541259766,-0.005501165986061096,0.22679024934768677,0.7677807211875916,-0.00941194873303175,0.24123261868953705,0.7390336990356445,-0.019473623484373093,0.2433800995349884,0.7758132219314575,-0.008828549645841122,0.235989049077034,0.7869748473167419,0.0020282254554331303,YES
0.24472439289093018,0.8974853754043579,-2.6504469019528187e-07,0.29147639870643616,0.871214747428894,-0.010847118683159351,0.327101469039917,0.8155940175056458,-0.01333126425743103,0.31973403692245483,0.7585878372192383,-0.016497910022735596,0.28897884488105774,0.7386876344680786,-0.015945645049214363,0.3103439211845398,0.7713256478309631,0.004992284346371889,0.3251461982727051,0.7258946299552917,-0.012039432302117348,0.3165696859359741,0.7712867259979248,-0.020182818174362183,0.30754512548446655,0.7865188717842102,-0.023413345217704773,0.28356531262397766,0.765385627746582,0.0026569440960884094,0.29481780529022217,0.7288251519203186,-0.015148642472922802,0.2892736494541168,0.7829657196998596,-0.018488112837076187,0.28111377358436584,0.7882012724876404,-0.01653682440519333,0.25691136717796326,0.765480101108551,-0.003083860967308283,0.26745373010635376,0.7304314374923706,-0.024010999128222466,0.2662782073020935,0.7846989631652832,-0.016348879784345627,0.25806307792663574,0.7941708564758301,-0.005694253370165825,0.2264804095029831,0.7672529220581055,-0.00948374904692173,0.24117843806743622,0.7388429641723633,-0.019625237211585045,0.24342894554138184,0.7756067514419556,-0.009053242392838001,0.2359788715839386,0.7867043018341064,0.0017337255412712693,YES
0.24368740618228912,0.8961641192436218,-2.5947062454179104e-07,0.29157572984695435,0.8704342842102051,-0.010758455842733383,0.3271246552467346,0.8155632019042969,-0.013131326995790005,0.31899014115333557,0.758124053478241,-0.0162667129188776,0.2882610559463501,0.7377247214317322,-0.01574649289250374,0.31110990047454834,0.7708655595779419,0.006168806925415993,0.3253383934497833,0.7242592573165894,-0.010949704796075821,0.3159964680671692,0.7678607702255249,-0.019634654745459557,0.30659517645835876,0.7848834991455078,-0.023069893941283226,0.2843611538410187,0.7643803954124451,0.003831916255876422,0.29501137137413025,0.7259036302566528,-0.014670778065919876,0.2889609634876251,0.7788528203964233,-0.019092639908194542,0.28086909651756287,0.7874302864074707,-0.01728133112192154,0.257670521736145,0.7644515633583069,-0.0018737976206466556,0.2671646475791931,0.7284685373306274,-0.022906554862856865,0.26645588874816895,0.7818938493728638,-0.015982400625944138,0.2590428292751312,0.7938365340232849,-0.005372214131057262,0.22723765671253204,0.7670032382011414,-0.008246572688221931,0.24117551743984222,0.7385616898536682,-0.0185256190598011,0.24378837645053864,0.7745487689971924,-0.008446859195828438,0.23682940006256104,0.7865146994590759,0.002288423478603363,YES
0.24355803430080414,0.8967134356498718,-2.49218828685116e-07,0.2912764847278595,0.8698188066482544,-0.010091741569340229,0.32616564631462097,0.8156067132949829,-0.012384244240820408,0.3194519579410553,0.758604109287262,-0.015727059915661812,0.28870445489883423,0.7374741435050964,-0.01581261120736599,0.31058013439178467,0.7718324661254883,0.007252168375998735,0.3246868848800659,0.7256615161895752,-0.00946883950382471,0.3163444995880127,0.7665882110595703,-0.018746547400951385,0.30675673484802246,0.7851160168647766,-0.022594649344682693,0.2838090658187866,0.7650739550590515,0.00483026122674346,0.29363030195236206,0.7274250388145447,-0.012539635412395,0.2885361611843109,0.7788617610931396,-0.017386041581630707,0.2806893587112427,0.7883267998695374,-0.016334762796759605,0.2572416365146637,0.7646989822387695,-0.0009152565617114305,0.26688382029533386,0.7292817234992981,-0.02090597338974476,0.2661893963813782,0.7813045978546143,-0.014607377350330353,0.2581843435764313,0.7938428521156311,-0.004836997948586941,0.22675170004367828,0.7666460871696472,-0.007342196069657803,0.24130147695541382,0.7385687232017517,-0.017073726281523705,0.24376711249351501,0.7735843658447266,-0.007299032062292099,0.23643858730793,0.7858836650848389,0.002988129621371627,YES
0.24227961897850037,0.89605313539505,-2.512477692562243e-07,0.2896203398704529,0.870479941368103,-0.010978431440889835,0.32622653245925903,0.8166597485542297,-0.013696100562810898,0.32021045684814453,0.759218156337738,-0.017177868634462357,0.2886732220649719,0.7380092144012451,-0.017094677314162254,0.3107060492038727,0.771224319934845,0.005819914396852255,0.3250328004360199,0.724464476108551,-0.011202131398022175,0.31543126702308655,0.7679293155670166,-0.02009274810552597,0.30591097474098206,0.7845172882080078,-0.023725001141428947,0.28380122780799866,0.7642300724983215,0.0035759643651545048,0.29378268122673035,0.7261321544647217,-0.014428348280489445,0.287812739610672,0.7787750959396362,-0.01885504275560379,0.2800208032131195,0.786749541759491,-0.01731269434094429,0.25687888264656067,0.7641608715057373,-0.0020042855758219957,0.26633793115615845,0.7283902168273926,-0.022412901744246483,0.26523950695991516,0.7814822793006897,-0.015263565815985203,0.25754669308662415,0.7933435440063477,-0.004763812758028507,0.22608762979507446,0.7665060758590698,-0.00832486990839243,0.24048066139221191,0.7383056282997131,-0.018025226891040802,0.242685005068779,0.7742431163787842,-0.007580280769616365,0.23541569709777832,0.7866134643554688,0.003282220335677266,YES
0.24251402914524078,0.8965449929237366,-2.508136844880937e-07,0.2898419499397278,0.8696339130401611,-0.01074946578592062,0.3259509205818176,0.8162693977355957,-0.013432835228741169,0.3201078176498413,0.759306788444519,-0.017086371779441833,0.2885720133781433,0.7372291684150696,-0.017247453331947327,0.31025418639183044,0.7715991735458374,0.007244970183819532,0.3242962956428528,0.7259042263031006,-0.010158742778003216,0.3151398301124573,0.7679810523986816,-0.019531335681676865,0.30572575330734253,0.7853301763534546,-0.023268122225999832,0.28359198570251465,0.76430344581604,0.004958363249897957,0.29313015937805176,0.7278945446014404,-0.012948434799909592,0.2873955965042114,0.7800135016441345,-0.01766207627952099,0.28000983595848083,0.7875720262527466,-0.016342036426067352,0.2570832073688507,0.7637572884559631,-0.0008283186471089721,0.2664527893066406,0.7291960716247559,-0.021516935899853706,0.26491832733154297,0.7822645306587219,-0.01483584102243185,0.25715699791908264,0.7935928702354431,-0.00459399726241827,0.22651755809783936,0.7655349373817444,-0.007353547960519791,0.24108590185642242,0.738721489906311,-0.017215926200151443,0.24280431866645813,0.7745265960693359,-0.007073387503623962,0.23548632860183716,0.7861953377723694,0.0036153325345367193,YES
0.8119683861732483,0.9909611940383911,-5.189958756091073e-07,0.7623698115348816,0.9813390374183655,-0.0169578455388546,0.7122329473495483,0.9202835559844971,-0.023884952068328857,0.7181328535079956,0.8501059412956238,-0.03249749541282654,0.7595029473304749,0.8241173028945923,-0.035958919674158096,0.7245327830314636,0.8453683257102966,0.00436146417632699,0.7130272388458252,0.78754061460495,-0.023426750674843788,0.7266132235527039,0.843052864074707,-0.035073649138212204,0.7372766137123108,0.8665940761566162,-0.038538143038749695,0.7577133178710938,0.8347192406654358,0.0019090719288215041,0.7514582276344299,0.786458432674408,-0.026575438678264618,0.7634178400039673,0.8513059020042419,-0.02782026119530201,0.7676228284835815,0.8658995628356934,-0.020372631028294563,0.790913462638855,0.8296464085578918,-0.007000897545367479,0.7864978313446045,0.7903029322624207,-0.03680810704827309,0.7931912541389465,0.8549197912216187,-0.02651551365852356,0.7964627146720886,0.8713569641113281,-0.010337624698877335,0.8279773592948914,0.8301226496696472,-0.01795879192650318,0.8200721144676208,0.7934303283691406,-0.032946065068244934,0.822467029094696,0.8385624289512634,-0.02376479096710682,0.8263646364212036,0.8553960919380188,-0.011951740831136703,YES
0.8146061897277832,0.9934136867523193,-4.824153165827738e-07,0.76173996925354,0.9753589630126953,-0.013401313684880733,0.7130061984062195,0.9196440577507019,-0.018702933564782143,0.7178859710693359,0.8525591492652893,-0.02730211429297924,0.7598482370376587,0.8247606754302979,-0.03135906532406807,0.7277156710624695,0.8419269919395447,0.013120350427925587,0.7173109650611877,0.7893810272216797,-0.014461846090853214,0.727420449256897,0.8468964099884033,-0.027065278962254524,0.7352872490882874,0.8693795800209045,-0.031039176508784294,0.7607107758522034,0.8311824798583984,0.008124593645334244,0.7529218792915344,0.7868629693984985,-0.021308984607458115,0.7611144781112671,0.8534453511238098,-0.024843337014317513,0.7655335664749146,0.866787314414978,-0.017840098589658737,0.794154703617096,0.8270841836929321,-0.0033905059099197388,0.7886518836021423,0.7883163094520569,-0.031842686235904694,0.7930841445922852,0.8544712066650391,-0.022185511887073517,0.7952122092247009,0.8697611689567566,-0.005992115009576082,0.8309530019760132,0.8294265866279602,-0.016883114352822304,0.8203597068786621,0.7915903329849243,-0.028119081631302834,0.8214051723480225,0.8382894396781921,-0.016342371702194214,0.8255293369293213,0.8552657961845398,-0.002756705041974783,YES
0.8163639903068542,0.9926167130470276,-4.6246751139733533e-07,0.762432873249054,0.9743994474411011,-0.013732013292610645,0.713509202003479,0.9196627736091614,-0.019529001787304878,0.7176566123962402,0.8528516888618469,-0.028519030660390854,0.7596343755722046,0.8253176212310791,-0.032745786011219025,0.7274978160858154,0.8432176113128662,0.012533467262983322,0.7168429493904114,0.789797306060791,-0.015430495142936707,0.7281991243362427,0.8472573161125183,-0.028182027861475945,0.7359921932220459,0.8704125881195068,-0.0319729708135128,0.7604955434799194,0.8322572708129883,0.007757388520985842,0.7527676820755005,0.7870917916297913,-0.021886581555008888,0.7624409198760986,0.852946937084198,-0.02545471303164959,0.7662217020988464,0.8672588467597961,-0.01825733110308647,0.7939953207969666,0.8277689218521118,-0.0035244650207459927,0.7885221242904663,0.7892926335334778,-0.0320412740111351,0.7944831252098083,0.8544631004333496,-0.02247624844312668,0.7963277697563171,0.8701193332672119,-0.006114826537668705,0.8309553861618042,0.8296340107917786,-0.016785692423582077,0.8210278153419495,0.7922077178955078,-0.02775002457201481,0.8229997754096985,0.8373931050300598,-0.016014372929930687,0.8268299102783203,0.8541966080665588,-0.002373209223151207,YES
0.814466655254364,0.9928182363510132,-4.445411718734249e-07,0.7592916488647461,0.9744982719421387,-0.013994007371366024,0.709699809551239,0.9133145213127136,-0.018748614937067032,0.715988039970398,0.8454798460006714,-0.026607630774378777,0.7585306763648987,0.8202102780342102,-0.029932737350463867,0.7248205542564392,0.8392033576965332,0.013630918227136135,0.7144179344177246,0.7892389297485352,-0.01314095314592123,0.7263132929801941,0.8447015285491943,-0.02574825845658779,0.7341411113739014,0.8666197657585144,-0.029853424057364464,0.7574260234832764,0.8262776136398315,0.009043579921126366,0.7506529092788696,0.7844639420509338,-0.01946977898478508,0.7610211372375488,0.8494059443473816,-0.022928262129426003,0.7646843791007996,0.8627445697784424,-0.015831558033823967,0.7908276319503784,0.821326494216919,-0.0021907007321715355,0.7869817018508911,0.7874666452407837,-0.029321102425456047,0.7929333448410034,0.8507145643234253,-0.020301688462495804,0.7940376400947571,0.8639282584190369,-0.004818348214030266,0.8276012539863586,0.8235197067260742,-0.015603747218847275,0.8189610242843628,0.7898532748222351,-0.025440776720643044,0.8208885788917542,0.8342854380607605,-0.013996962457895279,0.8239015936851501,0.8494440317153931,-0.0009505148627795279,YES
0.8166301846504211,0.9894900918006897,-4.485714555357845e-07,0.7599001526832581,0.9712071418762207,-0.01303181890398264,0.7091952562332153,0.9127235412597656,-0.018011949956417084,0.714027464389801,0.846931517124176,-0.026254970580339432,0.7575204372406006,0.8219963908195496,-0.03003835864365101,0.7238184809684753,0.8377645611763,0.01361461728811264,0.7135723829269409,0.785324215888977,-0.012794538401067257,0.72512286901474,0.8410552740097046,-0.025079095736145973,0.7321736812591553,0.8645495176315308,-0.028890879824757576,0.757003664970398,0.8260511159896851,0.008701765909790993,0.7499108910560608,0.7827858924865723,-0.01977260410785675,0.760231077671051,0.8490282297134399,-0.023617561906576157,0.763020396232605,0.8645344972610474,-0.016710957512259483,0.7903130054473877,0.821293294429779,-0.002563151065260172,0.7862053513526917,0.7871977090835571,-0.02963952347636223,0.7919285893440247,0.8513314723968506,-0.02145014889538288,0.7920184135437012,0.8666757941246033,-0.006332641467452049,0.8266674280166626,0.8235663771629333,-0.01573757641017437,0.8171399235725403,0.7894716858863831,-0.02558690868318081,0.8193791508674622,0.8337415456771851,-0.014431550167500973,0.8220468759536743,0.8501129746437073,-0.0014547239989042282,YES
0.8157795071601868,0.990874171257019,-4.536274502697779e-07,0.7584888935089111,0.9704620838165283,-0.01230059377849102,0.7089551091194153,0.9117814302444458,-0.0169057659804821,0.7152747511863708,0.846875786781311,-0.025016317144036293,0.7576929330825806,0.8231120705604553,-0.02873092144727707,0.7235012054443359,0.8366431593894958,0.01512847375124693,0.7137253284454346,0.785018801689148,-0.01143364142626524,0.7244004011154175,0.8412213325500488,-0.024170633405447006,0.7314308881759644,0.8643152713775635,-0.02842995896935463,0.7566139698028564,0.8250251412391663,0.00974633265286684,0.749755322933197,0.7827914953231812,-0.018404163420200348,0.7585015892982483,0.8485051989555359,-0.022441687062382698,0.7614293694496155,0.8628029227256775,-0.016039131209254265,0.7899417281150818,0.8208320140838623,-0.0020720402244478464,0.785671591758728,0.7869420647621155,-0.028848974034190178,0.7906264662742615,0.850907027721405,-0.02058372274041176,0.7911084294319153,0.8656834959983826,-0.0057120840065181255,0.8264779448509216,0.8238401412963867,-0.01582564041018486,0.8172608613967896,0.7881343364715576,-0.025410031899809837,0.8187218904495239,0.8329993486404419,-0.013973996043205261,0.8211395740509033,0.8498225212097168,-0.0009548506350256503,YES
0.8130230903625488,0.9939258098602295,-4.572531508983957e-07,0.7577059268951416,0.9713712930679321,-0.01282177958637476,0.7091126441955566,0.9102587103843689,-0.01743684895336628,0.7155327796936035,0.8451496362686157,-0.025699883699417114,0.7588606476783752,0.8214060664176941,-0.029251934960484505,0.7243549227714539,0.8351836204528809,0.01689268834888935,0.7139074802398682,0.7829756736755371,-0.010521517135202885,0.7245368957519531,0.8404418230056763,-0.02361241914331913,0.7323625087738037,0.8645135760307312,-0.02753693237900734,0.7573750019073486,0.8247165083885193,0.011656048707664013,0.748730480670929,0.7799040079116821,-0.01813926175236702,0.757881224155426,0.8467906713485718,-0.022557109594345093,0.7629454135894775,0.8624687790870667,-0.01515819039195776,0.790911078453064,0.8212014436721802,-0.0003094978164881468,0.7845911979675293,0.7851449847221375,-0.02805980294942856,0.7902518510818481,0.8497594594955444,-0.019632376730442047,0.7931658625602722,0.8652275204658508,-0.003537423675879836,0.8279858827590942,0.8243181705474854,-0.014323664829134941,0.8169800043106079,0.7872216105461121,-0.02350543439388275,0.8183897137641907,0.8316076397895813,-0.01166507601737976,0.8226940631866455,0.8478110432624817,0.0021385219879448414,YES
0.8144279718399048,0.9949261546134949,-4.564218443192658e-07,0.7584365010261536,0.9726607799530029,-0.012597442604601383,0.7096778154373169,0.9115249514579773,-0.017415104433894157,0.7152722477912903,0.8449602723121643,-0.025889264419674873,0.7579298615455627,0.8203294277191162,-0.02986340969800949,0.7243484258651733,0.836051881313324,0.01608354225754738,0.7129808664321899,0.783799946308136,-0.010953575372695923,0.7237293124198914,0.838470995426178,-0.02392803505063057,0.7327404022216797,0.862519383430481,-0.027755850926041603,0.7575953602790833,0.8251863121986389,0.010870562866330147,0.7490929961204529,0.7807363271713257,-0.0184992253780365,0.7583606243133545,0.8459607362747192,-0.022888656705617905,0.7638858556747437,0.862595796585083,-0.015673473477363586,0.7913830280303955,0.8211434483528137,-0.0009011097718030214,0.7850201725959778,0.785318911075592,-0.028814826160669327,0.7906491756439209,0.8497861623764038,-0.020619234070181847,0.7942148447036743,0.8672321438789368,-0.004670500755310059,0.828564465045929,0.8237693905830383,-0.014609457924962044,0.8164542317390442,0.7864252328872681,-0.024246614426374435,0.8179035782814026,0.8307055234909058,-0.012576848268508911,0.8230118751525879,0.8480514287948608,0.00118974968791008,YES
0.814186155796051,0.9949529767036438,-4.7134983560681576e-07,0.7598972320556641,0.9721363186836243,-0.012839731760323048,0.7099027037620544,0.9122260808944702,-0.01716691069304943,0.7140258550643921,0.84360271692276,-0.02533668465912342,0.7583673596382141,0.8180570602416992,-0.028730984777212143,0.7253971099853516,0.8378319144248962,0.01794181950390339,0.7131449580192566,0.7850835919380188,-0.00911011453717947,0.7243296504020691,0.8422666788101196,-0.021154720336198807,0.7331712245941162,0.8642702698707581,-0.024378396570682526,0.757699191570282,0.826084554195404,0.013008038513362408,0.7492352724075317,0.7813022136688232,-0.01661135070025921,0.7589834332466125,0.8477717638015747,-0.020017893984913826,0.7638166546821594,0.8611009120941162,-0.012000099755823612,0.7909433245658875,0.8216478228569031,0.0011716794688254595,0.785427451133728,0.7874543070793152,-0.027719909325242043,0.7912977337837219,0.8529627919197083,-0.01922256499528885,0.7939644455909729,0.8677394390106201,-0.00284182489849627,0.8278380632400513,0.8234962224960327,-0.012600845657289028,0.8173015117645264,0.7867048382759094,-0.02244884893298149,0.8186435699462891,0.832341194152832,-0.010786622762680054,0.8227626085281372,0.8497528433799744,0.0029300281312316656,YES
0.8157727718353271,0.994823157787323,-4.758182967634639e-07,0.7607719302177429,0.9739882946014404,-0.013052904978394508,0.7109678387641907,0.9140927791595459,-0.017334749922156334,0.7147557139396667,0.8447964191436768,-0.025262877345085144,0.756985068321228,0.817283570766449,-0.028446264564990997,0.7251501083374023,0.8382355570793152,0.01734072156250477,0.7146425247192383,0.7851538062095642,-0.009900521486997604,0.7254631519317627,0.8416023254394531,-0.022376514971256256,0.7334619760513306,0.863724946975708,-0.02587038464844227,0.7577292323112488,0.826412558555603,0.012434395030140877,0.7503443956375122,0.7824904322624207,-0.01646718941628933,0.7591416239738464,0.8486787676811218,-0.01982484757900238,0.7634221911430359,0.8614001274108887,-0.012163749895989895,0.7913700938224792,0.821906328201294,0.0006266718846745789,0.7860837578773499,0.7866851091384888,-0.027255123481154442,0.7905673384666443,0.850820004940033,-0.01845090277493,0.7927842736244202,0.8639307022094727,-0.0024265034589916468,0.8288821578025818,0.8236160278320312,-0.013206743635237217,0.8170133233070374,0.7870681881904602,-0.02279805764555931,0.8177051544189453,0.8320102691650391,-0.010878853499889374,0.8223910927772522,0.8480421900749207,0.0028751313220709562,YES
0.8154904842376709,0.9946986436843872,-4.707272012183239e-07,0.7604237198829651,0.9731000065803528,-0.01325359009206295,0.7106356620788574,0.9138795733451843,-0.017719607800245285,0.7143921852111816,0.8452933430671692,-0.025770293548703194,0.7572959065437317,0.8177152872085571,-0.029058193787932396,0.7254495620727539,0.8380041122436523,0.01731530949473381,0.7152115702629089,0.785058856010437,-0.009855728596448898,0.7255042195320129,0.842280387878418,-0.022338412702083588,0.7331959009170532,0.8645235896110535,-0.025936130434274673,0.7579644322395325,0.8262291550636292,0.01245402917265892,0.7504521012306213,0.7816848158836365,-0.016451211646199226,0.7589432597160339,0.8483150601387024,-0.019874801859259605,0.7633177042007446,0.8613080382347107,-0.01225624792277813,0.7914455533027649,0.8218406438827515,0.0006889781216159463,0.786296010017395,0.7863859534263611,-0.02716735377907753,0.7906585335731506,0.8508512377738953,-0.01844237744808197,0.7928392291069031,0.8641518950462341,-0.002457475056871772,0.8288455009460449,0.8237363696098328,-0.013119061477482319,0.8173397183418274,0.7872905731201172,-0.02275427058339119,0.8180890679359436,0.8323351144790649,-0.010919923894107342,0.822677493095398,0.8483419418334961,0.002768379170447588,YES
0.8142542839050293,0.9953618049621582,-4.7662632596257026e-07,0.7584927082061768,0.9731581211090088,-0.0117909274995327,0.7095073461532593,0.9111371636390686,-0.015593253076076508,0.7148452997207642,0.8435252904891968,-0.02309691160917282,0.7576051950454712,0.8204410076141357,-0.0263894721865654,0.7251920104026794,0.8377443552017212,0.015951255336403847,0.7138304710388184,0.7845314741134644,-0.009555313736200333,0.7234025001525879,0.8407911062240601,-0.021384544670581818,0.7316505908966064,0.8648630976676941,-0.02479492500424385,0.7574999332427979,0.826442301273346,0.010874668136239052,0.7496891021728516,0.7832828164100647,-0.01618047244846821,0.7588723301887512,0.8493574261665344,-0.019152024760842323,0.7647145390510559,0.8650774955749512,-0.01176962349563837,0.7910140156745911,0.8222584128379822,-0.0005366889527067542,0.7841379642486572,0.786944568157196,-0.027321936562657356,0.7902694940567017,0.8518244624137878,-0.018659772351384163,0.7947771549224854,0.8693888187408447,-0.0029564641881734133,0.8281899690628052,0.8250149488449097,-0.01373678632080555,0.8151476383209229,0.7864035964012146,-0.02352309599518776,0.817306399345398,0.8318948745727539,-0.011719361878931522,0.8237342238426208,0.8512411713600159,0.0020026566926389933,YES
0.8136336803436279,0.9965536594390869,-4.881458721683885e-07,0.7582466006278992,0.9748948216438293,-0.012076484970748425,0.7085087299346924,0.9101000428199768,-0.015483054332435131,0.7142900228500366,0.841210126876831,-0.022563470527529716,0.7580106258392334,0.8200949430465698,-0.025169746950268745,0.724751889705658,0.8387867212295532,0.016058437526226044,0.7133182287216187,0.7857271432876587,-0.0091562420129776,0.7222511172294617,0.8436570763587952,-0.020085327327251434,0.730147123336792,0.8658400774002075,-0.02297576516866684,0.7569688558578491,0.8272315859794617,0.01125967688858509,0.7489041686058044,0.7846819758415222,-0.015777302905917168,0.7571408748626709,0.851943850517273,-0.017787883058190346,0.7629173994064331,0.8647833466529846,-0.009621657431125641,0.7905868291854858,0.8230234980583191,3.927882517018588e-06,0.783607006072998,0.7885409593582153,-0.02665526233613491,0.7888851165771484,0.8541753888130188,-0.017321337014436722,0.7934992909431458,0.8692549467086792,-0.0011614218819886446,0.827983021736145,0.8249028921127319,-0.01312327105551958,0.814881443977356,0.7859684228897095,-0.02204807661473751,0.8162791728973389,0.8314035534858704,-0.009734305553138256,0.8232107758522034,0.8492277264595032,0.004204974975436926,YES
0.8132569789886475,0.9966707229614258,-4.862102400693402e-07,0.7577894330024719,0.9745407700538635,-0.012125641107559204,0.7080255150794983,0.9094246625900269,-0.015680599957704544,0.7144612073898315,0.8406261801719666,-0.022887203842401505,0.7587400078773499,0.8204653263092041,-0.02562665566802025,0.7243964076042175,0.8382041454315186,0.015895776450634003,0.7130841612815857,0.7851812243461609,-0.009436306543648243,0.7219589948654175,0.8437591195106506,-0.020501473918557167,0.7296024560928345,0.8663074970245361,-0.0234804879873991,0.7567296028137207,0.826723039150238,0.011025330983102322,0.7482868432998657,0.7837050557136536,-0.01609993353486061,0.7566337585449219,0.8512664437294006,-0.018106166273355484,0.7625444531440735,0.8645309209823608,-0.009862509556114674,0.7904629111289978,0.822748601436615,-0.00031024552299641073,0.7831031680107117,0.7881126403808594,-0.026840874925255775,0.7885022759437561,0.8537731766700745,-0.017419593408703804,0.7931177616119385,0.8690455555915833,-0.0011948613682761788,0.827985405921936,0.8250535130500793,-0.013544868677854538,0.8145103454589844,0.7861227989196777,-0.022358227521181107,0.8160373568534851,0.8314642310142517,-0.00998853798955679,0.8231412768363953,0.8493435382843018,0.003984430804848671,YES
0.8133862018585205,0.995406985282898,-4.6858403379701485e-07,0.7581043243408203,0.9739704132080078,-0.012987165711820126,0.7085584998130798,0.9119731783866882,-0.01715925894677639,0.7125943899154663,0.8433656096458435,-0.024922886863350868,0.7557736039161682,0.8198512196540833,-0.028184058144688606,0.7239049077033997,0.8383100032806396,0.0160364992916584,0.7125239372253418,0.7845146656036377,-0.010208623483777046,0.7226153612136841,0.8399810791015625,-0.02193031832575798,0.7314501404762268,0.8633935451507568,-0.024926066398620605,0.7565793991088867,0.8267499208450317,0.011444956064224243,0.7489151358604431,0.7831922769546509,-0.016398845240473747,0.7572049498558044,0.8494619131088257,-0.01898655667901039,0.7628951072692871,0.8633531332015991,-0.010857125744223595,0.7902617454528809,0.8225348591804504,0.0001530746667413041,0.7843936681747437,0.7881922721862793,-0.027317538857460022,0.7889789938926697,0.8531976938247681,-0.018579179421067238,0.7930390238761902,0.8679205179214478,-0.0024581258185207844,0.8275927305221558,0.8246299624443054,-0.013064351864159107,0.8151689767837524,0.7872397899627686,-0.022440627217292786,0.8160563707351685,0.8321584463119507,-0.0104423388838768,0.8224384784698486,0.8492931127548218,0.0034798227716237307,YES
0.813381552696228,0.9970101118087769,-4.871760665992042e-07,0.7588677406311035,0.9762926697731018,-0.01341993734240532,0.7079564929008484,0.9114469885826111,-0.016943225637078285,0.7125542163848877,0.8423622250556946,-0.023862380534410477,0.7568777203559875,0.8182399868965149,-0.02600129134953022,0.7245966196060181,0.8375911116600037,0.016349216923117638,0.7136290669441223,0.7849873900413513,-0.009655012749135494,0.7233526706695557,0.8432256579399109,-0.02065187692642212,0.7312060594558716,0.8640398979187012,-0.0235296543687582,0.7570223212242126,0.8251023292541504,0.011799422092735767,0.7495619654655457,0.7823922634124756,-0.016113830730319023,0.7578945755958557,0.8500170111656189,-0.01793508231639862,0.7626885175704956,0.8609957695007324,-0.009353728033602238,0.7906907796859741,0.8211565613746643,0.00036838490632362664,0.7849064469337463,0.7878047823905945,-0.027107413858175278,0.789943516254425,0.8530898094177246,-0.017499690875411034,0.793058454990387,0.8648682832717896,-0.0011029079323634505,0.8281168937683105,0.8234995007514954,-0.013126703910529613,0.8159505724906921,0.7873777151107788,-0.022584091871976852,0.8172123432159424,0.8334655165672302,-0.01028014998883009,0.8230347037315369,0.8490062355995178,0.0036446277517825365,YES
0.812791109085083,0.9978424310684204,-4.851381731896254e-07,0.75868159532547,0.9768856763839722,-0.013658919371664524,0.7080749273300171,0.9120437502861023,-0.017413711175322533,0.7127646207809448,0.8427247405052185,-0.024530163034796715,0.7569491863250732,0.818527102470398,-0.026854166761040688,0.7246732711791992,0.8375505805015564,0.015876682475209236,0.7138028144836426,0.7841658592224121,-0.009934218600392342,0.7236983180046082,0.8426020741462708,-0.02078358456492424,0.7314467430114746,0.8637413382530212,-0.02361369878053665,0.7571288347244263,0.8251547813415527,0.011345773003995419,0.7494397163391113,0.7814136743545532,-0.016159409657120705,0.7578608393669128,0.8494945168495178,-0.017701540142297745,0.7627461552619934,0.8610219955444336,-0.009069670923054218,0.791012167930603,0.8216714262962341,-5.533653893508017e-05,0.7850571870803833,0.7870844602584839,-0.02715384215116501,0.7899608612060547,0.8527544140815735,-0.017224404960870743,0.7930666208267212,0.865252673625946,-0.0007764754700474441,0.8287256956100464,0.8247982859611511,-0.01356089860200882,0.8163483738899231,0.7878175973892212,-0.022968148812651634,0.8174812197685242,0.8337201476097107,-0.010590494610369205,0.8233975768089294,0.849683403968811,0.0033022677525877953,YES
0.8132103085517883,0.9986779093742371,-4.6826085053908173e-07,0.7569152116775513,0.9747626185417175,-0.012547374702990055,0.7085121870040894,0.9114702343940735,-0.015774188563227654,0.7132235169410706,0.8434920310974121,-0.02283588796854019,0.7550835609436035,0.8183836340904236,-0.025429945439100266,0.7246201634407043,0.8395241498947144,0.019145214930176735,0.7132294774055481,0.7864567041397095,-0.005373944062739611,0.7228261828422546,0.841891884803772,-0.01675375923514366,0.7315301895141602,0.8646581768989563,-0.019989799708127975,0.7569873332977295,0.826671838760376,0.014390149153769016,0.7496402263641357,0.7822234630584717,-0.01211433857679367,0.7573974132537842,0.8478425741195679,-0.015317466109991074,0.7632967829704285,0.8625606298446655,-0.007857725955545902,0.7908132672309875,0.8223481774330139,0.002953257877379656,0.7854531407356262,0.7872886657714844,-0.02313074842095375,0.7892335653305054,0.8513328433036804,-0.014789525419473648,0.7931240200996399,0.8668793439865112,0.000689404143486172,0.8285064101219177,0.8251728415489197,-0.010499639436602592,0.8163716793060303,0.787242591381073,-0.019102687016129494,0.8162204027175903,0.8317878842353821,-0.007121616508811712,0.8220484256744385,0.8496703505516052,0.006541299633681774,YES
0.8133010864257812,0.9981935620307922,-4.6478498916258104e-07,0.7571517825126648,0.974766194820404,-0.012873570434749126,0.7084246277809143,0.9118169546127319,-0.016334863379597664,0.7132328152656555,0.8436018228530884,-0.023529335856437683,0.7557655572891235,0.8180612921714783,-0.02625669725239277,0.7246334552764893,0.8391977548599243,0.018832741305232048,0.7135545611381531,0.7861188650131226,-0.005538093391805887,0.7228913903236389,0.8424134850502014,-0.016843007877469063,0.731010913848877,0.8653220534324646,-0.020125750452280045,0.7567958831787109,0.8260554671287537,0.014177844859659672,0.7493208646774292,0.7811737656593323,-0.011997242458164692,0.7569431662559509,0.8472917079925537,-0.014920290559530258,0.7627290487289429,0.8621166348457336,-0.007359120063483715,0.7906022071838379,0.8217408657073975,0.00280911847949028,0.7852874994277954,0.7868936061859131,-0.023047102615237236,0.7890596389770508,0.8516398668289185,-0.014542907476425171,0.7928489446640015,0.8674877285957336,0.0009572870912961662,0.8283411264419556,0.8246563076972961,-0.01060369424521923,0.8160866498947144,0.7873912453651428,-0.01913289725780487,0.8161590695381165,0.8322058916091919,-0.007108932826668024,0.8221020102500916,0.8499128818511963,0.006520390044897795,YES
0.8098039627075195,1.0005040168762207,-4.901912689092569e-07,0.7553302049636841,0.9771804809570312,-0.013522950001060963,0.7071452736854553,0.9111402630805969,-0.017163019627332687,0.7140507102012634,0.8423418998718262,-0.02430715411901474,0.7572724223136902,0.8182530403137207,-0.026975708082318306,0.7241713404655457,0.8364670276641846,0.016696147620677948,0.7131564617156982,0.7852429747581482,-0.008552917279303074,0.7223011255264282,0.8429487943649292,-0.020020870491862297,0.7303519248962402,0.8651173710823059,-0.023450924083590508,0.7564388513565063,0.8240950107574463,0.01205128338187933,0.7492293119430542,0.7818324565887451,-0.015047064051032066,0.7566765546798706,0.8499878644943237,-0.017675722017884254,0.7622567415237427,0.8632794618606567,-0.009845523163676262,0.790341317653656,0.8204008340835571,0.0006541810580529273,0.784490704536438,0.7870481014251709,-0.02647486887872219,0.7885905504226685,0.8537334203720093,-0.017413467168807983,0.7927938103675842,0.8682154417037964,-0.0013377165887504816,0.8282201290130615,0.8241268396377563,-0.012813873589038849,0.8151316046714783,0.7866957783699036,-0.022578714415431023,0.8155059814453125,0.8331625461578369,-0.010415947064757347,0.822047770023346,0.8505638241767883,0.003588680177927017,YES
0.8104252219200134,1.0007458925247192,-4.879103698840481e-07,0.7555925846099854,0.978101372718811,-0.013593471609055996,0.7073290348052979,0.9112128615379333,-0.017400100827217102,0.7138693332672119,0.8418287634849548,-0.024655789136886597,0.7567457556724548,0.8186684250831604,-0.02745494432747364,0.7240283489227295,0.8371754288673401,0.015910951420664787,0.7126792073249817,0.7853138446807861,-0.008875483646988869,0.7224038243293762,0.8420913219451904,-0.020199701189994812,0.7305651903152466,0.8643794059753418,-0.023654880002141,0.7562345862388611,0.8248200416564941,0.01140777487307787,0.7491089701652527,0.7817139625549316,-0.015388820320367813,0.7571820020675659,0.8492400646209717,-0.018121570348739624,0.7623911499977112,0.8641160726547241,-0.01056831143796444,0.7900911569595337,0.821164608001709,0.0003122477501165122,0.784323513507843,0.7858905792236328,-0.026574378833174706,0.7885186076164246,0.8521386384963989,-0.01780267432332039,0.7923063039779663,0.8689820766448975,-0.0020856440532952547,0.827660322189331,0.8250623345375061,-0.012830324470996857,0.8150031566619873,0.7870191335678101,-0.022928519174456596,0.8151273727416992,0.8330122828483582,-0.01134666707366705,0.8209951519966125,0.8519656658172607,0.002170632826164365,YES
0.8102132678031921,0.9998332858085632,-4.914386408927385e-07,0.7556983828544617,0.9764958620071411,-0.012210980989038944,0.7071912288665771,0.911515474319458,-0.015849106013774872,0.7133400440216064,0.8427417278289795,-0.023236682638525963,0.7564027309417725,0.8177968859672546,-0.0262297336012125,0.7235680222511292,0.837795615196228,0.01646094210445881,0.7126517295837402,0.7844917178153992,-0.008584501221776009,0.7216587066650391,0.8413012027740479,-0.019910749047994614,0.7290318608283997,0.8638877868652344,-0.02320409007370472,0.7561061978340149,0.8259673714637756,0.011332477442920208,0.7489509582519531,0.7831500172615051,-0.015735261142253876,0.7564152479171753,0.8508237600326538,-0.018667634576559067,0.7608631253242493,0.8653300404548645,-0.01121484860777855,0.7901085019111633,0.8221693634986877,-0.00021723743702750653,0.7840355634689331,0.7876424789428711,-0.027182698249816895,0.7882750630378723,0.8538201451301575,-0.018324371427297592,0.7915831804275513,0.8696870803833008,-0.002526738215237856,0.8278349041938782,0.8253365159034729,-0.01362748071551323,0.8152363300323486,0.7870309948921204,-0.023442672565579414,0.8157699108123779,0.8330997228622437,-0.011409493163228035,0.8216182589530945,0.8512728214263916,0.002439396921545267,YES
0.8102038502693176,0.9992091655731201,-4.9563698212296e-07,0.7559870481491089,0.9767430424690247,-0.012163838371634483,0.7070035934448242,0.910834014415741,-0.015460874885320663,0.7133176922798157,0.8416056036949158,-0.022500265389680862,0.7566778063774109,0.8174483776092529,-0.025018684566020966,0.7235379815101624,0.8385394215583801,0.01653546653687954,0.7126750349998474,0.7845898866653442,-0.008598744869232178,0.7218061685562134,0.8417696356773376,-0.019534211605787277,0.7293888330459595,0.8638112545013428,-0.022497138008475304,0.7560648918151855,0.8267924785614014,0.011444664560258389,0.7491341233253479,0.7839629650115967,-0.016110021620988846,0.756695568561554,0.8521783947944641,-0.01870424672961235,0.7611596584320068,0.8657885789871216,-0.010733501985669136,0.7899615168571472,0.8227348327636719,-0.00011851783347083256,0.7840644717216492,0.7887594699859619,-0.0272410549223423,0.7885105609893799,0.8547050952911377,-0.018111802637577057,0.7918387651443481,0.8690271973609924,-0.0020021144300699234,0.8277433514595032,0.8249832987785339,-0.013572159223258495,0.8154855966567993,0.7873868942260742,-0.023087963461875916,0.8161998391151428,0.833328127861023,-0.010865636169910431,0.8221147060394287,0.8502741456031799,0.003113833721727133,YES
0.8099698424339294,0.9990075826644897,-4.943791509504081e-07,0.7558660507202148,0.9767025113105774,-0.012263143435120583,0.706967294216156,0.9106782674789429,-0.015514680184423923,0.7134520411491394,0.8414338231086731,-0.022506266832351685,0.756883442401886,0.8174625635147095,-0.024971863254904747,0.7235531210899353,0.8382744789123535,0.016719218343496323,0.7126761078834534,0.784318745136261,-0.008525186218321323,0.7217528223991394,0.841522216796875,-0.01954110898077488,0.7294170260429382,0.8636285066604614,-0.02251545712351799,0.756079912185669,0.8265343308448792,0.0116578983142972,0.7490007877349854,0.7836365103721619,-0.015972208231687546,0.756418764591217,0.8519614338874817,-0.018559157848358154,0.7610523104667664,0.8654808402061462,-0.010504093021154404,0.7899145483970642,0.82254558801651,6.773768836865202e-05,0.7840002179145813,0.7887329459190369,-0.02718939259648323,0.7883366942405701,0.8549880385398865,-0.018071986734867096,0.7917940616607666,0.8693118095397949,-0.001874759909696877,0.8276578783988953,0.824898362159729,-0.013427803292870522,0.8153572082519531,0.7873233556747437,-0.023015715181827545,0.8160384893417358,0.8334511518478394,-0.01077974122017622,0.8220426440238953,0.850480854511261,0.0032701892778277397,YES
0.809232771396637,1.0004838705062866,-4.978986680725939e-07,0.755032479763031,0.9756418466567993,-0.011541690677404404,0.7063772678375244,0.9089165329933167,-0.014648757874965668,0.7126008868217468,0.8410214185714722,-0.021630877628922462,0.7557957768440247,0.8185433149337769,-0.024134932085871696,0.7231374382972717,0.8370721340179443,0.017482832074165344,0.712514340877533,0.7838218212127686,-0.007546550128608942,0.7217099070549011,0.8418825268745422,-0.01865057460963726,0.7291197776794434,0.864095151424408,-0.02174307592213154,0.7557510137557983,0.8254594206809998,0.012085611931979656,0.7486494779586792,0.7821698188781738,-0.015538445673882961,0.756314218044281,0.8507738709449768,-0.01857169345021248,0.7608956694602966,0.8650263547897339,-0.010747899301350117,0.7899028658866882,0.8215636014938354,0.0002927431487478316,0.7834363579750061,0.7871366739273071,-0.02635147236287594,0.7881011366844177,0.8529165983200073,-0.01736709661781788,0.7915285229682922,0.8672687411308289,-0.001373175298795104,0.8276118040084839,0.8244184851646423,-0.013358504511415958,0.8145928382873535,0.7862452864646912,-0.022250955924391747,0.8156458735466003,0.8319064378738403,-0.009859922342002392,0.8220378160476685,0.8488249182701111,0.004206269048154354,YES
0.8096333742141724,1.0004048347473145,-4.963157493875769e-07,0.7549666166305542,0.9755576252937317,-0.011426354758441448,0.7062402963638306,0.908883273601532,-0.014423429034650326,0.7125762104988098,0.8408045172691345,-0.02131534367799759,0.7557883858680725,0.8182218074798584,-0.023767223581671715,0.7228794097900391,0.8375839591026306,0.017385702580213547,0.7114169597625732,0.7835530638694763,-0.007517645135521889,0.7211745977401733,0.8409308791160583,-0.01851491630077362,0.7291009426116943,0.8631565570831299,-0.021499356254935265,0.7554821968078613,0.8259193897247314,0.012096199207007885,0.7483770847320557,0.7827632427215576,-0.01519876066595316,0.7565216422080994,0.850777268409729,-0.018142877146601677,0.7612242698669434,0.8646787405014038,-0.010433902963995934,0.789635419845581,0.8219592571258545,0.00044279146823100746,0.7833251357078552,0.7870506048202515,-0.026138119399547577,0.7881537675857544,0.8527431488037109,-0.017190957441926003,0.7915894389152527,0.8672410249710083,-0.0013080801581963897,0.8273032307624817,0.8248419761657715,-0.013028005138039589,0.8142710328102112,0.7865081429481506,-0.02198399044573307,0.8152628540992737,0.8323367834091187,-0.009639010764658451,0.821604311466217,0.849528968334198,0.0043641203083097935,YES
0.8102032542228699,1.0012041330337524,-4.883860924564942e-07,0.7547261118888855,0.9759172797203064,-0.012135160155594349,0.7061370611190796,0.9087712168693542,-0.015247483737766743,0.7127199769020081,0.8405482769012451,-0.02218787930905819,0.7561216950416565,0.8202112913131714,-0.024650758132338524,0.7224688529968262,0.836371660232544,0.01816513203084469,0.7111333012580872,0.7840359807014465,-0.006682547274976969,0.7209019660949707,0.8415342569351196,-0.017917325720191002,0.728715181350708,0.8634486198425293,-0.021191377192735672,0.7546467185020447,0.8241011500358582,0.012963633053004742,0.7470623254776001,0.7814143300056458,-0.013987148180603981,0.7556025385856628,0.848117470741272,-0.0169199351221323,0.7605840563774109,0.860994815826416,-0.009354894980788231,0.7887774109840393,0.820371150970459,0.0011627580970525742,0.782320499420166,0.785859227180481,-0.025198934599757195,0.7873584032058716,0.8501279950141907,-0.016501503065228462,0.7908545732498169,0.8638151288032532,-0.0009813590440899134,0.8265628218650818,0.8241137862205505,-0.012602299451828003,0.8132163286209106,0.7858991026878357,-0.02162162773311138,0.8146073818206787,0.831454873085022,-0.009564649313688278,0.821212887763977,0.8488801121711731,0.004135334864258766,YES
0.8127146363258362,0.99652498960495,-4.685870749199239e-07,0.7576383352279663,0.9706363081932068,-0.012517120689153671,0.7078413367271423,0.9112025499343872,-0.017583191394805908,0.7103110551834106,0.8433433771133423,-0.026392769068479538,0.7540189623832703,0.818932831287384,-0.03071131743490696,0.7232586145401001,0.8362802267074585,0.016525093466043472,0.7103153467178345,0.7828813791275024,-0.008737332187592983,0.7202881574630737,0.838749349117279,-0.02084902487695217,0.728322446346283,0.8617085218429565,-0.024801813066005707,0.7551395297050476,0.8244935274124146,0.01140220183879137,0.7466951012611389,0.7812049388885498,-0.015474987216293812,0.7560455203056335,0.8459941744804382,-0.018937543034553528,0.7609034776687622,0.8607561588287354,-0.012305928394198418,0.789019763469696,0.8207243084907532,-0.00016807884094305336,0.7822643518447876,0.784376323223114,-0.02659764513373375,0.7877475619316101,0.8468536138534546,-0.018166042864322662,0.7910317778587341,0.8636016249656677,-0.003076488384976983,0.826529860496521,0.824361264705658,-0.013661009259521961,0.8136310577392578,0.7852864265441895,-0.023197060450911522,0.81498122215271,0.8296043872833252,-0.011558860540390015,0.8206702470779419,0.8489954471588135,0.0017114183865487576,YES
0.8111570477485657,0.998093843460083,-4.667951714054652e-07,0.756456732749939,0.970482349395752,-0.011785184033215046,0.7072590589523315,0.9099680185317993,-0.01630536839365959,0.7098773717880249,0.8425300717353821,-0.024762246757745743,0.7541730999946594,0.8190214037895203,-0.028983769938349724,0.7239059805870056,0.8369811177253723,0.01760098896920681,0.7110459804534912,0.7840312719345093,-0.007280349265784025,0.7197772860527039,0.8386552333831787,-0.019411418586969376,0.7283307909965515,0.8617927432060242,-0.023372288793325424,0.7558446526527405,0.8249002695083618,0.0122231999412179,0.7472741603851318,0.7810739874839783,-0.014364114962518215,0.7551078200340271,0.8446046113967896,-0.01798221468925476,0.7607895731925964,0.8604907393455505,-0.011309638619422913,0.7896416187286377,0.8208847045898438,0.00043552619172260165,0.7826223373413086,0.785753607749939,-0.025739336386322975,0.7876002788543701,0.8472273349761963,-0.017809730023145676,0.7919878959655762,0.8643330931663513,-0.0028901835903525352,0.8271201252937317,0.8242136240005493,-0.013234476558864117,0.8132079839706421,0.784514307975769,-0.022385817021131516,0.814712405204773,0.8281651139259338,-0.010752790607511997,0.8217147588729858,0.8477494120597839,0.0025482410565018654,YES
0.8138125538825989,0.989449143409729,-4.452682560440735e-07,0.7582284212112427,0.9639690518379211,-0.012091942131519318,0.7085976600646973,0.9058535099029541,-0.017206454649567604,0.711966872215271,0.8409851789474487,-0.026124820113182068,0.7552281618118286,0.815998375415802,-0.030829589813947678,0.7226690649986267,0.829969584941864,0.016908779740333557,0.7091623544692993,0.7793238162994385,-0.008074203506112099,0.7189111113548279,0.8325496912002563,-0.020543675869703293,0.7266706824302673,0.8558034300804138,-0.02461863122880459,0.7549569606781006,0.8184188008308411,0.011866290122270584,0.7456074357032776,0.7780457735061646,-0.01450936496257782,0.7545766234397888,0.841219425201416,-0.018588759005069733,0.7595521807670593,0.8568437695503235,-0.012361813336610794,0.7891786694526672,0.8149044513702393,0.00046965127694420516,0.7822690606117249,0.783332347869873,-0.025279315188527107,0.7871702909469604,0.8444125652313232,-0.01779165491461754,0.7903313040733337,0.8608324527740479,-0.0033466611057519913,0.8267583847045898,0.8184958696365356,-0.012762047350406647,0.8137708306312561,0.7827328443527222,-0.021231748163700104,0.8145182132720947,0.825596809387207,-0.009653815999627113,0.8198319673538208,0.843598484992981,0.003479613456875086,YES
0.8126999139785767,0.989942193031311,-4.4866501980322937e-07,0.75738525390625,0.9634606838226318,-0.011472702026367188,0.7088907957077026,0.9067181348800659,-0.01605958864092827,0.7114287614822388,0.841892421245575,-0.02454807050526142,0.7543965578079224,0.8171773552894592,-0.02900361455976963,0.7233577370643616,0.8309177160263062,0.017554378136992455,0.7093154788017273,0.7812850475311279,-0.007179040927439928,0.7189522385597229,0.8322761058807373,-0.019600730389356613,0.7280734181404114,0.8549487590789795,-0.023663107305765152,0.7551361918449402,0.8186922669410706,0.012425308115780354,0.7462918162345886,0.7798259854316711,-0.013473325408995152,0.7552739977836609,0.8412125706672668,-0.0173430647701025,0.7607737183570862,0.855988085269928,-0.011200719512999058,0.7888805270195007,0.8145345449447632,0.0009608824620954692,0.7826235890388489,0.7842229604721069,-0.02489587850868702,0.7878787517547607,0.8444777131080627,-0.01763482391834259,0.791629433631897,0.8605826497077942,-0.003359199035912752,0.826154887676239,0.8175781965255737,-0.012295453809201717,0.8135037422180176,0.781205415725708,-0.021039290353655815,0.8149571418762207,0.82410728931427,-0.0096433712169528,0.8208040595054626,0.8420881032943726,0.0034063230268657207,YES
0.8146246671676636,0.9863966107368469,-4.599792191584129e-07,0.758768618106842,0.9614734649658203,-0.012271856889128685,0.7078248858451843,0.9005076885223389,-0.016165973618626595,0.7119937539100647,0.8342413902282715,-0.023549659177660942,0.7570140361785889,0.8150652050971985,-0.026560073718428612,0.7235068082809448,0.8255428671836853,0.016982102766633034,0.7100192904472351,0.7778862118721008,-0.007438566070050001,0.7193403244018555,0.833302915096283,-0.01922379434108734,0.727467954158783,0.8548636436462402,-0.023208830505609512,0.75534987449646,0.8125848174095154,0.012237695045769215,0.745209276676178,0.7747828364372253,-0.013777265325188637,0.7544019222259521,0.8389104604721069,-0.016641853377223015,0.7607776522636414,0.8520565629005432,-0.009515700861811638,0.7891654372215271,0.8084805607795715,0.0009919616859406233,0.7818633913993835,0.7814977169036865,-0.02438589371740818,0.7870264053344727,0.8436566591262817,-0.01651136204600334,0.7916827201843262,0.8577475547790527,-0.0018578959861770272,0.8268013000488281,0.811553418636322,-0.012275881133973598,0.8141286373138428,0.7803009748458862,-0.02067795768380165,0.8147204518318176,0.8236519694328308,-0.009699408896267414,0.8208346962928772,0.8395088315010071,0.0029606427997350693,YES
0.8156459927558899,0.9879231452941895,-4.587849389281473e-07,0.7588925361633301,0.9618983268737793,-0.011805807240307331,0.7085855603218079,0.9005460739135742,-0.015786990523338318,0.7121384143829346,0.8340848684310913,-0.023428823798894882,0.7559703588485718,0.8158051371574402,-0.026799386367201805,0.7239351272583008,0.8261614441871643,0.017330113798379898,0.7100366950035095,0.7796633243560791,-0.0072049652226269245,0.719602108001709,0.834195613861084,-0.01931040920317173,0.7282184362411499,0.8552329540252686,-0.023564746603369713,0.7558590769767761,0.8131035566329956,0.012220609933137894,0.7458733320236206,0.7753067016601562,-0.013840258121490479,0.7549203038215637,0.8383250832557678,-0.016965346410870552,0.7611762285232544,0.8514688014984131,-0.010167982429265976,0.7898111343383789,0.8088249564170837,0.0006644691457040608,0.7823408246040344,0.7810919284820557,-0.02479696460068226,0.7875685095787048,0.8428943157196045,-0.016922911629080772,0.7924948334693909,0.8575319051742554,-0.0023104865103960037,0.8273099660873413,0.8119335770606995,-0.012882163748145103,0.8142649531364441,0.7794719338417053,-0.02108779177069664,0.8149004578590393,0.8224823474884033,-0.009850827045738697,0.821219265460968,0.8387099504470825,0.002924875356256962,YES
0.8191995620727539,0.9841988682746887,-3.7636792171724665e-07,0.7607849836349487,0.9591288566589355,-0.010668531991541386,0.7096573710441589,0.899890124797821,-0.015537719242274761,0.7144777178764343,0.8386545777320862,-0.023817671462893486,0.7597048878669739,0.8327795267105103,-0.028684956952929497,0.7264053821563721,0.8209665417671204,0.014347597025334835,0.7112933993339539,0.779172420501709,-0.007365149911493063,0.7233794331550598,0.8235403299331665,-0.02085035666823387,0.7351880073547363,0.846638023853302,-0.026984209194779396,0.7593483328819275,0.807103157043457,0.009100385010242462,0.7504664659500122,0.7705540657043457,-0.014361431822180748,0.7613768577575684,0.8239372372627258,-0.01973671466112137,0.768301784992218,0.8459717631340027,-0.015536610968410969,0.7929605841636658,0.8035327196121216,-0.0015679487260058522,0.7880989909172058,0.778108537197113,-0.02282174862921238,0.7939051985740662,0.8297608494758606,-0.018084444105625153,0.797568142414093,0.8516994118690491,-0.007026399485766888,0.8277685642242432,0.8097276091575623,-0.014251826331019402,0.8199040293693542,0.7804256081581116,-0.020967822521924973,0.8199294805526733,0.8175801634788513,-0.012236692942678928,0.8231151700019836,0.8388029336929321,-0.0020419431384652853,YES
0.8179799914360046,0.9855315089225769,-3.53116178075652e-07,0.7597509026527405,0.9597248435020447,-0.009896084666252136,0.7090543508529663,0.9004026055335999,-0.014139127917587757,0.7141473293304443,0.8401725888252258,-0.021857772022485733,0.7595693469047546,0.8353838324546814,-0.02662694826722145,0.7268502116203308,0.8217419385910034,0.01560497097671032,0.7127222418785095,0.7804467082023621,-0.004310211166739464,0.7231351137161255,0.8201740384101868,-0.01777002587914467,0.7341547608375549,0.8435496091842651,-0.024379514157772064,0.759472668170929,0.8069438338279724,0.010223662480711937,0.7513152956962585,0.7701078653335571,-0.011805846355855465,0.7615312933921814,0.8204448819160461,-0.018232077360153198,0.7681219577789307,0.8450556397438049,-0.015057756565511227,0.7930917739868164,0.8032428622245789,-0.000289089948637411,0.7893504500389099,0.7790647149085999,-0.020293880254030228,0.7947020530700684,0.8278268575668335,-0.01728709787130356,0.7975670695304871,0.8515737056732178,-0.007697944063693285,0.8278430700302124,0.8094903826713562,-0.012708919122815132,0.8207676410675049,0.7813444137573242,-0.019094310700893402,0.8208263516426086,0.8161124587059021,-0.011290878057479858,0.8233340978622437,0.8374934196472168,-0.0019181520910933614,YES
0.8159516453742981,0.975395917892456,-3.316482946047472e-07,0.7603588700294495,0.9578275084495544,-0.011634211987257004,0.7136985063552856,0.9145209789276123,-0.023764075711369514,0.7166416645050049,0.8711183071136475,-0.038354527205228806,0.7552348971366882,0.8626834750175476,-0.05094272270798683,0.7319111227989197,0.8178593516349792,-0.0065405964851379395,0.7231746912002563,0.7690392732620239,-0.03095703385770321,0.7336689829826355,0.8101861476898193,-0.04780388996005058,0.7459308505058289,0.8534160852432251,-0.05560515820980072,0.7677497267723083,0.8101247549057007,-0.012692579068243504,0.7638184428215027,0.7628118991851807,-0.03754129260778427,0.775432825088501,0.8171768188476562,-0.045243795961141586,0.7828028202056885,0.8622327446937561,-0.043788209557533264,0.801943302154541,0.8102681636810303,-0.02226485125720501,0.7988867163658142,0.7754697799682617,-0.04217199981212616,0.8053394556045532,0.8251901268959045,-0.03792576491832733,0.8077412843704224,0.8650590777397156,-0.028721768409013748,0.8349136114120483,0.8191964030265808,-0.0333954356610775,0.8299412727355957,0.7816076874732971,-0.0417051799595356,0.8310431241989136,0.8161751627922058,-0.03259382024407387,0.8308683633804321,0.846327006816864,-0.02246902324259281,YES
0.811214029788971,0.9744670391082764,-3.4380627766950056e-07,0.7579332590103149,0.9541367888450623,-0.011661301366984844,0.7125856876373291,0.9117735624313354,-0.023952001705765724,0.7158599495887756,0.8700711727142334,-0.038480114191770554,0.7546132206916809,0.8602582216262817,-0.05080321058630943,0.7302172780036926,0.8177557587623596,-0.006346459034830332,0.7213450074195862,0.7694791555404663,-0.03070908598601818,0.7324730753898621,0.8130602240562439,-0.04688561335206032,0.744817852973938,0.853693425655365,-0.05439797788858414,0.7666968703269958,0.810241162776947,-0.013088112697005272,0.760927140712738,0.7589726448059082,-0.03812674805521965,0.7720255255699158,0.8175226449966431,-0.044879406690597534,0.7793595790863037,0.8612774610519409,-0.04234229773283005,0.8019610643386841,0.8114465475082397,-0.023347102105617523,0.7969691753387451,0.7719542980194092,-0.04356643930077553,0.8024753332138062,0.8238980770111084,-0.03826619312167168,0.8046502470970154,0.860774576663971,-0.0281320009380579,0.8366406559944153,0.8220305442810059,-0.03509385883808136,0.8287534117698669,0.7815309762954712,-0.04323903098702431,0.8287105560302734,0.816647469997406,-0.03336646780371666,0.8288944363594055,0.8440170884132385,-0.02278084307909012,YES
0.8085153698921204,0.9768379926681519,-3.877046594880085e-07,0.759445071220398,0.9568146467208862,-0.015166165307164192,0.7190483808517456,0.9157084822654724,-0.029414338991045952,0.7323941588401794,0.8929506540298462,-0.04526012763381004,0.7697671055793762,0.8924607038497925,-0.05862021446228027,0.7335314750671387,0.8024313449859619,-0.009904416278004646,0.733070969581604,0.7699582576751709,-0.03884221240878105,0.7402130961418152,0.817992627620697,-0.056997716426849365,0.7453528642654419,0.8513690829277039,-0.0656171664595604,0.7715126276016235,0.7977457046508789,-0.016149083152413368,0.7762662768363953,0.7800639271736145,-0.044417619705200195,0.7817969918251038,0.8437714576721191,-0.05163900926709175,0.7812458276748657,0.871094822883606,-0.049827940762043,0.8084853291511536,0.8045455813407898,-0.02677752450108528,0.8158788084983826,0.802548885345459,-0.04941608011722565,0.8152868747711182,0.8598297834396362,-0.04346093162894249,0.8096137046813965,0.8808357119560242,-0.03356455639004707,0.8444273471832275,0.8203709721565247,-0.039580509066581726,0.8493877649307251,0.8123492002487183,-0.048040278255939484,0.8461498618125916,0.8586365580558777,-0.03748438134789467,0.8405659198760986,0.8779246807098389,-0.026549387723207474,YES
0.8078747987747192,0.9750041365623474,-3.940299109217449e-07,0.7585694193840027,0.956234335899353,-0.016728155314922333,0.7187038064002991,0.9154602885246277,-0.031194746494293213,0.7321133017539978,0.8924403786659241,-0.04619354382157326,0.7688699960708618,0.8909572958946228,-0.05799434334039688,0.7313082218170166,0.7932151556015015,-0.010883740149438381,0.7346551418304443,0.7746142745018005,-0.03783909231424332,0.743238091468811,0.8232346177101135,-0.05465944483876228,0.7485530972480774,0.8520299196243286,-0.06315983086824417,0.7697015404701233,0.7857543230056763,-0.016064679250121117,0.778878390789032,0.791065514087677,-0.042243264615535736,0.7832447290420532,0.8533394932746887,-0.04877965524792671,0.7824161648750305,0.8745436668395996,-0.047298990190029144,0.8072577118873596,0.7933368682861328,-0.02554928883910179,0.8191458582878113,0.8112678527832031,-0.04687884822487831,0.8174600005149841,0.8661724925041199,-0.04041370004415512,0.8127942085266113,0.8801361322402954,-0.030840657651424408,0.8431954979896545,0.8100978136062622,-0.03763234242796898,0.850910484790802,0.817773163318634,-0.0467153862118721,0.8476781845092773,0.86362624168396,-0.03702865168452263,0.8433198928833008,0.8774476647377014,-0.026471581310033798,YES
0.8111751675605774,0.9731120467185974,-4.057503701915266e-07,0.7595227956771851,0.9579920172691345,-0.024946793913841248,0.7187728881835938,0.9250389933586121,-0.04457402601838112,0.7300870418548584,0.9166345596313477,-0.06098330020904541,0.7711043953895569,0.9307517409324646,-0.07354016602039337,0.7441232800483704,0.7727130651473999,-0.02751663140952587,0.7521361112594604,0.8467214703559875,-0.04997633025050163,0.7562559247016907,0.8897765874862671,-0.0645926296710968,0.7557209134101868,0.8809770941734314,-0.07495144754648209,0.7883186340332031,0.7733895778656006,-0.02887568064033985,0.7921369075775146,0.8611681461334229,-0.04861528426408768,0.7890529036521912,0.9028789401054382,-0.05241241306066513,0.7859179377555847,0.8929545879364014,-0.05365920066833496,0.8286791443824768,0.792066752910614,-0.033513616770505905,0.8314533233642578,0.8705419898033142,-0.04996105283498764,0.8231454491615295,0.9049597382545471,-0.04307745769619942,0.8183581829071045,0.8951663970947266,-0.03642499819397926,0.8644711971282959,0.8196079730987549,-0.04181493818759918,0.8653472661972046,0.8683604598045349,-0.05081869661808014,0.8567133545875549,0.9013469815254211,-0.04410037398338318,0.8526282906532288,0.9009212851524353,-0.03652633726596832,YES
0.8118266463279724,0.9750133156776428,-3.8902774690541264e-07,0.7598804831504822,0.958392322063446,-0.024778680875897408,0.7198933959007263,0.924693763256073,-0.04470125958323479,0.7326337099075317,0.9177850484848022,-0.061208486557006836,0.7755756378173828,0.9336958527565002,-0.07320839166641235,0.747545599937439,0.7732603549957275,-0.025688450783491135,0.7546366453170776,0.8532268404960632,-0.04781629890203476,0.7538641095161438,0.8954761028289795,-0.06202039495110512,0.7526335120201111,0.8831868171691895,-0.07251648604869843,0.7899801135063171,0.7758339047431946,-0.02737465873360634,0.7933915853500366,0.868916392326355,-0.04779943451285362,0.7880735993385315,0.9080561995506287,-0.051378194242715836,0.7869864106178284,0.8925076127052307,-0.05238303914666176,0.8290953636169434,0.7950442433357239,-0.03252699226140976,0.8324901461601257,0.8785269260406494,-0.04908280447125435,0.8225408792495728,0.9102284908294678,-0.04191463440656662,0.8193734884262085,0.8955528140068054,-0.03507997468113899,0.8651069402694702,0.8222474455833435,-0.04150904715061188,0.8647341728210449,0.8729537725448608,-0.05079706758260727,0.8552696704864502,0.9037930369377136,-0.044652022421360016,0.8526437282562256,0.8994242548942566,-0.03749459236860275,YES
0.8141155242919922,0.9547855854034424,-3.578865914732887e-07,0.7649280428886414,0.9489548206329346,-0.03112783096730709,0.7266647815704346,0.9300447106361389,-0.05539727583527565,0.744992733001709,0.9373171925544739,-0.07540816068649292,0.792922854423523,0.9544317126274109,-0.09089415520429611,0.7495904564857483,0.7840057015419006,-0.04072512686252594,0.7570420503616333,0.8855765461921692,-0.06963583827018738,0.7652566432952881,0.9265593886375427,-0.08802246302366257,0.7726176977157593,0.9141485691070557,-0.10040319710969925,0.7954625487327576,0.7831087112426758,-0.039933543652296066,0.8052749633789062,0.9006482362747192,-0.06394496560096741,0.7996437549591064,0.9338559508323669,-0.06879240274429321,0.7971687316894531,0.9134292006492615,-0.07129553705453873,0.8362917900085449,0.8018174767494202,-0.042815402150154114,0.8444650173187256,0.912807047367096,-0.06306823343038559,0.8317052721977234,0.9393518567085266,-0.0568695068359375,0.825316846370697,0.9213396906852722,-0.05042881518602371,0.8712223768234253,0.8290294408798218,-0.05006510764360428,0.8741357922554016,0.9073929786682129,-0.06356494873762131,0.8593913912773132,0.9324370622634888,-0.060165710747241974,0.8499390482902527,0.9235355854034424,-0.05457484349608421,YES
0.8144913911819458,0.9588183164596558,-3.6892950561195903e-07,0.7677412033081055,0.9512819051742554,-0.030088750645518303,0.7294886112213135,0.9314224123954773,-0.053663112223148346,0.7431775331497192,0.9348233938217163,-0.07322912663221359,0.788069486618042,0.9484838843345642,-0.08819063007831573,0.7501717805862427,0.7869994640350342,-0.03683742880821228,0.7570911645889282,0.8864766359329224,-0.06683923304080963,0.7659061551094055,0.9292505383491516,-0.0865071564912796,0.7730096578598022,0.9175996780395508,-0.09926670789718628,0.7958887815475464,0.7855859994888306,-0.03640693426132202,0.8037256002426147,0.9019013047218323,-0.06105419248342514,0.7990713715553284,0.9358241558074951,-0.06669343262910843,0.7971556782722473,0.914291262626648,-0.06920717656612396,0.836244523525238,0.8040988445281982,-0.03991600498557091,0.8432495594024658,0.9128584861755371,-0.06102532520890236,0.8318119645118713,0.9396799802780151,-0.05500907078385353,0.8263614773750305,0.9214059114456177,-0.048121288418769836,0.8714020848274231,0.8305580615997314,-0.04772263020277023,0.8743008971214294,0.9080245494842529,-0.06150835379958153,0.8594276309013367,0.9338075518608093,-0.05796714872121811,0.8497022390365601,0.9252188205718994,-0.051856786012649536,YES
0.8099046349525452,0.9429264664649963,-3.5415939692029497e-07,0.7646324634552002,0.9442769885063171,-0.03477408364415169,0.7292884588241577,0.9365329742431641,-0.061135321855545044,0.7500587701797485,0.9508643746376038,-0.08214186877012253,0.7989656925201416,0.9670088291168213,-0.09809122234582901,0.7513827085494995,0.7935788035392761,-0.049440622329711914,0.7593600749969482,0.889631986618042,-0.07907234132289886,0.7698937058448792,0.9337388873100281,-0.09672167897224426,0.7790661454200745,0.9275560975074768,-0.10838938504457474,0.8001897931098938,0.7912067174911499,-0.04634019359946251,0.8081243634223938,0.9185582399368286,-0.0708794891834259,0.7987695336341858,0.9508388042449951,-0.07571788132190704,0.7943723797798157,0.9297066330909729,-0.07882951945066452,0.8419074416160583,0.809991180896759,-0.04673245549201965,0.8484138250350952,0.93024742603302,-0.06637226790189743,0.8317193984985352,0.9522961974143982,-0.059263668954372406,0.8233165740966797,0.9338414669036865,-0.052739519625902176,0.8762933611869812,0.837401270866394,-0.05186701938509941,0.878477931022644,0.921349287033081,-0.0665905699133873,0.8627758026123047,0.9391381740570068,-0.06386513262987137,0.8534217476844788,0.9268791675567627,-0.05860314145684242,YES
0.8094556331634521,0.9429402947425842,-3.3348550232403795e-07,0.763092041015625,0.944744348526001,-0.036271464079618454,0.7297716736793518,0.9386818408966064,-0.06384029239416122,0.7546271085739136,0.9553742408752441,-0.08586328476667404,0.802437424659729,0.9704753160476685,-0.10256890952587128,0.7506300210952759,0.7946063280105591,-0.051392897963523865,0.7580215930938721,0.8935092687606812,-0.08242186903953552,0.7709011435508728,0.939342737197876,-0.10179081559181213,0.7846957445144653,0.935830295085907,-0.11483326554298401,0.7998038530349731,0.792754054069519,-0.047855913639068604,0.8081949949264526,0.9195730686187744,-0.07199929654598236,0.7989552021026611,0.9491718411445618,-0.07672145217657089,0.7954707145690918,0.9274141788482666,-0.08051054179668427,0.841458261013031,0.8109134435653687,-0.04801775515079498,0.8488730192184448,0.9310512542724609,-0.06672506779432297,0.8316473960876465,0.9499263763427734,-0.058785028755664825,0.8231471180915833,0.9293338060379028,-0.05254901200532913,0.8760121464729309,0.8374315500259399,-0.05326683074235916,0.8784406185150146,0.9219455718994141,-0.06726127862930298,0.862576961517334,0.9376362562179565,-0.06402949243783951,0.8533849716186523,0.9232469201087952,-0.058888185769319534,YES
0.8033341765403748,0.9257237911224365,-2.733605413141049e-07,0.7599634528160095,0.9355970025062561,-0.039731044322252274,0.728805661201477,0.9373453259468079,-0.06927534937858582,0.7575402855873108,0.9605599641799927,-0.09243681281805038,0.8077676296234131,0.9782699942588806,-0.1103346049785614,0.7511664628982544,0.7942096590995789,-0.05720167234539986,0.7616673707962036,0.892203152179718,-0.0869506374001503,0.7680211663246155,0.9275065064430237,-0.10413648188114166,0.7771440148353577,0.9139605760574341,-0.11634697020053864,0.7992931604385376,0.792212724685669,-0.05253598466515541,0.8104914426803589,0.9174152612686157,-0.07754300534725189,0.7978046536445618,0.9427493214607239,-0.08231668174266815,0.7929428219795227,0.9142886996269226,-0.0862574651837349,0.840401291847229,0.810280442237854,-0.05137811228632927,0.8508065342903137,0.9277623295783997,-0.07203127443790436,0.8304434418678284,0.9431899189949036,-0.06528519839048386,0.8202914595603943,0.9174384474754333,-0.05964306741952896,0.8744988441467285,0.8367089629173279,-0.0553586483001709,0.879885733127594,0.9153438210487366,-0.07197586447000504,0.862977921962738,0.9271762371063232,-0.07073037326335907,0.8537585139274597,0.9104763269424438,-0.06699543446302414,YES
0.8052982091903687,0.9278957843780518,-2.4198928372243245e-07,0.760053813457489,0.9354053735733032,-0.0387377068400383,0.7277366518974304,0.9352219700813293,-0.06784699112176895,0.7565571665763855,0.9603912234306335,-0.09040208160877228,0.8076596260070801,0.9785445332527161,-0.10782065242528915,0.753509521484375,0.7943960428237915,-0.05657564103603363,0.7634034156799316,0.8963658213615417,-0.08449121564626694,0.765904426574707,0.9266800284385681,-0.10090716183185577,0.7722477912902832,0.9086145758628845,-0.11345987766981125,0.8006929755210876,0.7923266887664795,-0.05198866128921509,0.8106629848480225,0.9196188449859619,-0.07607116550207138,0.7986010909080505,0.9428597092628479,-0.08084992319345474,0.7948968410491943,0.9137636423110962,-0.08544544130563736,0.8407725095748901,0.8091021180152893,-0.05063853785395622,0.8508011102676392,0.9285349249839783,-0.0710812360048294,0.8321022391319275,0.9435606598854065,-0.06517402827739716,0.8228423595428467,0.9181249141693115,-0.060675133019685745,0.8743427395820618,0.8341794610023499,-0.054266005754470825,0.8803750872612,0.9143154621124268,-0.07144149392843246,0.8652922511100769,0.9283141493797302,-0.07108218222856522,0.8566501140594482,0.9131839275360107,-0.06840895116329193,YES
0.7982214689254761,0.9143591523170471,-2.4555927780056663e-07,0.757199764251709,0.9200444221496582,-0.03506676107645035,0.7258372902870178,0.9239551424980164,-0.0631294995546341,0.7531696557998657,0.9517313241958618,-0.08598103374242783,0.8047105073928833,0.9721013307571411,-0.10468718409538269,0.7512263059616089,0.7943247556686401,-0.056109603494405746,0.7602892518043518,0.887417733669281,-0.08434095233678818,0.7678496837615967,0.9159290194511414,-0.10181943327188492,0.7770692110061646,0.9079431891441345,-0.1139911413192749,0.7987078428268433,0.7893899083137512,-0.05221119523048401,0.8059284687042236,0.9206054210662842,-0.07536198943853378,0.7968860864639282,0.9474324584007263,-0.08023828268051147,0.7942055463790894,0.9353734254837036,-0.08476929366588593,0.838618278503418,0.80498206615448,-0.05098523199558258,0.8451876640319824,0.9287039637565613,-0.0715869888663292,0.8312451243400574,0.9514306783676147,-0.06589093059301376,0.8238164186477661,0.9462555050849915,-0.060107454657554626,0.8720369935035706,0.8282154202461243,-0.05425714701414108,0.8776686191558838,0.904384434223175,-0.07052632421255112,0.8664084076881409,0.9184834361076355,-0.0684652030467987,0.8589015603065491,0.9136276245117188,-0.06358691304922104,YES
0.7992252707481384,0.911389946937561,-2.2622258200044598e-07,0.756296694278717,0.9176968336105347,-0.03628747910261154,0.7231886386871338,0.9228583574295044,-0.06526819616556168,0.7487966418266296,0.9538742899894714,-0.08835144340991974,0.7986478805541992,0.9765187501907349,-0.10751958191394806,0.752459704875946,0.7941144108772278,-0.059421539306640625,0.7618970274925232,0.8891018033027649,-0.08675495535135269,0.7650488018989563,0.9109901189804077,-0.10401668399572372,0.7696808576583862,0.8974031209945679,-0.11684288084506989,0.7998083233833313,0.7902353405952454,-0.054713174700737,0.8048655986785889,0.9215035438537598,-0.07744244486093521,0.7958546876907349,0.9459632635116577,-0.08239927142858505,0.7938531041145325,0.9322077035903931,-0.08765172213315964,0.8396179676055908,0.8056867718696594,-0.05241817981004715,0.8436837196350098,0.9295972585678101,-0.07319453358650208,0.8304307460784912,0.9512368440628052,-0.06797570735216141,0.8236113786697388,0.9457622766494751,-0.0630563348531723,0.8732419013977051,0.8286442160606384,-0.05457557365298271,0.8770875930786133,0.905880331993103,-0.07219954580068588,0.8673421740531921,0.9188730120658875,-0.07163623720407486,0.8612239360809326,0.9119166731834412,-0.06820295751094818,YES
0.8008459806442261,0.9073576927185059,-2.416671804894577e-07,0.7587948441505432,0.911287784576416,-0.03599192947149277,0.722011387348175,0.9099290370941162,-0.06425874680280685,0.7370397448539734,0.9327795505523682,-0.08638086915016174,0.7801719307899475,0.9504489898681641,-0.10388615727424622,0.7489136457443237,0.7866994142532349,-0.05856161564588547,0.7634828090667725,0.8804734349250793,-0.0851723775267601,0.7689129710197449,0.9046909809112549,-0.09976739436388016,0.7730620503425598,0.8940241932868958,-0.11028418689966202,0.7968605756759644,0.7813973426818848,-0.05368126556277275,0.8068116307258606,0.9136825799942017,-0.08027859032154083,0.7989569902420044,0.9408286809921265,-0.08477159589529037,0.7961652278900146,0.931587815284729,-0.08759994804859161,0.8376065492630005,0.795615017414093,-0.05117790400981903,0.8445766568183899,0.9198659658432007,-0.07322687655687332,0.8317620158195496,0.9385606646537781,-0.06641491502523422,0.8248206973075867,0.9291301965713501,-0.059543367475271225,0.8715071082115173,0.8187006115913391,-0.0531039834022522,0.8760068416595459,0.9004583954811096,-0.07118086516857147,0.8651215434074402,0.911998450756073,-0.07045812159776688,0.8581316471099854,0.9002748727798462,-0.0663253515958786,YES
0.7986690998077393,0.904933512210846,-2.982611135848856e-07,0.7553238272666931,0.9098163843154907,-0.03368791937828064,0.721006453037262,0.9104960560798645,-0.060271281749010086,0.7420335412025452,0.9354915022850037,-0.08140724152326584,0.7883432507514954,0.9534564018249512,-0.09896581619977951,0.751115083694458,0.7878804802894592,-0.055807989090681076,0.7638310194015503,0.877673864364624,-0.08157876133918762,0.766579806804657,0.8979864120483398,-0.097154401242733,0.7686231136322021,0.8847744464874268,-0.10851599276065826,0.798143744468689,0.7817555665969849,-0.052019599825143814,0.8078089356422424,0.9129984378814697,-0.076029933989048,0.7996006608009338,0.9425452351570129,-0.08048225194215775,0.7967664003372192,0.9328757524490356,-0.08378344029188156,0.8381298780441284,0.7961528301239014,-0.050357885658741,0.8447657823562622,0.9172994494438171,-0.07087287306785583,0.8315600752830505,0.9374284744262695,-0.06462022662162781,0.8240005373954773,0.9285147190093994,-0.05833505466580391,0.8708221316337585,0.8187416195869446,-0.05290752276778221,0.8761981725692749,0.8966237306594849,-0.06990204006433487,0.8674366474151611,0.9077379107475281,-0.06841627508401871,0.8620071411132812,0.8966637849807739,-0.06386718153953552,YES
0.8007897138595581,0.8975919485092163,-2.641037610828789e-07,0.7569392323493958,0.9011021852493286,-0.0319870226085186,0.7195876836776733,0.9034885168075562,-0.05890209600329399,0.7352453470230103,0.9261654615402222,-0.0808192566037178,0.7773980498313904,0.9410552978515625,-0.09901600331068039,0.7484626173973083,0.7769644856452942,-0.055502474308013916,0.7606339454650879,0.8694471120834351,-0.07955595850944519,0.7657173275947571,0.8913481831550598,-0.09406322985887527,0.7707952260971069,0.8814816474914551,-0.10482697933912277,0.795075535774231,0.7717612981796265,-0.052131153643131256,0.8044071197509766,0.9082276225090027,-0.07569332420825958,0.7999460697174072,0.9381376504898071,-0.0804908350110054,0.8004978895187378,0.9357028603553772,-0.08408540487289429,0.8350120186805725,0.7857744097709656,-0.05031343549489975,0.8404399752616882,0.913719117641449,-0.07008560001850128,0.8308353424072266,0.9355132579803467,-0.06365227699279785,0.8264886140823364,0.9314932227134705,-0.057150084525346756,0.8686075806617737,0.8081797361373901,-0.05248286947607994,0.8717285990715027,0.8896067142486572,-0.06832867860794067,0.8639658689498901,0.9003893136978149,-0.066263847053051,0.8597264885902405,0.8888621926307678,-0.061187274754047394,YES
0.8005870580673218,0.8931647539138794,-2.832457539625466e-07,0.757094144821167,0.9011212587356567,-0.03273996338248253,0.7221176028251648,0.9088214039802551,-0.06032571941614151,0.7452821731567383,0.9356483221054077,-0.08296435326337814,0.7928662300109863,0.9530084133148193,-0.1023622378706932,0.7502846121788025,0.7805829644203186,-0.05665888637304306,0.7605946660041809,0.8743250966072083,-0.08172685652971268,0.7651342153549194,0.8960121870040894,-0.09883151203393936,0.7700517177581787,0.8843579292297363,-0.11170937120914459,0.7968679666519165,0.7733613848686218,-0.05328251048922539,0.8049955368041992,0.9088271856307983,-0.0747528150677681,0.79854816198349,0.9374306201934814,-0.08002611994743347,0.7972657680511475,0.9316194653511047,-0.08504273742437363,0.8365546464920044,0.7868198156356812,-0.05152827128767967,0.8412267565727234,0.9151949882507324,-0.06950530409812927,0.8296865224838257,0.9369069933891296,-0.06325268745422363,0.823455810546875,0.9325728416442871,-0.05765923112630844,0.868994414806366,0.8092597723007202,-0.05394207313656807,0.8708152174949646,0.8895083069801331,-0.06842230260372162,0.8632681369781494,0.8988291621208191,-0.06567193567752838,0.8593083620071411,0.8879926800727844,-0.06066393107175827,YES
0.8019890189170837,0.9003084301948547,-2.3748164323933452e-07,0.7572405934333801,0.9051064848899841,-0.03295961394906044,0.7241854071617126,0.9055299162864685,-0.059868406504392624,0.7527198195457458,0.9296887516975403,-0.08123773336410522,0.8027042150497437,0.9460089802742004,-0.09870054572820663,0.7491250038146973,0.7722052335739136,-0.053813301026821136,0.7626289129257202,0.8709765672683716,-0.07865271717309952,0.7646449208259583,0.8923321962356567,-0.09515246748924255,0.7678147554397583,0.8758332133293152,-0.1082841008901596,0.7956392168998718,0.7663628458976746,-0.050325922667980194,0.8053857684135437,0.901462972164154,-0.07141175866127014,0.7966947555541992,0.9242114424705505,-0.07578480243682861,0.794851541519165,0.909251868724823,-0.08068551123142242,0.8354392647743225,0.7806532382965088,-0.048943355679512024,0.8430722951889038,0.9055155515670776,-0.06619079411029816,0.8290524482727051,0.9209098219871521,-0.05877712741494179,0.822064995765686,0.9052456617355347,-0.05336394160985947,0.8687280416488647,0.8041304349899292,-0.05203045532107353,0.8718081116676331,0.8863847851753235,-0.06714481860399246,0.8623456954956055,0.8956965804100037,-0.06519675999879837,0.8575378060340881,0.8794341683387756,-0.06121380999684334,YES
0.8026735782623291,0.8987168669700623,-2.2717131287208758e-07,0.7563232183456421,0.9058590531349182,-0.035109952092170715,0.7223562002182007,0.9077663421630859,-0.06319224089384079,0.7510989904403687,0.9308659434318542,-0.08528190106153488,0.8011033535003662,0.9454285502433777,-0.10314767062664032,0.7463130950927734,0.7705218195915222,-0.05524975433945656,0.7591065168380737,0.8706971406936646,-0.08139625191688538,0.7630239129066467,0.8925417065620422,-0.09889964759349823,0.768246591091156,0.8760565519332886,-0.11248166859149933,0.7942155599594116,0.7647477388381958,-0.05121422931551933,0.8055791258811951,0.8992061018943787,-0.0720619484782219,0.7963449954986572,0.9199566841125488,-0.07629480212926865,0.7930998802185059,0.9001289010047913,-0.08143869042396545,0.8350365161895752,0.7794647812843323,-0.049694739282131195,0.8435782194137573,0.9036552309989929,-0.06674110144376755,0.828863263130188,0.9160815477371216,-0.058876316994428635,0.8208761811256409,0.8963241577148438,-0.05354565009474754,0.8685999512672424,0.8032623529434204,-0.052935197949409485,0.8723394870758057,0.8854053020477295,-0.06816385686397552,0.8623559474945068,0.8923198580741882,-0.06605029106140137,0.8568700551986694,0.8730909824371338,-0.06209936365485191,YES
0.7991065979003906,0.8992669582366943,-2.419527618258144e-07,0.7540069818496704,0.9036901593208313,-0.03558728098869324,0.7206739783287048,0.9028920531272888,-0.06369727104902267,0.7484413385391235,0.9238963723182678,-0.0855591744184494,0.7995201349258423,0.9378187656402588,-0.10278034955263138,0.746891975402832,0.763836681842804,-0.05628751590847969,0.7587337493896484,0.8667309284210205,-0.0830267146229744,0.7662234306335449,0.8947200775146484,-0.10029251873493195,0.7745857238769531,0.8802502155303955,-0.11319860816001892,0.794031023979187,0.7594802379608154,-0.05192376673221588,0.8057215213775635,0.8938309550285339,-0.07375491410493851,0.7954051494598389,0.9161847829818726,-0.07820636034011841,0.7911235690116882,0.8964787125587463,-0.08296014368534088,0.8340562582015991,0.7756020426750183,-0.050028424710035324,0.8421276807785034,0.9005095958709717,-0.06780364364385605,0.8258712291717529,0.9173636436462402,-0.05984387546777725,0.8173477649688721,0.9025482535362244,-0.053670015186071396,0.8665948510169983,0.8007000684738159,-0.05289130285382271,0.8711117506027222,0.8802266120910645,-0.06830111145973206,0.8611035346984863,0.8885189294815063,-0.0658680647611618,0.8557405471801758,0.872464656829834,-0.061138588935136795,YES
0.8063290119171143,0.9036676287651062,-2.315385358997446e-07,0.7578224539756775,0.9048250913619995,-0.03350209817290306,0.7215673923492432,0.9031069278717041,-0.06060807779431343,0.7460068464279175,0.9233216047286987,-0.08172281831502914,0.7951156497001648,0.9361931085586548,-0.09832891821861267,0.7467247247695923,0.764125406742096,-0.05248277634382248,0.7585445642471313,0.8670523166656494,-0.07733108848333359,0.7638591527938843,0.8910897374153137,-0.09363490343093872,0.7702729105949402,0.8747043609619141,-0.10627742856740952,0.7934281826019287,0.7601448893547058,-0.04860932379961014,0.8032768964767456,0.892521321773529,-0.06768223643302917,0.7956196665763855,0.9122297167778015,-0.07107087969779968,0.7935357689857483,0.8925290107727051,-0.07568724453449249,0.8336637616157532,0.7755488753318787,-0.04717865586280823,0.840155839920044,0.900070071220398,-0.06339559704065323,0.82554030418396,0.9145791530609131,-0.05567886680364609,0.8178510665893555,0.897187352180481,-0.0502987802028656,0.8672380447387695,0.7995312809944153,-0.050282031297683716,0.869681715965271,0.8804792761802673,-0.064754419028759,0.8610712885856628,0.8893691301345825,-0.0625421330332756,0.8567011952400208,0.8723676800727844,-0.05842668190598488,YES
0.7951319813728333,0.8974030613899231,-2.647125825205876e-07,0.7505925893783569,0.8992208242416382,-0.0323185920715332,0.7200302481651306,0.896659791469574,-0.058510974049568176,0.7513995170593262,0.9182892441749573,-0.07991219311952591,0.8030304908752441,0.9329295754432678,-0.09791462868452072,0.7461299300193787,0.760718822479248,-0.05070680007338524,0.7568580508232117,0.8583915829658508,-0.07739212363958359,0.7635645270347595,0.885229229927063,-0.09657521545886993,0.7703304886817932,0.8720456957817078,-0.11052215844392776,0.7924609780311584,0.7548587918281555,-0.047885723412036896,0.8030643463134766,0.8835999965667725,-0.06866799294948578,0.7967261075973511,0.9107146859169006,-0.07491868734359741,0.7950134873390198,0.9008104801177979,-0.08071589469909668,0.8319754600524902,0.7703734636306763,-0.04746551811695099,0.8389186859130859,0.890897810459137,-0.0645432248711586,0.825602650642395,0.9128331542015076,-0.05962434783577919,0.8182162046432495,0.9055235981941223,-0.05529990792274475,0.864314615726471,0.7951939702033997,-0.05144556611776352,0.867705762386322,0.8737457394599915,-0.06466270238161087,0.8587866425514221,0.8850194811820984,-0.06263061612844467,0.8532118201255798,0.874437689781189,-0.05854577571153641,YES
0.8023614883422852,0.8944401741027832,-2.07910957783497e-07,0.7557080388069153,0.8980120420455933,-0.03417804837226868,0.722080647945404,0.8970718383789062,-0.061437852680683136,0.749420166015625,0.9211688041687012,-0.0827827900648117,0.7979186177253723,0.9357088804244995,-0.09962750226259232,0.7474356293678284,0.7598486542701721,-0.051639776676893234,0.7585176825523376,0.8589301109313965,-0.07754214853048325,0.7600681781768799,0.8789374232292175,-0.09528074413537979,0.7642506957054138,0.8610705733299255,-0.10902716219425201,0.7932775020599365,0.7559231519699097,-0.0478130578994751,0.8023250699043274,0.8845930099487305,-0.06782408058643341,0.7927306294441223,0.9012550711631775,-0.07201206684112549,0.7906765341758728,0.8790502548217773,-0.07729589194059372,0.8327991962432861,0.7716562747955322,-0.046786826103925705,0.8396599888801575,0.8924827575683594,-0.06341657042503357,0.8233468532562256,0.903971254825592,-0.05589069798588753,0.8157959580421448,0.8842028379440308,-0.050910092890262604,0.8660344481468201,0.7966424226760864,-0.05053602531552315,0.869288444519043,0.8763200640678406,-0.0654737651348114,0.858194887638092,0.8828838467597961,-0.06387802213430405,0.852672815322876,0.865138590335846,-0.060467712581157684,YES
0.797285258769989,0.8939536809921265,-2.56572150192369e-07,0.7521328926086426,0.8969860076904297,-0.03494655713438988,0.7193213701248169,0.8949466347694397,-0.06277726590633392,0.747877836227417,0.915004312992096,-0.0849134624004364,0.7975127696990967,0.928546130657196,-0.10271066427230835,0.744437038898468,0.7574423551559448,-0.05474326014518738,0.755286455154419,0.8588400483131409,-0.08308638632297516,0.7657423615455627,0.8925682902336121,-0.1020703837275505,0.7765883803367615,0.8838716745376587,-0.11581315100193024,0.7918070554733276,0.751840353012085,-0.05093645304441452,0.8022087216377258,0.8822540640830994,-0.07254151999950409,0.7966905236244202,0.9099376201629639,-0.07795408368110657,0.7961418628692627,0.8948152661323547,-0.08353134244680405,0.8318357467651367,0.7671647071838379,-0.049837782979011536,0.8400979042053223,0.8885089159011841,-0.06760283559560776,0.826690137386322,0.9090932607650757,-0.06127341836690903,0.8199370503425598,0.8958470821380615,-0.05656733363866806,0.8646391034126282,0.7916281819343567,-0.05336796119809151,0.8684981465339661,0.8716086745262146,-0.06792484223842621,0.858708381652832,0.8856131434440613,-0.06572641432285309,0.8531949520111084,0.873603880405426,-0.0616142638027668,YES
0.80301433801651,0.8940567374229431,-2.3466239440494974e-07,0.75533127784729,0.8963662981987,-0.033604513853788376,0.7206204533576965,0.8945027589797974,-0.06085584685206413,0.7464820742607117,0.9167962074279785,-0.08241524547338486,0.7944454550743103,0.9315763115882874,-0.09964405000209808,0.7461180090904236,0.7577314376831055,-0.052580706775188446,0.7561536431312561,0.8586440086364746,-0.07917386293411255,0.7608542442321777,0.8841685652732849,-0.09716339409351349,0.7676896452903748,0.8679292798042297,-0.11089231073856354,0.7922950387001038,0.7530290484428406,-0.049259088933467865,0.8012920618057251,0.8835115432739258,-0.06970621645450592,0.7940976023674011,0.9058064222335815,-0.07393846660852432,0.7934413552284241,0.885046124458313,-0.07895202189683914,0.8321417570114136,0.7682960629463196,-0.048601340502500534,0.8391327261924744,0.8907964825630188,-0.0654536560177803,0.8246726989746094,0.9067153930664062,-0.05811350792646408,0.8181619644165039,0.887901782989502,-0.053117699921131134,0.8653037548065186,0.7929444313049316,-0.05255812779068947,0.8678436279296875,0.8740087151527405,-0.06700592488050461,0.8584946990013123,0.8842334747314453,-0.06497377157211304,0.8544226884841919,0.8670669198036194,-0.061240777373313904,YES
0.7975773811340332,0.8936622142791748,-2.5215953769475163e-07,0.7527334690093994,0.8975616097450256,-0.03603849560022354,0.7200339436531067,0.8955132961273193,-0.06453321129083633,0.7489638924598694,0.9166118502616882,-0.08702916651964188,0.7990638017654419,0.9300158023834229,-0.10521814227104187,0.7455237507820129,0.7557994723320007,-0.056023236364126205,0.7578798532485962,0.8589118719100952,-0.08409877866506577,0.7649878859519958,0.8882395029067993,-0.1028648316860199,0.7720863819122314,0.8756170868873596,-0.11666841059923172,0.7929249405860901,0.7508164644241333,-0.05205724760890007,0.803744912147522,0.882362961769104,-0.0737435519695282,0.7956385016441345,0.9066175818443298,-0.07888327538967133,0.7927387356758118,0.889020562171936,-0.08443976193666458,0.833277702331543,0.7672268748283386,-0.05088084563612938,0.8396697640419006,0.8900406360626221,-0.06863642483949661,0.823933482170105,0.9071338772773743,-0.061841368675231934,0.8156219124794006,0.8907699584960938,-0.057041872292757034,0.8659641146659851,0.7931615710258484,-0.054485004395246506,0.8680099248886108,0.8740338683128357,-0.06932998448610306,0.8567289113998413,0.8832433819770813,-0.06714023649692535,0.8500974178314209,0.8670925498008728,-0.06320763379335403,YES
0.8023926019668579,0.8953202962875366,-2.2866744586735877e-07,0.7557963132858276,0.898395299911499,-0.0363570898771286,0.7208538055419922,0.8952090740203857,-0.06507233530282974,0.7451375722885132,0.9156495928764343,-0.08734960108995438,0.7930322289466858,0.9305708408355713,-0.10479724407196045,0.7463683485984802,0.7561967968940735,-0.055492695420980453,0.7577196359634399,0.8605297803878784,-0.08276299387216568,0.7629408240318298,0.8879406452178955,-0.10029388219118118,0.7699903249740601,0.8723474144935608,-0.11366137862205505,0.7929308414459229,0.7517985105514526,-0.05112193152308464,0.8027570247650146,0.8817236423492432,-0.0726497620344162,0.7948042750358582,0.9022907018661499,-0.07680974900722504,0.7933271527290344,0.8792927265167236,-0.08170441538095474,0.8329641819000244,0.7676343321800232,-0.04962244629859924,0.8398116230964661,0.8892134428024292,-0.06747507303953171,0.8245107531547546,0.903812050819397,-0.059916939586400986,0.8175058960914612,0.8832903504371643,-0.05474192649126053,0.8664343357086182,0.7928005456924438,-0.052958957850933075,0.8681756854057312,0.8740077614784241,-0.0683833509683609,0.8573362231254578,0.8834195733070374,-0.0667760893702507,0.8517861366271973,0.8652620315551758,-0.06331244856119156,YES
0.7997339367866516,0.8909216523170471,-2.5981464091273665e-07,0.7539305090904236,0.8966280221939087,-0.03656245023012161,0.7205371856689453,0.8940960764884949,-0.06457940489053726,0.7488785982131958,0.9158653020858765,-0.08653372526168823,0.7978143095970154,0.9302976727485657,-0.10391830652952194,0.7458374500274658,0.7562122344970703,-0.055237360298633575,0.756995439529419,0.8602474927902222,-0.08437739312648773,0.7654300332069397,0.8915032148361206,-0.10318195074796677,0.775027334690094,0.8770351409912109,-0.11688818037509918,0.7928224802017212,0.7511274814605713,-0.0511888824403286,0.803127646446228,0.8800367712974548,-0.07397184520959854,0.7948859930038452,0.9044846892356873,-0.07894004136323929,0.7925704717636108,0.8815997242927551,-0.08391045778989792,0.8328235745429993,0.7665404081344604,-0.05023322254419327,0.8408837914466858,0.887154757976532,-0.06903759390115738,0.8247879147529602,0.9048870205879211,-0.062181051820516586,0.816495418548584,0.8839595913887024,-0.05702708661556244,0.8657404184341431,0.7911913394927979,-0.05413598194718361,0.8684725165367126,0.8719918131828308,-0.06960394233465195,0.8563584089279175,0.8842257261276245,-0.06792416423559189,0.8493423461914062,0.8670485019683838,-0.06423019617795944,YES
0.8009206056594849,0.8930370211601257,-2.5098682954194373e-07,0.7547869682312012,0.8977034091949463,-0.036538880318403244,0.7205733060836792,0.8944786190986633,-0.06461205333471298,0.7474605441093445,0.914530873298645,-0.08646832406520844,0.7959328889846802,0.9278187155723572,-0.10344430804252625,0.7453249096870422,0.755703330039978,-0.05468617379665375,0.755468487739563,0.8602046966552734,-0.08429950475692749,0.7649872303009033,0.8920267820358276,-0.10325053334236145,0.7758457064628601,0.8784297108650208,-0.11683469265699387,0.7922855019569397,0.7507101893424988,-0.05038284882903099,0.8028616309165955,0.8800923824310303,-0.07326488941907883,0.7956688404083252,0.903301477432251,-0.07769519090652466,0.7941290140151978,0.8798074126243591,-0.08211521804332733,0.8323602676391602,0.7660464644432068,-0.04932183027267456,0.8410114645957947,0.8869152665138245,-0.06815411895513535,0.8256310224533081,0.9026913642883301,-0.060370516031980515,0.8179660439491272,0.8801290392875671,-0.05446144938468933,0.8655117750167847,0.7906519770622253,-0.05317283794283867,0.8683861494064331,0.8718671202659607,-0.06869468092918396,0.8568037152290344,0.8836989402770996,-0.06660661846399307,0.8505986928939819,0.8656661510467529,-0.06242625042796135,YES
0.8033065795898438,0.9026667475700378,-2.887422283492924e-07,0.7554236650466919,0.9041149616241455,-0.03599812835454941,0.7222983837127686,0.8955370783805847,-0.06279139220714569,0.7488088607788086,0.913880467414856,-0.08316940814256668,0.7952278852462769,0.9279347658157349,-0.09833895415067673,0.7506343126296997,0.7555601596832275,-0.05338165536522865,0.7640277147293091,0.8640497922897339,-0.07970048487186432,0.7638231515884399,0.8941366672515869,-0.09532531350851059,0.7662355899810791,0.8730701208114624,-0.10779401659965515,0.796329140663147,0.7527750134468079,-0.04929416999220848,0.8090412616729736,0.8837466835975647,-0.07209599018096924,0.7963089942932129,0.9027522802352905,-0.07567862421274185,0.7913682460784912,0.8688188195228577,-0.07937901467084885,0.835928738117218,0.7693338990211487,-0.04814150556921959,0.8460240960121155,0.8907220959663391,-0.06562554836273193,0.8272092938423157,0.8999820947647095,-0.05691395327448845,0.817876398563385,0.8671698570251465,-0.05119367688894272,0.8677835464477539,0.7954933047294617,-0.05201493576169014,0.8726292848587036,0.8776247501373291,-0.0679386705160141,0.8584586977958679,0.8850446939468384,-0.06722934544086456,0.8511615991592407,0.8598031401634216,-0.0644373819231987,YES
0.8065645694732666,0.894676923751831,-2.4221318994932517e-07,0.7600771188735962,0.9002918601036072,-0.03822902962565422,0.727737545967102,0.8982382416725159,-0.06721659749746323,0.7547211647033691,0.921592652797699,-0.08950729668140411,0.8021018505096436,0.9365007281303406,-0.10672794282436371,0.7524183392524719,0.7605239152908325,-0.057663172483444214,0.7636633515357971,0.8659778833389282,-0.08566181361675262,0.7632996439933777,0.8903316855430603,-0.1027931198477745,0.765861451625824,0.8680899143218994,-0.11631696671247482,0.7979029417037964,0.7564685940742493,-0.05301723629236221,0.8089436292648315,0.8858703374862671,-0.07688453793525696,0.7978969216346741,0.9019882678985596,-0.08120287209749222,0.7943993210792542,0.8691515326499939,-0.08578912913799286,0.8374684453010559,0.7714847922325134,-0.05141729861497879,0.8473522067070007,0.8916165828704834,-0.07044413685798645,0.8300794363021851,0.8987274169921875,-0.06232074275612831,0.8219347596168518,0.8657688498497009,-0.05702178552746773,0.8701092600822449,0.7961779236793518,-0.05497850477695465,0.8748405575752258,0.8782060146331787,-0.07143395394086838,0.8610854148864746,0.8854716420173645,-0.07079639285802841,0.8540940880775452,0.8608744144439697,-0.06833964586257935,YES
0.8088398575782776,0.9035743474960327,-2.576278177457425e-07,0.7609454393386841,0.9082671999931335,-0.03773467615246773,0.7275651693344116,0.9020447731018066,-0.06629648059606552,0.7553691864013672,0.917539119720459,-0.08841252326965332,0.8035247921943665,0.9282732009887695,-0.10511046648025513,0.7500741481781006,0.7591807842254639,-0.05345170944929123,0.7632193565368652,0.864119827747345,-0.08134724199771881,0.7641164660453796,0.8961502909660339,-0.09841184318065643,0.7671290040016174,0.8759479522705078,-0.11162443459033966,0.7959510684013367,0.7544979453086853,-0.04927698150277138,0.8093910217285156,0.881264865398407,-0.07314848154783249,0.7993986010551453,0.9034553170204163,-0.07797019928693771,0.7966351509094238,0.8716310262680054,-0.08235837519168854,0.8359753489494324,0.7693557143211365,-0.04841167479753494,0.84840989112854,0.8877682089805603,-0.06786646693944931,0.8316144347190857,0.9019124507904053,-0.06039465218782425,0.8233063817024231,0.872559130191803,-0.05493386089801788,0.8697249889373779,0.7936578989028931,-0.052609093487262726,0.8754129409790039,0.8738376498222351,-0.06858744472265244,0.8615583181381226,0.8875270485877991,-0.06739490479230881,0.8539109826087952,0.868242084980011,-0.0640837699174881,YES
0.8048592209815979,0.8971237540245056,-2.5432248662582424e-07,0.7602877616882324,0.905436635017395,-0.041013699024915695,0.7297509908676147,0.9031713008880615,-0.0709838941693306,0.7619137167930603,0.9210518598556519,-0.09391787648200989,0.8142959475517273,0.9327681660652161,-0.11134616285562515,0.7514032125473022,0.7604904770851135,-0.057704079896211624,0.7635294795036316,0.8675955533981323,-0.0883541852235794,0.7711897492408752,0.9006698131561279,-0.10786311328411102,0.7807978391647339,0.885032057762146,-0.12211732566356659,0.7985324859619141,0.7557167410850525,-0.05167151987552643,0.8115496039390564,0.8844086527824402,-0.07621646672487259,0.8011592626571655,0.904865026473999,-0.08124841004610062,0.7979071736335754,0.8745359182357788,-0.08604620397090912,0.8384382724761963,0.7714148163795471,-0.04938165843486786,0.8504557013511658,0.8895530700683594,-0.06889817118644714,0.8321734666824341,0.9000834822654724,-0.06111105531454086,0.8233550190925598,0.8720893859863281,-0.05539605766534805,0.8709821105003357,0.7964571714401245,-0.05254282057285309,0.8774765729904175,0.8748820424079895,-0.06899178773164749,0.8619434237480164,0.8834332823753357,-0.06799913197755814,0.8531360626220703,0.8629895448684692,-0.06477679312229156,YES
0.8094896078109741,0.9037221074104309,-2.443350410885614e-07,0.762345552444458,0.9086248874664307,-0.03879392147064209,0.7302122712135315,0.9026588797569275,-0.06746336817741394,0.7600816488265991,0.9191184639930725,-0.08933999389410019,0.8103500604629517,0.9312655329704285,-0.10541756451129913,0.7504851818084717,0.7597442865371704,-0.05427750200033188,0.7626691460609436,0.8641654849052429,-0.08321547508239746,0.7683069109916687,0.8974364399909973,-0.10066597163677216,0.7757207751274109,0.8806719779968262,-0.1136043518781662,0.797472357749939,0.7555838823318481,-0.049071621149778366,0.8117141723632812,0.8819431066513062,-0.07296789437532425,0.8032776117324829,0.9029378890991211,-0.07746901363134384,0.801247775554657,0.8710469603538513,-0.0817248597741127,0.8379941582679749,0.7710357308387756,-0.04747018963098526,0.8518253564834595,0.8879681825637817,-0.06694895029067993,0.8357081413269043,0.8994144797325134,-0.05971677601337433,0.827154278755188,0.8690920472145081,-0.05439060926437378,0.8718794584274292,0.7959952354431152,-0.05095842853188515,0.8782387971878052,0.8749400973320007,-0.06700313091278076,0.8647767305374146,0.8865863680839539,-0.06614767760038376,0.8569844365119934,0.8662370443344116,-0.06308803707361221,YES
0.8076921105384827,0.9038099050521851,-2.7506553124112543e-07,0.762481153011322,0.9086684584617615,-0.039118941873311996,0.7303358912467957,0.9032502770423889,-0.06883608549833298,0.7607851624488831,0.9190381765365601,-0.09217212349176407,0.8129274249076843,0.9293538331985474,-0.11019356548786163,0.7506299614906311,0.7574451565742493,-0.05470075085759163,0.7651603817939758,0.8577629923820496,-0.08556871116161346,0.7707898616790771,0.8934234380722046,-0.10477455705404282,0.7775117754936218,0.8767250180244446,-0.11870382726192474,0.7973462343215942,0.7517744898796082,-0.049863215535879135,0.8119102120399475,0.8748344779014587,-0.0756569504737854,0.8015733957290649,0.903872013092041,-0.08095953613519669,0.7983620762825012,0.8770632743835449,-0.08523838222026825,0.8370588421821594,0.7664202451705933,-0.048840075731277466,0.8515279293060303,0.8822434544563293,-0.06991122663021088,0.8330399394035339,0.9045442938804626,-0.06341139227151871,0.8235785365104675,0.8826295733451843,-0.05805567651987076,0.8703649640083313,0.7905730605125427,-0.052941326051950455,0.8776077032089233,0.8703410625457764,-0.06944477558135986,0.8619436621665955,0.8901820778846741,-0.06882690638303757,0.8521287441253662,0.8771347999572754,-0.06580543518066406,YES
0.80926913022995,0.9026159048080444,-2.5991121788138116e-07,0.7643473744392395,0.9079211950302124,-0.040098946541547775,0.7319325804710388,0.9041274189949036,-0.07073117792606354,0.760399580001831,0.9211068749427795,-0.09473597258329391,0.8120265603065491,0.9316128492355347,-0.113278828561306,0.7515085935592651,0.7581650018692017,-0.05646662041544914,0.7654184103012085,0.8588752150535583,-0.0873163565993309,0.7702221870422363,0.8928058743476868,-0.10597191005945206,0.776465892791748,0.8753014802932739,-0.11957673728466034,0.7976917624473572,0.7526443600654602,-0.05131036415696144,0.8119357824325562,0.8763934373855591,-0.07746419310569763,0.8013226985931396,0.9039504528045654,-0.08250169456005096,0.7978798747062683,0.8766886591911316,-0.0865820050239563,0.8370883464813232,0.7670735716819763,-0.049961116164922714,0.8508779406547546,0.8837448358535767,-0.07148735225200653,0.8321517109870911,0.9049111008644104,-0.0647151917219162,0.8226022124290466,0.8816749453544617,-0.059172119945287704,0.8702694177627563,0.7910731434822083,-0.053798217326402664,0.8770110607147217,0.8715813159942627,-0.07062147557735443,0.8614075183868408,0.8906568288803101,-0.07000424712896347,0.8517998456954956,0.876647412776947,-0.06697932630777359,YES
0.8095862865447998,0.9121420979499817,-3.245292248266196e-07,0.7649121880531311,0.9053149223327637,-0.03030945546925068,0.727830171585083,0.892092227935791,-0.054438378661870956,0.7415112257003784,0.8977457284927368,-0.07407937943935394,0.7857706546783447,0.9068254232406616,-0.0894528180360794,0.748803436756134,0.7512062191963196,-0.04061141237616539,0.7613295912742615,0.8382673263549805,-0.06694415211677551,0.7720067501068115,0.8802648782730103,-0.0839276909828186,0.7788320183753967,0.8780912160873413,-0.09488681703805923,0.7935261130332947,0.7471661567687988,-0.03792748972773552,0.8058426976203918,0.8563925623893738,-0.05971734598278999,0.8065329790115356,0.8979204297065735,-0.06456685066223145,0.808216392993927,0.8966396450996399,-0.06689612567424774,0.8326898813247681,0.7605843544006348,-0.03843148425221443,0.8451876044273376,0.8624386787414551,-0.05808010697364807,0.8379716277122498,0.893059492111206,-0.0536811426281929,0.8336576223373413,0.8892004489898682,-0.04777565225958824,0.8668827414512634,0.7820169925689697,-0.042677029967308044,0.874544620513916,0.8473077416419983,-0.055609095841646194,0.8658233284950256,0.8750905990600586,-0.05194779112935066,0.8596247434616089,0.87666255235672,-0.04552091658115387,YES
0.8085176944732666,0.9107397198677063,-3.5304069001540483e-07,0.7652835845947266,0.9047483205795288,-0.030584752559661865,0.7274811863899231,0.8923932313919067,-0.055184975266456604,0.739639163017273,0.8980825543403625,-0.07529814541339874,0.7835058569908142,0.9067620038986206,-0.09080610424280167,0.7487199902534485,0.7507957220077515,-0.04101039096713066,0.7611563205718994,0.8369650840759277,-0.0679885745048523,0.7735418081283569,0.879319429397583,-0.08455421030521393,0.781745195388794,0.8766129016876221,-0.09494349360466003,0.793472945690155,0.746580958366394,-0.038466304540634155,0.8072127103805542,0.8557218909263611,-0.060786616057157516,0.806635856628418,0.8967461585998535,-0.06513746827840805,0.8062693476676941,0.8923253417015076,-0.06692709028720856,0.8326739072799683,0.7596864700317383,-0.03923286497592926,0.8463354706764221,0.8615780472755432,-0.05924589931964874,0.8374929428100586,0.8926311731338501,-0.054100047796964645,0.8315088152885437,0.8868805766105652,-0.047562696039676666,0.8667252063751221,0.7806131839752197,-0.04380190372467041,0.8757718205451965,0.845810055732727,-0.05681123211979866,0.8658737540245056,0.8740828037261963,-0.05279214307665825,0.8582988381385803,0.8748846650123596,-0.04602138325572014,YES
0.8119025230407715,0.9065923690795898,-2.8775696137017803e-07,0.7728852033615112,0.9001190066337585,-0.032668519765138626,0.7349098324775696,0.8820880651473999,-0.05551260709762573,0.7330055832862854,0.8783791065216064,-0.07313280552625656,0.7541280388832092,0.8741921186447144,-0.08450396358966827,0.7358219027519226,0.7390798330307007,-0.035991914570331573,0.7476880550384521,0.7765992879867554,-0.06373746693134308,0.7572470307350159,0.8247407078742981,-0.07704820483922958,0.761360764503479,0.8266417980194092,-0.0846082791686058,0.7800126671791077,0.7355947494506836,-0.0329725444316864,0.795092761516571,0.7946269512176514,-0.0592641606926918,0.7966524362564087,0.846368134021759,-0.06144826114177704,0.7961182594299316,0.8410387635231018,-0.05935473367571831,0.8200557827949524,0.7474604845046997,-0.03447950258851051,0.8359194397926331,0.8129302263259888,-0.05754317343235016,0.8297356963157654,0.8572648167610168,-0.04885506257414818,0.8244155645370483,0.8474574685096741,-0.03940135985612869,0.8564665913581848,0.7655029892921448,-0.039860449731349945,0.86407470703125,0.8119997382164001,-0.05323567986488342,0.8584629893302917,0.8509159684181213,-0.047310423105955124,0.8544718027114868,0.8473289012908936,-0.03966662660241127,YES
0.8134760856628418,0.9062405228614807,-3.068249156967795e-07,0.7734469175338745,0.9020730257034302,-0.0298481248319149,0.7362364530563354,0.8856685757637024,-0.0517939068377018,0.7315309643745422,0.8756187558174133,-0.06827396154403687,0.7516956329345703,0.8658205270767212,-0.07917915284633636,0.7354627847671509,0.7387369871139526,-0.03416784480214119,0.7573925852775574,0.8089398145675659,-0.060048431158065796,0.7633837461471558,0.844146728515625,-0.07490824908018112,0.7606279850006104,0.8309118151664734,-0.08488254994153976,0.7786961197853088,0.7346617579460144,-0.03291594237089157,0.7992920875549316,0.8176307678222656,-0.05826755240559578,0.7994279265403748,0.856255829334259,-0.06260542571544647,0.7963123321533203,0.8435351848602295,-0.06306611001491547,0.8188470602035522,0.7454990148544312,-0.035317905247211456,0.8375486135482788,0.8263737559318542,-0.0574297159910202,0.8307956457138062,0.8603782653808594,-0.048864491283893585,0.8239301443099976,0.8459568619728088,-0.04016132280230522,0.8551807999610901,0.7638813853263855,-0.04154717177152634,0.8639063239097595,0.8200169205665588,-0.05573973432183266,0.8579482436180115,0.8527945876121521,-0.05031784251332283,0.8528274893760681,0.8459151387214661,-0.04293258488178253,YES
0.7978009581565857,0.9162390828132629,-3.8743374375371786e-07,0.7495840191841125,0.903464138507843,-0.026216760277748108,0.7151973247528076,0.876765251159668,-0.04659201577305794,0.7323998808860779,0.8625659942626953,-0.06379225850105286,0.7735214233398438,0.854411780834198,-0.07637869566679001,0.7309153079986572,0.7356041669845581,-0.030979465693235397,0.7410708665847778,0.7799041271209717,-0.05812974274158478,0.7478635311126709,0.8200573921203613,-0.07316995412111282,0.7472778558731079,0.8211047053337097,-0.08249244838953018,0.7740233540534973,0.7238530516624451,-0.031267549842596054,0.7821564078330994,0.8116636276245117,-0.056400470435619354,0.7784467935562134,0.8600183725357056,-0.06073261797428131,0.7763854265213013,0.8547782897949219,-0.06120537593960762,0.8136143088340759,0.7341110706329346,-0.035398419946432114,0.821282684803009,0.8221720457077026,-0.05432746931910515,0.8122379779815674,0.8617361783981323,-0.04562029987573624,0.8085085153579712,0.8535482287406921,-0.03765224665403366,0.8502593636512756,0.7567611336708069,-0.04378107935190201,0.8535727262496948,0.8225599527359009,-0.05535822734236717,0.8429480195045471,0.8563053607940674,-0.05040805786848068,0.8369441628456116,0.8531678915023804,-0.043640971183776855,YES
0.8063066601753235,0.9231917858123779,-3.962613845942542e-07,0.754321813583374,0.9088863134384155,-0.02549590915441513,0.7167473435401917,0.8800421357154846,-0.04562833532691002,0.7368454337120056,0.8636912107467651,-0.0628013014793396,0.7802802920341492,0.8566352725028992,-0.07455787807703018,0.7343727350234985,0.7357077598571777,-0.026690546423196793,0.7443568706512451,0.7847422957420349,-0.05506707727909088,0.7486304640769958,0.8277233242988586,-0.07197360694408417,0.747576117515564,0.8252506256103516,-0.083344966173172,0.7766398191452026,0.7261162996292114,-0.028254998847842216,0.7843570113182068,0.8050656318664551,-0.055509962141513824,0.7802850604057312,0.8538314700126648,-0.06067492440342903,0.7785962820053101,0.8487809300422668,-0.06140337139368057,0.8154007792472839,0.7358142137527466,-0.034156426787376404,0.8245881795883179,0.8197261691093445,-0.056185390800237656,0.8150855898857117,0.8593018651008606,-0.04890741780400276,0.8096144795417786,0.8492897152900696,-0.041427452117204666,0.8514835238456726,0.7576007843017578,-0.04411076009273529,0.8552610278129578,0.8230804800987244,-0.058215174823999405,0.8454345464706421,0.8574352860450745,-0.054902926087379456,0.8385925889015198,0.8515923023223877,-0.04926672950387001,YES
0.8054692149162292,0.9211406707763672,-3.8283647540993115e-07,0.7554250955581665,0.9069452285766602,-0.027394531294703484,0.7178599834442139,0.8812041878700256,-0.04915614426136017,0.7337939143180847,0.8654318451881409,-0.0677332803606987,0.7786334156990051,0.8567289113998413,-0.08095892518758774,0.7343689203262329,0.7344098091125488,-0.028514526784420013,0.7432646751403809,0.787903368473053,-0.05731746181845665,0.7472169399261475,0.8296822905540466,-0.07442689687013626,0.7457285523414612,0.8235144019126892,-0.08568520098924637,0.7768173217773438,0.7259618043899536,-0.029425574466586113,0.7842732667922974,0.8069124221801758,-0.05730827525258064,0.7795601487159729,0.8545518517494202,-0.06304686516523361,0.7770095467567444,0.8485832810401917,-0.06387834250926971,0.8158677220344543,0.7363765239715576,-0.03474241867661476,0.8239119052886963,0.8198278546333313,-0.05795988813042641,0.8137215375900269,0.8584849238395691,-0.05170292407274246,0.8075318336486816,0.8479869365692139,-0.044327083975076675,0.8518520593643188,0.7585172057151794,-0.04414338245987892,0.8554503321647644,0.823337197303772,-0.05856722220778465,0.844069242477417,0.8581636548042297,-0.05555608123540878,0.8352320194244385,0.854415774345398,-0.04989709332585335,YES
0.8108505606651306,0.9300646185874939,-4.054037674450228e-07,0.7603901624679565,0.9172601103782654,-0.02566046640276909,0.7222844958305359,0.8898860216140747,-0.04656403139233589,0.7386040687561035,0.8715658187866211,-0.06465066969394684,0.7816624641418457,0.8594276309013367,-0.07737107574939728,0.7378385066986084,0.739364743232727,-0.02549746446311474,0.7477293014526367,0.79114830493927,-0.05419357493519783,0.7527869939804077,0.8321065902709961,-0.0722218006849289,0.7523355484008789,0.8285450339317322,-0.08409587293863297,0.7788553833961487,0.7306292653083801,-0.027186034247279167,0.7890995144844055,0.8094952702522278,-0.054220106452703476,0.7852236032485962,0.8559173941612244,-0.059923384338617325,0.7827476859092712,0.8502600193023682,-0.06091947853565216,0.8170784115791321,0.7407371401786804,-0.03323754668235779,0.8286060690879822,0.8216980695724487,-0.05468558892607689,0.8192148804664612,0.8607585430145264,-0.047058314085006714,0.8132320642471313,0.8511202335357666,-0.03915809467434883,0.853117823600769,0.7625710368156433,-0.0434521809220314,0.8589374423027039,0.8246352076530457,-0.056356608867645264,0.8499890565872192,0.8577167987823486,-0.05216941982507706,0.8432760238647461,0.8513997197151184,-0.04580782726407051,YES
0.8098553419113159,0.9313138127326965,-4.1578655896046257e-07,0.7600341439247131,0.9170882105827332,-0.026449216529726982,0.720875084400177,0.8898538947105408,-0.04736130312085152,0.733320415019989,0.8705168962478638,-0.06513123214244843,0.7772181630134583,0.8574799299240112,-0.07735297828912735,0.7374319434165955,0.7384535670280457,-0.026858879253268242,0.7476101517677307,0.7940785884857178,-0.0533420629799366,0.7522196769714355,0.8372539281845093,-0.06861156225204468,0.7503771185874939,0.8335912227630615,-0.07863935828208923,0.7792595028877258,0.7304782867431641,-0.02779541164636612,0.7895694971084595,0.8113182187080383,-0.05368446558713913,0.785300076007843,0.8588799238204956,-0.05836406722664833,0.78236323595047,0.8541033864021301,-0.05853881314396858,0.8180262446403503,0.7408717274665833,-0.032838981598615646,0.8290523290634155,0.8225855231285095,-0.05399471893906593,0.8190224766731262,0.8625503182411194,-0.04674932733178139,0.8126688599586487,0.8541432619094849,-0.03885228559374809,0.854093611240387,0.7632441520690918,-0.04194887727499008,0.8601120710372925,0.8243882060050964,-0.05483062192797661,0.849478006362915,0.8589494228363037,-0.05084921419620514,0.8409533500671387,0.855463445186615,-0.04445011168718338,YES
0.8125990033149719,0.936062753200531,-4.4002828758493706e-07,0.7624202370643616,0.9218873977661133,-0.02656736597418785,0.7225868105888367,0.8930652737617493,-0.04689748212695122,0.7354658246040344,0.8711034059524536,-0.06442254036664963,0.7807027101516724,0.8602285385131836,-0.07654817402362823,0.7421301007270813,0.7406390905380249,-0.024498816579580307,0.7497951984405518,0.7923023700714111,-0.05129023268818855,0.7525967955589294,0.8387184739112854,-0.06729071587324142,0.7510411739349365,0.8386037349700928,-0.07752998918294907,0.7831065058708191,0.732949435710907,-0.02541627362370491,0.7907906174659729,0.8090069890022278,-0.051062531769275665,0.7855970859527588,0.8585900068283081,-0.056000966578722,0.7828599214553833,0.8559058308601379,-0.05612831935286522,0.8210696578025818,0.7438917756080627,-0.030684877187013626,0.8298671841621399,0.8209505677223206,-0.05260433629155159,0.8197325468063354,0.8635099530220032,-0.04607323184609413,0.8142575621604919,0.8585286736488342,-0.03805437311530113,0.8563305735588074,0.7671193480491638,-0.0399479977786541,0.8611267805099487,0.8246556520462036,-0.052922334522008896,0.8495214581489563,0.8608039617538452,-0.048793304711580276,0.8408651947975159,0.8604830503463745,-0.042007096111774445,YES
0.8120899796485901,0.9354947805404663,-4.2504987618485757e-07,0.7623907327651978,0.9208968877792358,-0.02790474146604538,0.7217458486557007,0.8929126262664795,-0.04873375967144966,0.7326586842536926,0.8697459101676941,-0.06635572016239166,0.7766304016113281,0.8573774695396423,-0.07821248471736908,0.7398837208747864,0.7421727776527405,-0.02663474716246128,0.7497924566268921,0.7903106808662415,-0.053078543394804,0.7539445161819458,0.8370335102081299,-0.06755836308002472,0.7523213624954224,0.8396506905555725,-0.07653504610061646,0.7820720672607422,0.7333105802536011,-0.026844000443816185,0.790957510471344,0.8076631426811218,-0.052912209182977676,0.7869039177894592,0.8579111099243164,-0.05740070715546608,0.7847185134887695,0.8579623103141785,-0.05683528631925583,0.8209222555160522,0.7434466481208801,-0.03143421933054924,0.8305680155754089,0.8206567764282227,-0.05420619249343872,0.8206310272216797,0.8631799221038818,-0.047852225601673126,0.8149142265319824,0.8597298860549927,-0.03956260904669762,0.8570258617401123,0.7660295963287354,-0.039981115609407425,0.8622970581054688,0.82337486743927,-0.053802307695150375,0.8507239818572998,0.8593982458114624,-0.050001706928014755,0.8416242003440857,0.8595836758613586,-0.04316069185733795,YES
0.8153234720230103,0.937696099281311,-4.429638806868752e-07,0.7642704248428345,0.92464679479599,-0.025410816073417664,0.7243929505348206,0.89451664686203,-0.04433576390147209,0.7384154796600342,0.8692740797996521,-0.06093664467334747,0.781204104423523,0.8567273020744324,-0.0723552331328392,0.7431098222732544,0.7459896206855774,-0.02190164290368557,0.7501634359359741,0.7858985066413879,-0.04921024665236473,0.7570348978042603,0.8335438966751099,-0.06533592939376831,0.7578218579292297,0.841053307056427,-0.07496071606874466,0.7840580940246582,0.735988438129425,-0.023295162245631218,0.7923760414123535,0.8054808378219604,-0.04931015521287918,0.7902494668960571,0.8584671020507812,-0.054926443845033646,0.7886227965354919,0.8613696098327637,-0.05485356226563454,0.8219035267829895,0.7456684112548828,-0.029180293902754784,0.8315743207931519,0.8199369311332703,-0.05190914496779442,0.823224663734436,0.8655964136123657,-0.04597925394773483,0.8182179927825928,0.8638433814048767,-0.03775636479258537,0.8571288585662842,0.7678073644638062,-0.03884951397776604,0.8624428510665894,0.8235111832618713,-0.051510218530893326,0.851802408695221,0.8618050813674927,-0.04680211842060089,0.8434535264968872,0.8627831339836121,-0.03940665349364281,YES
0.8142516613006592,0.9349780678749084,-4.1416456042497884e-07,0.7642014622688293,0.9230449199676514,-0.025656819343566895,0.724590539932251,0.8943881988525391,-0.044767092913389206,0.7376869320869446,0.8699839115142822,-0.06135756894946098,0.7786719799041748,0.8571218252182007,-0.07310611009597778,0.7426415681838989,0.746460497379303,-0.023373380303382874,0.7509621977806091,0.7888927459716797,-0.04951608553528786,0.7576884031295776,0.8359347581863403,-0.06536053121089935,0.7579982280731201,0.8434706926345825,-0.07510379701852798,0.7838112711906433,0.7370660305023193,-0.02467389591038227,0.7919586300849915,0.8052040338516235,-0.0494241788983345,0.7912243604660034,0.8574727177619934,-0.055038727819919586,0.7906625866889954,0.8626251816749573,-0.055266398936510086,0.8219056129455566,0.7467828989028931,-0.030173856765031815,0.8309983015060425,0.819225013256073,-0.052266646176576614,0.8241281509399414,0.8646532297134399,-0.04627739638090134,0.8202248811721802,0.8654886484146118,-0.038080424070358276,0.8573009967803955,0.7688148617744446,-0.03938393294811249,0.8622607588768005,0.8222091197967529,-0.05168615281581879,0.8525010347366333,0.8607732057571411,-0.046231891959905624,0.8451974987983704,0.8646026253700256,-0.03833581879734993,YES
0.2073546200990677,0.8592552542686462,1.6825178761337156e-07,0.24154159426689148,0.8257423639297485,-0.018857615068554878,0.2578902542591095,0.7875714302062988,-0.025162898004055023,0.254437655210495,0.7430382966995239,-0.03213969245553017,0.25585514307022095,0.7052133083343506,-0.03763334080576897,0.27191880345344543,0.7357272505760193,0.004151240922510624,0.2787356674671173,0.6993411183357239,-0.007565889973193407,0.27543988823890686,0.673845648765564,-0.01749836467206478,0.27134665846824646,0.6485199332237244,-0.024081705138087273,0.2464653104543686,0.7242685556411743,0.005010743159800768,0.2527937889099121,0.6833317279815674,-0.011327345855534077,0.2526312470436096,0.6574044823646545,-0.021158454939723015,0.2529970705509186,0.635980486869812,-0.02545967325568199,0.2185526341199875,0.7235055565834045,0.0017016612691804767,0.2198011875152588,0.6934716701507568,-0.02869732864201069,0.22013938426971436,0.7366679906845093,-0.03421848639845848,0.22104446589946747,0.7757024765014648,-0.02857641503214836,0.18977972865104675,0.7289445400238037,-0.0025992312002927065,0.19267761707305908,0.6996530890464783,-0.028823085129261017,0.19722896814346313,0.7334733009338379,-0.030644087120890617,0.20021313428878784,0.7680160999298096,-0.025327760726213455,NO
0.20635412633419037,0.851065993309021,2.0641904541207623e-07,0.2427086979150772,0.8260279893875122,-0.01756095141172409,0.25946691632270813,0.7862582206726074,-0.024869639426469803,0.2563997507095337,0.7440198659896851,-0.03262884169816971,0.26045873761177063,0.7130095362663269,-0.03917669504880905,0.2720901370048523,0.7334709167480469,-0.0009431447251699865,0.2784233093261719,0.6990802884101868,-0.014826181344687939,0.27647608518600464,0.6713603138923645,-0.026245545595884323,0.2737702429294586,0.6458299160003662,-0.033485494554042816,0.24651050567626953,0.7218232750892639,-0.0009743057889863849,0.25359535217285156,0.6857469081878662,-0.02013954147696495,0.25439560413360596,0.6597939729690552,-0.03176621347665787,0.25589609146118164,0.6368110775947571,-0.036566611379384995,0.21757809817790985,0.7192975878715515,-0.004309553187340498,0.22181466221809387,0.6962952017784119,-0.03425782918930054,0.22048796713352203,0.7427136898040771,-0.03777432069182396,0.21939224004745483,0.7809234261512756,-0.03072759136557579,0.18808962404727936,0.7245923280715942,-0.008608619682490826,0.1965465247631073,0.7044892907142639,-0.03381159156560898,0.19996175169944763,0.7414741516113281,-0.03412087261676788,0.2004396915435791,0.7749484181404114,-0.02742943726480007,NO
0.20754960179328918,0.8471459150314331,2.3206087007565657e-07,0.24234677851200104,0.8248945474624634,-0.018751757219433784,0.25763964653015137,0.7850412130355835,-0.026308169588446617,0.25472787022590637,0.7427689433097839,-0.03382772207260132,0.2605600953102112,0.7119875550270081,-0.040032994002103806,0.27063286304473877,0.7346072793006897,-0.0019006261136382818,0.2775871157646179,0.6986857652664185,-0.014653043821454048,0.27648964524269104,0.6704146862030029,-0.025192778557538986,0.27470898628234863,0.6449227929115295,-0.032062727957963943,0.24495652318000793,0.7232062220573425,-0.0011472946498543024,0.25273555517196655,0.6856200695037842,-0.01930023916065693,0.25428181886672974,0.6598857641220093,-0.030509142205119133,0.25592783093452454,0.6370252370834351,-0.03516961261630058,0.21597328782081604,0.7213438153266907,-0.003696615109220147,0.22079496085643768,0.6950684189796448,-0.03303484246134758,0.22005215287208557,0.7406303286552429,-0.03673233464360237,0.21851356327533722,0.7778698205947876,-0.0299926046282053,0.18641649186611176,0.7268333435058594,-0.007204908411949873,0.19520053267478943,0.70476233959198,-0.0326489619910717,0.19884289801120758,0.7407348155975342,-0.03348873183131218,0.19879432022571564,0.7731070518493652,-0.027247680351138115,NO
0.20787683129310608,0.8454936742782593,2.0614083950931672e-07,0.24170266091823578,0.8259624242782593,-0.018525075167417526,0.25800278782844543,0.7861121892929077,-0.026103485375642776,0.2549007833003998,0.7454839944839478,-0.033547915518283844,0.2588609457015991,0.7140268683433533,-0.039687272161245346,0.2715302109718323,0.7323045134544373,-0.0031514200381934643,0.27816835045814514,0.6986419558525085,-0.0173516646027565,0.27673107385635376,0.6712562441825867,-0.028670208528637886,0.2738780081272125,0.6470906734466553,-0.035500362515449524,0.2459699511528015,0.720569372177124,-0.0030011567287147045,0.25339630246162415,0.6832315921783447,-0.021738706156611443,0.2542518675327301,0.6577497720718384,-0.032892514020204544,0.25479841232299805,0.6355396509170532,-0.03711091727018356,0.21779093146324158,0.7189080119132996,-0.006117273587733507,0.22161151468753815,0.6953156590461731,-0.034655120223760605,0.22000505030155182,0.7400268316268921,-0.037428949028253555,0.218300461769104,0.7761528491973877,-0.03017890825867653,0.1892065405845642,0.7254545092582703,-0.0103480014950037,0.19499514997005463,0.7024937868118286,-0.03328915685415268,0.19834183156490326,0.7351017594337463,-0.0324731171131134,0.19939172267913818,0.7643978595733643,-0.025455422699451447,NO
0.20837540924549103,0.8477928042411804,2.115941697411472e-07,0.24284790456295013,0.8256422281265259,-0.01915331743657589,0.2570323646068573,0.7860804796218872,-0.02654382213950157,0.25285226106643677,0.744025707244873,-0.033852167427539825,0.2582460939884186,0.7132499814033508,-0.039761945605278015,0.270580530166626,0.736698567867279,-0.0014051524922251701,0.2780216634273529,0.7012349963188171,-0.014329759404063225,0.2774624824523926,0.672390341758728,-0.02491793967783451,0.27523478865623474,0.6465784311294556,-0.031783245503902435,0.24570287764072418,0.7245373725891113,-0.0007153715705499053,0.2531203329563141,0.6863707900047302,-0.018795162439346313,0.2542605996131897,0.6601502299308777,-0.029898861423134804,0.25460508465766907,0.6362781524658203,-0.034426018595695496,0.21766744554042816,0.7223684191703796,-0.0034988715779036283,0.22130173444747925,0.6951524019241333,-0.03215021267533302,0.21983793377876282,0.738784670829773,-0.035517822951078415,0.2173026204109192,0.7738812565803528,-0.028706593438982964,0.1887703239917755,0.7276176810264587,-0.0074155586771667,0.19441616535186768,0.7016611695289612,-0.03091840259730816,0.1982262134552002,0.7327637076377869,-0.03089897707104683,0.19864629209041595,0.7616048455238342,-0.024516815319657326,NO
0.20795851945877075,0.8452975749969482,2.2306292635221325e-07,0.24208492040634155,0.8247732520103455,-0.01968548446893692,0.25713592767715454,0.7853007912635803,-0.027890987694263458,0.253439337015152,0.7420646548271179,-0.03588447347283363,0.2607313096523285,0.71223384141922,-0.04244338721036911,0.27026182413101196,0.7334111928939819,-0.0016242621932178736,0.2778826355934143,0.6989715695381165,-0.014449617825448513,0.2771078944206238,0.6719610691070557,-0.02507239393889904,0.2755979597568512,0.6459162831306458,-0.032310351729393005,0.2448151856660843,0.7216327786445618,-0.0006535880384035408,0.2519874572753906,0.6844545602798462,-0.019103126600384712,0.25403112173080444,0.6609364151954651,-0.030659349635243416,0.2555626630783081,0.6373719573020935,-0.03567817434668541,0.21667347848415375,0.720082700252533,-0.0030745340045541525,0.22211846709251404,0.6912912130355835,-0.03265014663338661,0.2203451544046402,0.7368225455284119,-0.03597208112478256,0.21667972207069397,0.7722361087799072,-0.02900499477982521,0.1881822645664215,0.7258725166320801,-0.006544588133692741,0.19578534364700317,0.7002013921737671,-0.03121362254023552,0.19873671233654022,0.733683705329895,-0.03142525628209114,0.1974751353263855,0.7630618810653687,-0.02502376213669777,NO
0.2099769413471222,0.8440958857536316,2.1487772983164177e-07,0.2440022975206375,0.8210424184799194,-0.017697550356388092,0.25788360834121704,0.7792568802833557,-0.024789959192276,0.25311070680618286,0.7384341955184937,-0.03182157874107361,0.2604524791240692,0.7100005149841309,-0.037615176290273666,0.27185577154159546,0.7322658896446228,-0.0014051938196644187,0.27858781814575195,0.6971995234489441,-0.014063717797398567,0.2781876027584076,0.6700003743171692,-0.024604668840765953,0.2757444679737091,0.6455519199371338,-0.03138476982712746,0.24588599801063538,0.721555233001709,-0.0012032283702865243,0.25355806946754456,0.6817750334739685,-0.01833377219736576,0.25519055128097534,0.6588902473449707,-0.02890358492732048,0.2555484175682068,0.6366578936576843,-0.03295902535319328,0.21721069514751434,0.7212679386138916,-0.004078008234500885,0.22163401544094086,0.691523015499115,-0.031021667644381523,0.22089184820652008,0.7359025478363037,-0.03291669860482216,0.21790434420108795,0.7690423727035522,-0.02543424256145954,0.18798719346523285,0.7290121912956238,-0.00791692640632391,0.19502896070480347,0.7024281024932861,-0.029541905969381332,0.19858945906162262,0.7351649403572083,-0.02762841247022152,0.19776642322540283,0.7627407908439636,-0.020098211243748665,NO
0.2102137804031372,0.8443623781204224,2.0389302335388493e-07,0.2432919442653656,0.8212729096412659,-0.018087077885866165,0.25737154483795166,0.7808584570884705,-0.02509082481265068,0.25339293479919434,0.7416077256202698,-0.03200594335794449,0.25839269161224365,0.711559534072876,-0.03766750916838646,0.2727278470993042,0.7308474183082581,-0.0008916564984247088,0.27856308221817017,0.6978330612182617,-0.01365359965711832,0.2779688835144043,0.6708399057388306,-0.024477148428559303,0.2753005623817444,0.6470034122467041,-0.031424108892679214,0.24721990525722504,0.7197407484054565,-0.0007142908871173859,0.25349339842796326,0.6805091500282288,-0.017857305705547333,0.25463834404945374,0.6569157838821411,-0.028588509187102318,0.25459611415863037,0.6348656415939331,-0.032826267182826996,0.21850091218948364,0.7192829251289368,-0.003799581900238991,0.2210581749677658,0.691910982131958,-0.030879640951752663,0.22032032907009125,0.7358255386352539,-0.03326023742556572,0.2180163860321045,0.7687279582023621,-0.02617071196436882,0.1892806887626648,0.7272545099258423,-0.007929517887532711,0.1939748376607895,0.7006800174713135,-0.029549073427915573,0.19751456379890442,0.7329256534576416,-0.02789779007434845,0.19750533998012543,0.7604654431343079,-0.02066020481288433,NO
0.20862101018428802,0.8455241918563843,2.2880249161971733e-07,0.24303123354911804,0.8198146820068359,-0.01940632425248623,0.2568506896495819,0.7811042666435242,-0.026811854913830757,0.2534768879413605,0.7420874238014221,-0.034199584275484085,0.25961291790008545,0.7120193839073181,-0.04013803228735924,0.2711242139339447,0.7326474785804749,0.0007963166572153568,0.27753737568855286,0.6978168487548828,-0.011395861394703388,0.2765139639377594,0.6703155040740967,-0.022090472280979156,0.27473199367523193,0.6450837850570679,-0.029096094891428947,0.24610526859760284,0.721294641494751,0.0020105072762817144,0.2519303858280182,0.6837146878242493,-0.014985504560172558,0.25329703092575073,0.658355712890625,-0.026199907064437866,0.2548418939113617,0.6348960995674133,-0.031007634475827217,0.21769197285175323,0.7195243239402771,-0.0004559292574413121,0.22189316153526306,0.6937963962554932,-0.028450021520256996,0.22039532661437988,0.7380494475364685,-0.03228532150387764,0.2178436666727066,0.7727399468421936,-0.025913018733263016,0.18874706327915192,0.7247697114944458,-0.004079022910445929,0.19547559320926666,0.7004382610321045,-0.027199432253837585,0.1980687975883484,0.7333806753158569,-0.02725594863295555,0.19765622913837433,0.7625009417533875,-0.020978894084692,NO
0.20890700817108154,0.8456268310546875,2.3471970678201615e-07,0.24282822012901306,0.8216480016708374,-0.019086431711912155,0.2562514841556549,0.7823572158813477,-0.026810400187969208,0.2527349889278412,0.7423542737960815,-0.034477315843105316,0.25990867614746094,0.7123212218284607,-0.04069750756025314,0.27030035853385925,0.7336790561676025,-0.0007053773733787239,0.27727803587913513,0.6975014209747314,-0.013547783717513084,0.2770282030105591,0.6692774295806885,-0.024378811940550804,0.2752813696861267,0.6442747116088867,-0.03126831725239754,0.2452433705329895,0.7221993803977966,0.0002746927202679217,0.2523805499076843,0.6834740042686462,-0.017435139045119286,0.25375455617904663,0.6586324572563171,-0.02872767671942711,0.2545287609100342,0.6361067295074463,-0.033256981521844864,0.2171252816915512,0.7205744385719299,-0.002204582327976823,0.2216205894947052,0.6930215954780579,-0.02983144111931324,0.22003872692584991,0.7365503311157227,-0.0329241007566452,0.2170906811952591,0.770742654800415,-0.026012253016233444,0.18849974870681763,0.7263731360435486,-0.005822278093546629,0.1954745650291443,0.7007087469100952,-0.027845250442624092,0.19850394129753113,0.7319848537445068,-0.027079852297902107,0.19783943891525269,0.7597118616104126,-0.020292066037654877,NO
0.20940285921096802,0.8449391722679138,2.3470501275824063e-07,0.24338096380233765,0.820402979850769,-0.019032109528779984,0.25689566135406494,0.7809407114982605,-0.0266238022595644,0.25312119722366333,0.7413653135299683,-0.03422851860523224,0.2602634131908417,0.7116538286209106,-0.040392808616161346,0.27071863412857056,0.7321867346763611,2.745164601947181e-05,0.2772836685180664,0.6967167854309082,-0.012915239669382572,0.27688321471214294,0.6688407063484192,-0.023851238191127777,0.27497562766075134,0.6442833542823792,-0.03076029196381569,0.24559494853019714,0.7211350798606873,0.0009245540131814778,0.25246039032936096,0.682444155216217,-0.016999009996652603,0.25375786423683167,0.6580989956855774,-0.02838863432407379,0.2544418275356293,0.6362494230270386,-0.03282139450311661,0.21740072965621948,0.719839334487915,-0.0017185398610308766,0.2214633822441101,0.692796528339386,-0.029718119651079178,0.21997809410095215,0.7366865873336792,-0.03289901465177536,0.21722504496574402,0.7710806727409363,-0.02584455907344818,0.1887078881263733,0.7258079648017883,-0.00549857784062624,0.19551526010036469,0.7005437612533569,-0.027791086584329605,0.1984809786081314,0.7321949005126953,-0.027042943984270096,0.1978486180305481,0.7599992156028748,-0.020148877054452896,NO
0.21006830036640167,0.8483366966247559,2.437278681099997e-07,0.24349234998226166,0.8255051374435425,-0.020614294335246086,0.2579284906387329,0.7840423583984375,-0.029141144827008247,0.25513434410095215,0.7420852780342102,-0.03737705573439598,0.2597111463546753,0.7104477882385254,-0.04409990832209587,0.2714545726776123,0.7337995171546936,-0.0016687794122844934,0.27774444222450256,0.6970396041870117,-0.016017310321331024,0.27703747153282166,0.6692814230918884,-0.027746494859457016,0.2747078537940979,0.6462291479110718,-0.03478848934173584,0.245941624045372,0.7226869463920593,-0.00013558789214584976,0.2527422308921814,0.6832067966461182,-0.019361557438969612,0.25407132506370544,0.6584233045578003,-0.03144967928528786,0.25452694296836853,0.6372814774513245,-0.03612973168492317,0.21722105145454407,0.7207297682762146,-0.002292247023433447,0.22160948812961578,0.6935510635375977,-0.03134948015213013,0.22128573060035706,0.7378010153770447,-0.03476579487323761,0.21913768351078033,0.7743130326271057,-0.02757992595434189,0.18857020139694214,0.7256162166595459,-0.005735120270401239,0.19574159383773804,0.6996927857398987,-0.029057735577225685,0.1995445340871811,0.7319775223731995,-0.028629152104258537,0.19920317828655243,0.7614672183990479,-0.02165907435119152,NO
0.20929661393165588,0.8499342203140259,2.5341992682115233e-07,0.24283502995967865,0.8288763761520386,-0.022774338722229004,0.2577628791332245,0.7890313863754272,-0.03204027935862541,0.2550051808357239,0.7459153532981873,-0.04070799797773361,0.25797298550605774,0.7114309072494507,-0.04778844863176346,0.2707100212574005,0.7355778217315674,-0.0027555222623050213,0.27746132016181946,0.6985337138175964,-0.017623713240027428,0.27697068452835083,0.6700230240821838,-0.029755253344774246,0.2747681438922882,0.6462058424949646,-0.03713079169392586,0.2454809993505478,0.7239665389060974,-0.00043487054063007236,0.25258949398994446,0.6839158535003662,-0.020551543682813644,0.25430142879486084,0.6590321063995361,-0.03316718339920044,0.2550662159919739,0.6379390358924866,-0.03813674673438072,0.21684540808200836,0.7217695713043213,-0.0020972443744540215,0.2213471233844757,0.6932674646377563,-0.03265148773789406,0.2212669402360916,0.7377529144287109,-0.03696884587407112,0.21930789947509766,0.7751764059066772,-0.030080905184149742,0.1880340874195099,0.7261043190956116,-0.005188445094972849,0.19515326619148254,0.6994099020957947,-0.03023538924753666,0.1994372308254242,0.7315258979797363,-0.030938901007175446,0.19961820542812347,0.7619715929031372,-0.024525728076696396,NO
0.21028949320316315,0.8473161458969116,2.3666811443945335e-07,0.244297593832016,0.8238990306854248,-0.018736084923148155,0.25857388973236084,0.7845445275306702,-0.02659311331808567,0.2553401291370392,0.7429417371749878,-0.034465789794921875,0.2602955996990204,0.711154043674469,-0.040890883654356,0.27092108130455017,0.732641339302063,-0.0015508021460846066,0.2777613699436188,0.6974083185195923,-0.01587417721748352,0.2771795690059662,0.6693470478057861,-0.027568675577640533,0.2743733525276184,0.6465502381324768,-0.034531205892562866,0.24576734006404877,0.7213818430900574,-0.0008609712822362781,0.2534956634044647,0.6816984415054321,-0.01997826062142849,0.25482267141342163,0.65704345703125,-0.031722746789455414,0.2550389766693115,0.637374758720398,-0.03616097941994667,0.2170722782611847,0.719774603843689,-0.003561532124876976,0.22137388586997986,0.6932463645935059,-0.031206853687763214,0.22149011492729187,0.7370017766952515,-0.03358366712927818,0.22020044922828674,0.7726678848266602,-0.026155073195695877,0.1885005533695221,0.7252214550971985,-0.0074874022975564,0.1957712173461914,0.70036780834198,-0.028987634927034378,0.2002371996641159,0.7316451668739319,-0.027541840448975563,0.2007824033498764,0.7596454620361328,-0.020214982330799103,NO
0.2109253704547882,0.8449407815933228,2.2335572680276528e-07,0.2445959895849228,0.8210728764533997,-0.01815897785127163,0.2590203881263733,0.782358705997467,-0.026183849200606346,0.255880743265152,0.7421523928642273,-0.03433540090918541,0.2599637508392334,0.7101456522941589,-0.04114548861980438,0.2719380259513855,0.7299115657806396,-0.001917497836984694,0.2776798605918884,0.6956740617752075,-0.016329674050211906,0.2766839861869812,0.6690270900726318,-0.028222588822245598,0.27385249733924866,0.6473280191421509,-0.035219527781009674,0.24636384844779968,0.7193308472633362,-0.0016514890594407916,0.25307023525238037,0.6800544857978821,-0.019989199936389923,0.2544334828853607,0.6564837098121643,-0.03141489624977112,0.2550431787967682,0.637287974357605,-0.035817574709653854,0.21752133965492249,0.7182382345199585,-0.0046944767236709595,0.22125592827796936,0.6933730244636536,-0.031315822154283524,0.22143012285232544,0.7365671396255493,-0.03340031951665878,0.22026661038398743,0.7712999582290649,-0.026127079501748085,0.1887775957584381,0.7242079377174377,-0.008948242291808128,0.19497843086719513,0.69938063621521,-0.02920752763748169,0.1994824856519699,0.7298802733421326,-0.02705332078039646,0.20032058656215668,0.7572020292282104,-0.019498907029628754,NO
0.21140766143798828,0.8424888253211975,2.0976136738681816e-07,0.24365690350532532,0.8214832544326782,-0.019499966874718666,0.2579266428947449,0.78428053855896,-0.028324298560619354,0.2550323009490967,0.7445265650749207,-0.03689532354474068,0.2577548027038574,0.7120386958122253,-0.044160325080156326,0.2718093991279602,0.7323020696640015,-0.0052339183166623116,0.2778507471084595,0.6969738602638245,-0.02095622755587101,0.2767440974712372,0.6694551706314087,-0.033128976821899414,0.2736371159553528,0.6479634642601013,-0.04000997170805931,0.2466202974319458,0.721080482006073,-0.00475143501535058,0.25373193621635437,0.6794593334197998,-0.02443685755133629,0.25480911135673523,0.6559255719184875,-0.03567066043615341,0.25472116470336914,0.6385494470596313,-0.03953469172120094,0.21824827790260315,0.7194212079048157,-0.007647004909813404,0.2213514745235443,0.69346684217453,-0.035711802542209625,0.22110550105571747,0.7363244891166687,-0.03796887397766113,0.21989068388938904,0.7718906998634338,-0.030428169295191765,0.18968486785888672,0.7248348593711853,-0.01178495492786169,0.19489963352680206,0.69926518201828,-0.03307875990867615,0.19886450469493866,0.7289350032806396,-0.031279467046260834,0.19961315393447876,0.75637286901474,-0.023851899430155754,NO
0.21092918515205383,0.8421355485916138,2.0860396432453854e-07,0.24204839766025543,0.8231216073036194,-0.020394781604409218,0.25711971521377563,0.78521329164505,-0.029466714709997177,0.2548556327819824,0.745034396648407,-0.037988632917404175,0.2572387456893921,0.7118189930915833,-0.04520062357187271,0.27135491371154785,0.7333178520202637,-0.006645377725362778,0.2777712047100067,0.6974048018455505,-0.02275216393172741,0.2768935263156891,0.6694293022155762,-0.034953657537698746,0.2736649811267853,0.6481733322143555,-0.041716642677783966,0.24651899933815002,0.7219967842102051,-0.005687014199793339,0.25410696864128113,0.6801031231880188,-0.025732696056365967,0.2551158368587494,0.655604362487793,-0.03704873099923134,0.25451529026031494,0.6381591558456421,-0.04082702100276947,0.21840837597846985,0.7202590703964233,-0.008116756565868855,0.22077058255672455,0.6942087411880493,-0.0366012267768383,0.22051206231117249,0.7372742295265198,-0.03892318159341812,0.21942012012004852,0.7729035019874573,-0.0312659926712513,0.1901569366455078,0.7257391810417175,-0.01180216483771801,0.19415172934532166,0.6999237537384033,-0.03383684530854225,0.1980476826429367,0.7309266328811646,-0.03223619982600212,0.19906318187713623,0.7593543529510498,-0.02474239468574524,NO
0.20938876271247864,0.8480557203292847,2.1065297062250465e-07,0.24147024750709534,0.8274133801460266,-0.021081311628222466,0.25659024715423584,0.7882964611053467,-0.029674949124455452,0.25425437092781067,0.7461933493614197,-0.03751261159777641,0.25658297538757324,0.712199866771698,-0.04398300498723984,0.2708032727241516,0.7377439737319946,-0.005376041401177645,0.27825143933296204,0.7033024430274963,-0.01981767825782299,0.2776217758655548,0.6742701530456543,-0.031191634014248848,0.27472129464149475,0.6490634679794312,-0.03826385363936424,0.24626688659191132,0.7250255346298218,-0.004000505898147821,0.25382667779922485,0.683265745639801,-0.02333536371588707,0.25545841455459595,0.6587553024291992,-0.034807540476322174,0.255489319562912,0.6385161280632019,-0.03923219442367554,0.21824578940868378,0.7221981287002563,-0.006001627538353205,0.22158634662628174,0.6933874487876892,-0.03480988368391991,0.2204471081495285,0.7368494868278503,-0.03772309049963951,0.21807149052619934,0.7718560099601746,-0.030607817694544792,0.18986238539218903,0.726753294467926,-0.009258238598704338,0.1944276988506317,0.6993367671966553,-0.03240622952580452,0.19826358556747437,0.7305431962013245,-0.03169631212949753,0.1987186223268509,0.759292721748352,-0.02482268400490284,NO
0.20806922018527985,0.8462659120559692,9.069918860404869e-08,0.24115537106990814,0.8256438970565796,-0.019169025123119354,0.25642284750938416,0.7880769371986389,-0.027912085875868797,0.2544112503528595,0.744955837726593,-0.036900874227285385,0.2538708448410034,0.7066912651062012,-0.04425273463129997,0.27239927649497986,0.7334431409835815,0.0016711944481357932,0.28548914194107056,0.7022414207458496,-0.01999637670814991,0.27969270944595337,0.6831464767456055,-0.03631311655044556,0.2673078179359436,0.6813244819641113,-0.04286451265215874,0.24690575897693634,0.723438024520874,0.0025975650642067194,0.2581012547016144,0.6807841658592224,-0.022156862542033195,0.2540450990200043,0.6802985668182373,-0.034892916679382324,0.2479044497013092,0.6920825242996216,-0.035924654453992844,0.21910041570663452,0.7218164801597595,-0.0007896549650467932,0.22590626776218414,0.6945859789848328,-0.03073500469326973,0.22095294296741486,0.7370503544807434,-0.033166635781526566,0.21597084403038025,0.7764943838119507,-0.023566653952002525,0.19082307815551758,0.7276586890220642,-0.005506116896867752,0.19801802933216095,0.6996793746948242,-0.02666529081761837,0.1986755132675171,0.7289525866508484,-0.024301042780280113,0.1978878229856491,0.7589577436447144,-0.014966045506298542,NO
0.2089000642299652,0.846947193145752,2.7764524901385812e-08,0.24376022815704346,0.8220505714416504,-0.017229652032256126,0.25773319602012634,0.7843921184539795,-0.02545013651251793,0.2555176019668579,0.7406516671180725,-0.03423667699098587,0.25460460782051086,0.7026904225349426,-0.0412411093711853,0.27412912249565125,0.7332538962364197,0.00245874747633934,0.28747132420539856,0.7009245157241821,-0.018413614481687546,0.2796342372894287,0.6877163648605347,-0.0338614359498024,0.2670615315437317,0.6915538907051086,-0.04008406773209572,0.24824011325836182,0.7233726978302002,0.002654893323779106,0.2557903230190277,0.6809281706809998,-0.02073749527335167,0.25034263730049133,0.6888183951377869,-0.0321553498506546,0.24593204259872437,0.7054230570793152,-0.03271730616688728,0.2204335331916809,0.7209867238998413,-0.0012512198882177472,0.22659198939800262,0.6970606446266174,-0.029292134568095207,0.22238689661026,0.7396178245544434,-0.030594997107982635,0.21816124022006989,0.7773083448410034,-0.021222997456789017,0.19205328822135925,0.7256454229354858,-0.006435630843043327,0.19931699335575104,0.7010560631752014,-0.026183901354670525,0.19981832802295685,0.7311640977859497,-0.02316589280962944,0.19879604876041412,0.7595506310462952,-0.013908470049500465,NO
0.20968469977378845,0.8460693359375,3.922004410128466e-08,0.24520839750766754,0.8201702237129211,-0.015529152937233448,0.2590818703174591,0.7816573977470398,-0.022627850994467735,0.2561435103416443,0.7384167909622192,-0.030549094080924988,0.25449854135513306,0.70151686668396,-0.036726340651512146,0.2745136618614197,0.7322614192962646,0.004233948886394501,0.2881643772125244,0.7011496424674988,-0.015398520044982433,0.28063976764678955,0.6884350776672363,-0.02998507209122181,0.2683735489845276,0.6916303634643555,-0.03573253005743027,0.24888789653778076,0.7219327092170715,0.00399314658716321,0.2568683624267578,0.6821879744529724,-0.01794222742319107,0.2518015205860138,0.6862832307815552,-0.028659584000706673,0.24737416207790375,0.6994279026985168,-0.0290799792855978,0.2209274023771286,0.7194184064865112,-0.0002419682132313028,0.22696033120155334,0.6973505020141602,-0.027493178844451904,0.2228570431470871,0.7405111789703369,-0.028689812868833542,0.21877756714820862,0.7787398099899292,-0.01935630477964878,0.19233012199401855,0.7243692278862,-0.005601493176072836,0.19962027668952942,0.7021055817604065,-0.02513551153242588,0.20026306807994843,0.7327052354812622,-0.02219044230878353,0.1994720995426178,0.7611879706382751,-0.01299889013171196,NO
0.21212147176265717,0.8457687497138977,5.5190771064417277e-08,0.24555715918540955,0.82161545753479,-0.016090374439954758,0.26032453775405884,0.7834660410881042,-0.023649996146559715,0.25832948088645935,0.7412973046302795,-0.03189330920577049,0.2550179958343506,0.704354465007782,-0.03807004913687706,0.2738276720046997,0.7327225804328918,0.0015762682305648923,0.28740715980529785,0.6977432370185852,-0.017302189022302628,0.27700167894363403,0.6876934170722961,-0.030507726594805717,0.2621039152145386,0.6944899559020996,-0.03522692248225212,0.2486158162355423,0.7225597500801086,0.001842712750658393,0.25686711072921753,0.6840335726737976,-0.01874152012169361,0.25211095809936523,0.6821165680885315,-0.02856372483074665,0.24723142385482788,0.6907057166099548,-0.029237955808639526,0.2207891345024109,0.7195561528205872,-0.001811877591535449,0.22672079503536224,0.6977717280387878,-0.027750864624977112,0.22327591478824615,0.7406345009803772,-0.02868601121008396,0.2194448858499527,0.7799587249755859,-0.019963892176747322,0.19240546226501465,0.7235161662101746,-0.006720785982906818,0.19997717440128326,0.7034540772438049,-0.025755923241376877,0.20090791583061218,0.7339481711387634,-0.023085113614797592,0.20058739185333252,0.7625898718833923,-0.014533424749970436,NO
0.21149587631225586,0.8446856737136841,4.66654945796563e-08,0.24482853710651398,0.8207173943519592,-0.016706420108675957,0.259678453207016,0.783399224281311,-0.02435796707868576,0.25815701484680176,0.7414602041244507,-0.0325898714363575,0.2558523118495941,0.7046170234680176,-0.03866240009665489,0.2739928662776947,0.7319098114967346,0.0017310940893366933,0.2872910499572754,0.697121798992157,-0.01706194132566452,0.2760552763938904,0.6872050166130066,-0.030168311670422554,0.2606288194656372,0.6937071681022644,-0.03484620526432991,0.2488270252943039,0.722034752368927,0.0023462013341486454,0.25641798973083496,0.6840006709098816,-0.018425874412059784,0.2508905529975891,0.6827327609062195,-0.02829737775027752,0.24591639637947083,0.691478967666626,-0.028883732855319977,0.22098442912101746,0.7192169427871704,-0.001044822740368545,0.22664251923561096,0.6977618932723999,-0.027530953288078308,0.2229168564081192,0.7402583956718445,-0.028707897290587425,0.21925118565559387,0.7794792056083679,-0.019917165860533714,0.192439466714859,0.7231230139732361,-0.005700332578271627,0.20022077858448029,0.7029563784599304,-0.025319211184978485,0.2010265588760376,0.7334557175636292,-0.02289329655468464,0.20071549713611603,0.7624829411506653,-0.014311649836599827,NO
0.21174202859401703,0.8454458713531494,3.834701089999726e-08,0.2452089488506317,0.8208197951316833,-0.016060415655374527,0.25987017154693604,0.7820711731910706,-0.023153547197580338,0.2576959729194641,0.7396261096000671,-0.030886849388480186,0.2553829252719879,0.7033643126487732,-0.036464449018239975,0.27412283420562744,0.7322459816932678,0.002573223551735282,0.287306010723114,0.6970592737197876,-0.015668010339140892,0.2757173776626587,0.6869451403617859,-0.028280459344387054,0.26027363538742065,0.6938502788543701,-0.032669808715581894,0.24880439043045044,0.7223386764526367,0.0030307548586279154,0.2560504972934723,0.6834272146224976,-0.017271244898438454,0.2501746118068695,0.6824819445610046,-0.02683934010565281,0.24525536596775055,0.6917201280593872,-0.02722829580307007,0.22097483277320862,0.7195788621902466,-0.00043729247408919036,0.22647319734096527,0.6974735856056213,-0.026470573619008064,0.22269028425216675,0.7399806976318359,-0.02746683359146118,0.21907982230186462,0.7791398167610168,-0.01862248405814171,0.1924857348203659,0.7235507965087891,-0.005109661258757114,0.2000644952058792,0.7028523683547974,-0.024341197684407234,0.20072564482688904,0.7331998348236084,-0.021724585443735123,0.20037741959095,0.7620629072189331,-0.013070216402411461,NO
0.21377284824848175,0.8466063141822815,6.700711452367614e-08,0.2479202151298523,0.820706307888031,-0.015277807600796223,0.2617327868938446,0.7808887362480164,-0.02228628657758236,0.25813183188438416,0.7386558055877686,-0.030125264078378677,0.25345462560653687,0.7029760479927063,-0.03619217500090599,0.2743576169013977,0.7327571511268616,0.002990052103996277,0.2868976294994354,0.6990310549736023,-0.015885205939412117,0.2793113887310028,0.6851145029067993,-0.029402729123830795,0.26643848419189453,0.6882162094116211,-0.03427144140005112,0.24870550632476807,0.7230958938598633,0.002827306278049946,0.25782158970832825,0.6836691498756409,-0.01845322549343109,0.25372734665870667,0.6825786232948303,-0.02879699133336544,0.24823589622974396,0.6927613019943237,-0.029294166713953018,0.22076641023159027,0.7212262749671936,-0.0011761013884097338,0.2262374758720398,0.696127712726593,-0.027810413390398026,0.22322484850883484,0.7389297485351562,-0.029215315356850624,0.21947795152664185,0.7793227434158325,-0.020261358469724655,0.19268827140331268,0.7267924547195435,-0.0062816329300403595,0.19956587255001068,0.7022226452827454,-0.025659825652837753,0.2010238915681839,0.7317793369293213,-0.0231022946536541,0.20091970264911652,0.7615548372268677,-0.01435711607336998,NO
0.21360716223716736,0.8452165722846985,8.81041017919415e-08,0.24757122993469238,0.8198889493942261,-0.01448199525475502,0.26201364398002625,0.7801496386528015,-0.021118968725204468,0.25879403948783875,0.738845944404602,-0.028655409812927246,0.2543749213218689,0.7036617994308472,-0.03457123786211014,0.2738986015319824,0.7333071231842041,0.0028475832659751177,0.2867313325405121,0.7006354331970215,-0.015820758417248726,0.28045159578323364,0.6848393678665161,-0.029162591323256493,0.2681106626987457,0.6854475736618042,-0.03388378769159317,0.24845924973487854,0.7234163284301758,0.002373556373640895,0.2584323585033417,0.6839614510536194,-0.018925433978438377,0.25523555278778076,0.680413544178009,-0.02919069677591324,0.2497067004442215,0.6891477704048157,-0.029545538127422333,0.22050006687641144,0.721210241317749,-0.0017806888790801167,0.22671513259410858,0.6958674192428589,-0.028456591069698334,0.2237035036087036,0.7389093637466431,-0.029741361737251282,0.21987098455429077,0.7796136736869812,-0.020533215254545212,0.19215832650661469,0.726305365562439,-0.006938470061868429,0.2001669555902481,0.7021710276603699,-0.026342323049902916,0.2020091414451599,0.7319386005401611,-0.023673631250858307,0.20183059573173523,0.7620443105697632,-0.01474364846944809,NO
0.21263863146305084,0.8406643867492676,9.245899690313308e-08,0.24656859040260315,0.8164525032043457,-0.01759420335292816,0.25997012853622437,0.780372142791748,-0.026105407625436783,0.2573898136615753,0.7396882772445679,-0.03520911931991577,0.25873589515686035,0.7071551084518433,-0.04267434775829315,0.27617719769477844,0.7310416102409363,0.002222782466560602,0.2871382236480713,0.6982869505882263,-0.018415257334709167,0.27787500619888306,0.6820324063301086,-0.034204013645648956,0.26379483938217163,0.6812671422958374,-0.0406900979578495,0.2503652274608612,0.7214345335960388,0.0025069215334951878,0.26074615120887756,0.6808038353919983,-0.020181065425276756,0.25661274790763855,0.677170991897583,-0.031892839819192886,0.2516227960586548,0.684079647064209,-0.033015087246894836,0.2224578857421875,0.7201768159866333,-0.0014195687836036086,0.2283068597316742,0.6960979104042053,-0.030281782150268555,0.22376587986946106,0.7383261919021606,-0.03273257240653038,0.2195860594511032,0.7771109342575073,-0.023645516484975815,0.19411051273345947,0.7261096239089966,-0.006556708365678787,0.2005854845046997,0.7011736035346985,-0.02715347148478031,0.20178842544555664,0.7306072115898132,-0.02463403344154358,0.2019500732421875,0.7604065537452698,-0.0154802231118083,NO
0.21345357596874237,0.8407032489776611,2.319305849596276e-07,0.24510557949543,0.8227904438972473,-0.016547955572605133,0.2641465663909912,0.7874926328659058,-0.02328510768711567,0.26546403765678406,0.7519378662109375,-0.030138636007905006,0.26447737216949463,0.722023069858551,-0.036050643771886826,0.27501291036605835,0.7329628467559814,-0.004947439767420292,0.28354328870773315,0.6973925232887268,-0.017955992370843887,0.28339484333992004,0.669363796710968,-0.027927622199058533,0.28103774785995483,0.6452062129974365,-0.03366747871041298,0.25069954991340637,0.7207610011100769,-0.005275618750602007,0.2607245147228241,0.6823285818099976,-0.021768661215901375,0.2627471089363098,0.6545780897140503,-0.031544242054224014,0.26405632495880127,0.6299179792404175,-0.035251062363386154,0.22276128828525543,0.7184244990348816,-0.008334776386618614,0.22712388634681702,0.6941094398498535,-0.03380630537867546,0.2245381772518158,0.7361786961555481,-0.03577542304992676,0.22213424742221832,0.7701058387756348,-0.028823688626289368,0.19444726407527924,0.7242597341537476,-0.012354661710560322,0.20036637783050537,0.7021786570549011,-0.03243032470345497,0.20276574790477753,0.7332914471626282,-0.030294643715023994,0.2027934193611145,0.7614929676055908,-0.022877713665366173,NO
0.2129957228899002,0.8397550582885742,2.335727629088069e-07,0.2438671588897705,0.8226097822189331,-0.017546948045492172,0.2623552083969116,0.7872702479362488,-0.02478199079632759,0.2640780508518219,0.751717209815979,-0.03189699351787567,0.26598626375198364,0.721342921257019,-0.0379321314394474,0.2749619781970978,0.7335728406906128,-0.0057544708251953125,0.28360888361930847,0.6973517537117004,-0.01910792849957943,0.28364232182502747,0.6685049533843994,-0.02920382469892502,0.2811848819255829,0.6442320346832275,-0.03487364575266838,0.25072160363197327,0.7213316559791565,-0.0056664361618459225,0.2607361376285553,0.6819214820861816,-0.02253316342830658,0.2620770335197449,0.653937816619873,-0.03233085945248604,0.26263561844825745,0.6292652487754822,-0.035752180963754654,0.22300730645656586,0.7189328670501709,-0.008373063057661057,0.22740298509597778,0.6945437788963318,-0.03393227234482765,0.22493614256381989,0.7361121773719788,-0.0356241874396801,0.22262470424175262,0.769399106502533,-0.028326183557510376,0.19438233971595764,0.7244880199432373,-0.01211250014603138,0.20023611187934875,0.7024970054626465,-0.03177131712436676,0.2027476578950882,0.7328470945358276,-0.02916322648525238,0.20276208221912384,0.7598261833190918,-0.021380236372351646,NO
0.21757282316684723,0.836738109588623,3.0711174758835114e-07,0.2475079596042633,0.8173577785491943,-0.01793547533452511,0.26483070850372314,0.7807940244674683,-0.02618536911904812,0.2670851945877075,0.7457773685455322,-0.03453707695007324,0.26938295364379883,0.7204693555831909,-0.04192165285348892,0.2740059196949005,0.7246221303939819,-0.007761180400848389,0.2838093638420105,0.6844708919525146,-0.021196210756897926,0.28542864322662354,0.654175877571106,-0.0310773067176342,0.2866570055484772,0.6264562606811523,-0.03687281906604767,0.24964146316051483,0.7149043083190918,-0.008280976675450802,0.2597719728946686,0.6751296520233154,-0.026582907885313034,0.2621351480484009,0.6438766121864319,-0.037579551339149475,0.26461175084114075,0.6151754260063171,-0.041885048151016235,0.22238783538341522,0.7155728340148926,-0.011259560473263264,0.2271518111228943,0.6933045387268066,-0.03929755836725235,0.22548802196979523,0.7367539405822754,-0.041759882122278214,0.22360411286354065,0.7710259556770325,-0.034284621477127075,0.19449377059936523,0.7242396473884583,-0.01513240858912468,0.20117808878421783,0.7015565633773804,-0.03652551770210266,0.20484977960586548,0.733799397945404,-0.03386467322707176,0.20479992032051086,0.7622562646865845,-0.025637997314333916,NO
0.21558712422847748,0.8410852551460266,2.9850534133402107e-07,0.24592112004756927,0.8228293657302856,-0.019626855850219727,0.263504296541214,0.7868178486824036,-0.02811572328209877,0.2653217017650604,0.7498124837875366,-0.03643491864204407,0.2670666575431824,0.7214372158050537,-0.043755754828453064,0.2718588709831238,0.7299548387527466,-0.009185677394270897,0.28256937861442566,0.6869365572929382,-0.022408058866858482,0.2845282256603241,0.6549823880195618,-0.03192659094929695,0.28537872433662415,0.6259085536003113,-0.03746373951435089,0.2478983849287033,0.7200236916542053,-0.008465022780001163,0.25840604305267334,0.6784597635269165,-0.025811858475208282,0.2619026303291321,0.646052360534668,-0.035965438932180405,0.2655198872089386,0.6157776713371277,-0.03996726870536804,0.22111451625823975,0.7194074392318726,-0.010472630150616169,0.22783194482326508,0.6935253143310547,-0.03791934996843338,0.22620652616024017,0.735790491104126,-0.04043255001306534,0.2238420993089676,0.7698792815208435,-0.03321696072816849,0.1933922916650772,0.7256709933280945,-0.013566098175942898,0.20097829401493073,0.7003129720687866,-0.03509911522269249,0.20445969700813293,0.7319950461387634,-0.03302694857120514,0.20422008633613586,0.7619825005531311,-0.02526489831507206,NO
0.21601606905460358,0.8421708345413208,2.9281443403306184e-07,0.24767565727233887,0.8219003081321716,-0.02015075646340847,0.2634545862674713,0.7861757278442383,-0.029815735295414925,0.26378902792930603,0.7495088577270508,-0.039435625076293945,0.2678118944168091,0.72021484375,-0.048052333295345306,0.2745265066623688,0.7326691746711731,-0.009573929943144321,0.28381413221359253,0.6899113655090332,-0.024822164326906204,0.28480470180511475,0.657101571559906,-0.03583534061908722,0.2850545048713684,0.6274322271347046,-0.04226628690958023,0.2501157820224762,0.7218416929244995,-0.008950973860919476,0.2598240375518799,0.6809672117233276,-0.028162868693470955,0.26199981570243835,0.6479005217552185,-0.03908867388963699,0.26466724276542664,0.6168381571769714,-0.04328516870737076,0.22260968387126923,0.7198371887207031,-0.011329892091453075,0.22769571840763092,0.6954353451728821,-0.040316976606845856,0.22635552287101746,0.7384880781173706,-0.04297745227813721,0.22489255666732788,0.772801399230957,-0.0355059839785099,0.19425427913665771,0.7250794768333435,-0.01487057190388441,0.20106670260429382,0.7030994296073914,-0.03719872981309891,0.20422036945819855,0.7352968454360962,-0.03529294580221176,0.20443564653396606,0.7645913362503052,-0.02747555635869503,NO
0.21678206324577332,0.8414843082427979,2.904420455251966e-07,0.24872168898582458,0.8203294277191162,-0.018744662404060364,0.2645854651927948,0.7837987542152405,-0.02785423770546913,0.26523181796073914,0.7481139302253723,-0.03714463487267494,0.2695661187171936,0.7196526527404785,-0.04552570357918739,0.27513784170150757,0.731225311756134,-0.00888841226696968,0.28373104333877563,0.6895716190338135,-0.023892799392342567,0.28451865911483765,0.657293438911438,-0.0349375382065773,0.28507229685783386,0.6279163956642151,-0.04142897576093674,0.25035935640335083,0.720208466053009,-0.00888400711119175,0.2593529224395752,0.6806874871253967,-0.027886975556612015,0.26152563095092773,0.6479343175888062,-0.03884141519665718,0.2645248770713806,0.6177781820297241,-0.04316968843340874,0.22263607382774353,0.7180587649345398,-0.011685122735798359,0.2281397432088852,0.695716381072998,-0.040152374655008316,0.22692838311195374,0.7389090061187744,-0.042625099420547485,0.22551372647285461,0.7735975384712219,-0.03523721545934677,0.19432798027992249,0.7236802577972412,-0.015564936213195324,0.20190483331680298,0.7031051516532898,-0.037335000932216644,0.20518362522125244,0.7355965375900269,-0.035111770033836365,0.20535612106323242,0.7649911046028137,-0.027195995673537254,NO
0.21629010140895844,0.8425570130348206,2.6731549951364286e-07,0.2486470490694046,0.8230222463607788,-0.018047073855996132,0.26488250494003296,0.7866011261940002,-0.02608668804168701,0.26478636264801025,0.7505820989608765,-0.03451407328248024,0.26987582445144653,0.7225655317306519,-0.04210640862584114,0.27452462911605835,0.7310420274734497,-0.005458233878016472,0.2839714586734772,0.6924399137496948,-0.01872480846941471,0.2854454219341278,0.6624959707260132,-0.02892257831990719,0.28624725341796875,0.6347260475158691,-0.03508021682500839,0.2501261532306671,0.7202736735343933,-0.005457565188407898,0.25907814502716064,0.6823530197143555,-0.02281341701745987,0.26187843084335327,0.6521399021148682,-0.033384572714567184,0.2650171220302582,0.6231170892715454,-0.03770507499575615,0.22261713445186615,0.7184869647026062,-0.008341201581060886,0.22824878990650177,0.6945099830627441,-0.03592614457011223,0.22694560885429382,0.7378953695297241,-0.03874444589018822,0.2250436544418335,0.7724683284759521,-0.031767457723617554,0.19408653676509857,0.7242469787597656,-0.012222899124026299,0.20168675482273102,0.7009929418563843,-0.03389756754040718,0.20509691536426544,0.7334553003311157,-0.03210669010877609,0.20499709248542786,0.7636512517929077,-0.024541771039366722,NO
0.21674326062202454,0.8429275155067444,2.635331384226447e-07,0.24834781885147095,0.8220864534378052,-0.01708211377263069,0.2639024555683136,0.7839715480804443,-0.024857815355062485,0.2640171945095062,0.748112142086029,-0.033079225569963455,0.2720705270767212,0.7216185927391052,-0.04043647274374962,0.27502286434173584,0.7310812473297119,-0.0051252152770757675,0.2842523455619812,0.6920921802520752,-0.018383502960205078,0.2856349050998688,0.6619678735733032,-0.02855013683438301,0.2860778868198395,0.6341614127159119,-0.0347103551030159,0.2505664825439453,0.7204323410987854,-0.005391289480030537,0.2597939074039459,0.6829289197921753,-0.022859148681163788,0.2619567811489105,0.6529834270477295,-0.033403728157281876,0.2642425000667572,0.6243492364883423,-0.03764020651578903,0.22301550209522247,0.718894898891449,-0.008368954062461853,0.2281305193901062,0.6942712664604187,-0.03582911193370819,0.2268086075782776,0.737610936164856,-0.03823627158999443,0.22504810988903046,0.7720859050750732,-0.031011393293738365,0.19451183080673218,0.7253110408782959,-0.012248028069734573,0.20154495537281036,0.701749324798584,-0.033840641379356384,0.20512282848358154,0.73430997133255,-0.03175179660320282,0.205272376537323,0.7642411589622498,-0.023931678384542465,NO
0.21660058200359344,0.8436399102210999,2.299959334095547e-07,0.2479979395866394,0.8214437961578369,-0.0166424959897995,0.2629968523979187,0.7842968106269836,-0.02386784553527832,0.2619110941886902,0.7477712035179138,-0.031537920236587524,0.2683499753475189,0.7197035551071167,-0.038112349808216095,0.27599263191223145,0.7315312027931213,-0.0014242698671296239,0.2840900719165802,0.6965473294258118,-0.013899562880396843,0.2848776578903198,0.6692818999290466,-0.023941917344927788,0.2839967608451843,0.645081102848053,-0.0300659891217947,0.25179627537727356,0.7202472686767578,-0.0016962091904133558,0.26111817359924316,0.6834858655929565,-0.01838936284184456,0.2632375657558441,0.6588712930679321,-0.028258973732590675,0.2643805146217346,0.6363115310668945,-0.03193875774741173,0.22398169338703156,0.71852046251297,-0.005053899250924587,0.22866110503673553,0.6931847333908081,-0.03164389729499817,0.2269229292869568,0.7368130087852478,-0.03370722383260727,0.22467195987701416,0.7717457413673401,-0.026460934430360794,0.19542498886585236,0.7247260808944702,-0.0093675022944808,0.20208138227462769,0.7005022168159485,-0.030265014618635178,0.20527690649032593,0.7321329116821289,-0.02833530679345131,0.20541709661483765,0.7608950138092041,-0.02091948501765728,NO
0.21595197916030884,0.8428953886032104,2.4164623368960747e-07,0.24677321314811707,0.8224724531173706,-0.01706734299659729,0.262508749961853,0.7854960560798645,-0.024642299860715866,0.26237842440605164,0.7488685250282288,-0.03244812786579132,0.26752936840057373,0.7198547124862671,-0.03919193893671036,0.27545544505119324,0.7324551343917847,-0.0033138550352305174,0.2842501699924469,0.6961957216262817,-0.016265887767076492,0.28526559472084045,0.6680213809013367,-0.02649660035967827,0.28422293066978455,0.643183708190918,-0.03257893770933151,0.2513526678085327,0.7210444211959839,-0.0033902102150022984,0.2616204619407654,0.6839076280593872,-0.0206396896392107,0.2637968361377716,0.6584625244140625,-0.030706191435456276,0.26452434062957764,0.6354754567146301,-0.03431699052453041,0.22366076707839966,0.7190985679626465,-0.006400553975254297,0.22819054126739502,0.6935892701148987,-0.032973762601614,0.22671596705913544,0.7371422052383423,-0.03479546308517456,0.22469553351402283,0.7722299695014954,-0.02731567621231079,0.19547197222709656,0.7250980138778687,-0.010393235832452774,0.20211337506771088,0.7009242177009583,-0.031094340607523918,0.2054414302110672,0.7325315475463867,-0.02882210910320282,0.20570912957191467,0.7612374424934387,-0.021083610132336617,NO
0.21477828919887543,0.8449434041976929,1.3184304314961537e-08,0.24701134860515594,0.823196530342102,-0.015892917290329933,0.2625594437122345,0.7866548895835876,-0.023791048675775528,0.2623894214630127,0.7473175525665283,-0.032338548451662064,0.2625546455383301,0.7136363983154297,-0.03920772299170494,0.2777591943740845,0.7319828271865845,0.0012078577419742942,0.28846269845962524,0.6983219981193542,-0.017935607582330704,0.27733129262924194,0.6876053214073181,-0.032381076365709305,0.2617674469947815,0.6933477520942688,-0.03832177072763443,0.2519201636314392,0.7228043675422668,0.001345352502539754,0.2584558129310608,0.6860210299491882,-0.019880756735801697,0.25405290722846985,0.6939555406570435,-0.030498133972287178,0.24998272955417633,0.70926833152771,-0.03146779164671898,0.223951518535614,0.7205427289009094,-0.002201876835897565,0.22950097918510437,0.6980248093605042,-0.028128033503890038,0.22620904445648193,0.7415300011634827,-0.029079612344503403,0.22261720895767212,0.7806305885314941,-0.020377302542328835,0.19534996151924133,0.725071907043457,-0.0068848407827317715,0.20275245606899261,0.7012876868247986,-0.02525496296584606,0.20407865941524506,0.7317560315132141,-0.021871356293559074,0.20389828085899353,0.7613313794136047,-0.012845668010413647,NO
0.21462729573249817,0.8463051319122314,3.5873803483355005e-08,0.2476154863834381,0.8230708241462708,-0.016366928815841675,0.2630935609340668,0.7865206003189087,-0.024739528074860573,0.26236480474472046,0.7466216683387756,-0.033802781254053116,0.26184743642807007,0.7122708559036255,-0.04117054119706154,0.2779775857925415,0.7329821586608887,0.0014196785632520914,0.288587749004364,0.6996166110038757,-0.018299970775842667,0.2775838077068329,0.6883625984191895,-0.03340855985879898,0.2619166374206543,0.6930026412010193,-0.03977980837225914,0.2521006166934967,0.7235440611839294,0.0015006959438323975,0.2601252496242523,0.6857941150665283,-0.020284703001379967,0.2562592625617981,0.6921377182006836,-0.03135398030281067,0.25220397114753723,0.7058616280555725,-0.03250629082322121,0.22407211363315582,0.7208951711654663,-0.002252069767564535,0.23034152388572693,0.6974756717681885,-0.028551239520311356,0.22672253847122192,0.7406694889068604,-0.029614675790071487,0.22252151370048523,0.7795851826667786,-0.020827751606702805,0.1953810602426529,0.7250252962112427,-0.007229968905448914,0.20317542552947998,0.7017177939414978,-0.02558465115725994,0.20463991165161133,0.7317062020301819,-0.022142067551612854,0.20422758162021637,0.7606584429740906,-0.013056125491857529,NO
0.21403993666172028,0.8460323214530945,-7.707410532020731e-08,0.24718429148197174,0.8215909004211426,-0.016925852745771408,0.2619519829750061,0.7855790257453918,-0.026552408933639526,0.2603253424167633,0.7447125911712646,-0.03664371371269226,0.2586926221847534,0.7122727036476135,-0.04479534551501274,0.27762511372566223,0.7321367263793945,-0.00021885299065615982,0.2874312102794647,0.6963046789169312,-0.020154453814029694,0.27666863799095154,0.6947097778320312,-0.034788597375154495,0.2632223069667816,0.7106772065162659,-0.041081901639699936,0.25157275795936584,0.7239801287651062,0.0005491256597451866,0.2517692744731903,0.6925159692764282,-0.021809333935379982,0.2436358481645584,0.7205870151519775,-0.03185703605413437,0.23888279497623444,0.7493261098861694,-0.03232893347740173,0.22451141476631165,0.7216663956642151,-0.002445837017148733,0.22673299908638,0.7018011808395386,-0.026730643585324287,0.2234739363193512,0.7417520880699158,-0.0263531431555748,0.22000017762184143,0.7755416035652161,-0.018157124519348145,0.1963769644498825,0.7259446978569031,-0.006811000872403383,0.20144891738891602,0.7069256901741028,-0.024207746610045433,0.2018132358789444,0.7375633716583252,-0.02084428071975708,0.2006101906299591,0.7633937001228333,-0.012370940297842026,NO
0.21348483860492706,0.8461522459983826,-8.592268585516649e-08,0.24714818596839905,0.8219054341316223,-0.01754736714065075,0.26243025064468384,0.7854912281036377,-0.02772696129977703,0.26091375946998596,0.7440951466560364,-0.03837550804018974,0.2586066424846649,0.7102528214454651,-0.04700703173875809,0.2774157226085663,0.7331035137176514,-0.0011654035188257694,0.28793323040008545,0.6953872442245483,-0.022392086684703827,0.27754685282707214,0.6940269470214844,-0.037659790366888046,0.26410478353500366,0.7111479640007019,-0.044109269976615906,0.2514536678791046,0.7250609397888184,-0.00033071445068344474,0.25124895572662354,0.6931416392326355,-0.02407287247478962,0.24339278042316437,0.7240244150161743,-0.034212876111269,0.23889979720115662,0.7548667788505554,-0.03440721705555916,0.22450204193592072,0.7225697040557861,-0.003422403009608388,0.22628620266914368,0.7017416954040527,-0.028829118236899376,0.22340162098407745,0.742474377155304,-0.028213707730174065,0.22017288208007812,0.7765080332756042,-0.01959049329161644,0.19646629691123962,0.7264164686203003,-0.00793699361383915,0.20151926577091217,0.7069563269615173,-0.02603864297270775,0.20188486576080322,0.7381241917610168,-0.022647621110081673,0.20056942105293274,0.7641509175300598,-0.014001491479575634,NO
0.2135845571756363,0.8502627015113831,-2.370433094256441e-08,0.24841703474521637,0.824627161026001,-0.01640484482049942,0.2624722719192505,0.7865158319473267,-0.024665474891662598,0.2587684392929077,0.7453134059906006,-0.03365188091993332,0.2571413815021515,0.7112901210784912,-0.04043782129883766,0.277273565530777,0.7370533347129822,0.0017270242096856236,0.28694257140159607,0.6982969045639038,-0.018474388867616653,0.27725693583488464,0.696537971496582,-0.03328194469213486,0.2649693191051483,0.7119969725608826,-0.03938581421971321,0.2513694763183594,0.727557897567749,0.0022421949543058872,0.253037691116333,0.6937817335128784,-0.018978340551257133,0.24751469492912292,0.7042744755744934,-0.029557090252637863,0.2447887659072876,0.7180987596511841,-0.03115004114806652,0.22371475398540497,0.7244234085083008,-0.0013293219963088632,0.2257135808467865,0.7045440673828125,-0.02685290202498436,0.22303883731365204,0.7453466653823853,-0.027585359290242195,0.2204122543334961,0.7801493406295776,-0.01969245634973049,0.19506341218948364,0.7279637455940247,-0.006232981104403734,0.20126669108867645,0.7105399966239929,-0.025159373879432678,0.20094861090183258,0.7432392239570618,-0.0223489161580801,0.19940176606178284,0.7708120942115784,-0.013992896303534508,NO
0.21360823512077332,0.8513981699943542,9.862380245806435e-09,0.24868722259998322,0.825912356376648,-0.01632462628185749,0.2636434733867645,0.7874834537506104,-0.024198567494750023,0.26002630591392517,0.7469920516014099,-0.03272471949458122,0.25625181198120117,0.7127835154533386,-0.039097901433706284,0.27628931403160095,0.7383577823638916,0.0009239692590199411,0.2868977189064026,0.6998513340950012,-0.018883710727095604,0.27776020765304565,0.6970184445381165,-0.033219993114471436,0.2661324143409729,0.7109540104866028,-0.03901192173361778,0.2505171298980713,0.7287694215774536,0.0014515225775539875,0.25449487566947937,0.6944427490234375,-0.019281288608908653,0.25028830766677856,0.7000228762626648,-0.029541438445448875,0.24799014627933502,0.7107215523719788,-0.031150324270129204,0.22269487380981445,0.7258802056312561,-0.0020359691698104143,0.22577649354934692,0.7051921486854553,-0.027711935341358185,0.22313709557056427,0.7465905547142029,-0.02846599370241165,0.2202998846769333,0.782688558101654,-0.020455900579690933,0.19412639737129211,0.7295688390731812,-0.006780165247619152,0.2010926753282547,0.7112520337104797,-0.025962403044104576,0.20084905624389648,0.7439900040626526,-0.023074420168995857,0.19893430173397064,0.7721935510635376,-0.014626003801822662,NO
0.21309751272201538,0.8527215123176575,2.2522126386093078e-08,0.24768124520778656,0.8302463889122009,-0.017644446343183517,0.26187607645988464,0.7937064170837402,-0.02652183547616005,0.25766804814338684,0.752297043800354,-0.03594629839062691,0.25574302673339844,0.7162947058677673,-0.04315544664859772,0.2756982445716858,0.7396891713142395,-0.0008245386998169124,0.2866172194480896,0.7000796794891357,-0.021488947793841362,0.2780420184135437,0.6977366209030151,-0.03620169311761856,0.26689887046813965,0.7134242057800293,-0.04195399582386017,0.24971534311771393,0.7296052575111389,-1.6474930816912092e-05,0.25472381711006165,0.6954737305641174,-0.021649423986673355,0.251151978969574,0.6996186971664429,-0.03226333111524582,0.24916280806064606,0.7102503776550293,-0.03392251580953598,0.22177904844284058,0.7266138792037964,-0.0033483414445072412,0.22505728900432587,0.7079103589057922,-0.030178049579262733,0.22253435850143433,0.7505467534065247,-0.031369902193546295,0.22018326818943024,0.7883771657943726,-0.023306922987103462,0.19290846586227417,0.730438232421875,-0.008035211823880672,0.19958263635635376,0.7124885320663452,-0.028302866965532303,0.19998343288898468,0.7462301850318909,-0.025749269872903824,0.19903887808322906,0.776416540145874,-0.017243752256035805,NO
0.21273855865001678,0.8527413606643677,3.389341785009492e-08,0.24753376841545105,0.8294823169708252,-0.017400067299604416,0.2614745497703552,0.7927308678627014,-0.026155855506658554,0.25755682587623596,0.7515959739685059,-0.03548908978700638,0.25595906376838684,0.7152628898620605,-0.042577460408210754,0.2751198709011078,0.7402364611625671,-0.0005845082341693342,0.2865579128265381,0.7004991173744202,-0.021273961290717125,0.27828773856163025,0.6979271173477173,-0.036003030836582184,0.2674109637737274,0.7132893800735474,-0.04175124689936638,0.24936796724796295,0.7301020622253418,0.000219197099795565,0.2550780177116394,0.6958031058311462,-0.02125364914536476,0.25197678804397583,0.6984320282936096,-0.031765446066856384,0.2502346932888031,0.7080342769622803,-0.033475250005722046,0.22148412466049194,0.7269562482833862,-0.0031376690603792667,0.22486436367034912,0.7075417637825012,-0.029863953590393066,0.2221256047487259,0.7497194409370422,-0.03093056194484234,0.2197255939245224,0.7873452305793762,-0.02283664233982563,0.19273492693901062,0.73048335313797,-0.007826735265552998,0.1995006948709488,0.7126487493515015,-0.028084808960556984,0.19968725740909576,0.7466721534729004,-0.025482716038823128,0.19848886132240295,0.7767960429191589,-0.01696588844060898,NO
0.21056267619132996,0.8557587265968323,3.7269945352136347e-08,0.2446848601102829,0.8330869674682617,-0.019046436995267868,0.25983208417892456,0.7960078716278076,-0.027760138735175133,0.25730180740356445,0.7538652420043945,-0.036711979657411575,0.25547343492507935,0.7168878316879272,-0.04353105649352074,0.27505049109458923,0.7433202266693115,-0.0011697401059791446,0.285831093788147,0.7042731642723083,-0.0215706005692482,0.27806180715560913,0.6979440450668335,-0.03616448491811752,0.26725131273269653,0.7092480659484863,-0.04189985990524292,0.24922601878643036,0.7327481508255005,0.0005072205676697195,0.25372713804244995,0.6975944638252258,-0.02139691635966301,0.25151610374450684,0.6979793906211853,-0.0324811190366745,0.2500365078449249,0.7057692408561707,-0.03447458893060684,0.22121992707252502,0.7298470139503479,-0.00207005743868649,0.22385601699352264,0.7076001167297363,-0.03038674034178257,0.22127795219421387,0.7514735460281372,-0.03246370330452919,0.2186518758535385,0.7913113832473755,-0.024442672729492188,0.19253867864608765,0.7337566614151001,-0.0060002729296684265,0.19812873005867004,0.7119795680046082,-0.02806362882256508,0.19809888303279877,0.7452090382575989,-0.02650514617562294,0.1967879682779312,0.776168704032898,-0.018355615437030792,NO
0.21040113270282745,0.8567385077476501,3.832450445884206e-08,0.24541106820106506,0.8327541351318359,-0.01892402581870556,0.26011717319488525,0.7947203516960144,-0.027475086972117424,0.25708645582199097,0.7516926527023315,-0.03639831021428108,0.254926860332489,0.7164093852043152,-0.043086349964141846,0.27500516176223755,0.7423155307769775,0.0013769567012786865,0.2857412099838257,0.7047157287597656,-0.018825776875019073,0.27602776885032654,0.6990609169006348,-0.03394195809960365,0.26345551013946533,0.7108717560768127,-0.04008214920759201,0.24919813871383667,0.7320705056190491,0.0029946828726679087,0.2542564272880554,0.6954286694526672,-0.017925789579749107,0.25083380937576294,0.6963438391685486,-0.028925016522407532,0.24861258268356323,0.7054188847541809,-0.030991865321993828,0.22132259607315063,0.7296884655952454,0.0001482095685787499,0.22469203174114227,0.7071906328201294,-0.026910770684480667,0.2213837206363678,0.7493709921836853,-0.02891211025416851,0.21799801290035248,0.7886614203453064,-0.021120529621839523,0.19255191087722778,0.7341550588607788,-0.0041792853735387325,0.1985572725534439,0.712154746055603,-0.02482561394572258,0.19869348406791687,0.7438489198684692,-0.02291908673942089,0.1975187063217163,0.7741860747337341,-0.014829854480922222,NO
0.21060462296009064,0.8560614585876465,3.61026541995102e-09,0.24663105607032776,0.8291954398155212,-0.016863331198692322,0.26038968563079834,0.7918244004249573,-0.02534019947052002,0.2563377618789673,0.7503516674041748,-0.03463025391101837,0.25234299898147583,0.7154221534729004,-0.041888169944286346,0.2747430205345154,0.7423335909843445,0.0009149003308266401,0.28571414947509766,0.7045526504516602,-0.01977764070034027,0.27631044387817383,0.7004885077476501,-0.034912385046482086,0.26339277625083923,0.7145348787307739,-0.04099486023187637,0.24848699569702148,0.7330127954483032,0.001379086053930223,0.25230544805526733,0.6962324976921082,-0.020338211208581924,0.24852421879768372,0.704520046710968,-0.030936865136027336,0.24620045721530914,0.7195565700531006,-0.03233567252755165,0.22051826119422913,0.7306474447250366,-0.002295040525496006,0.22339090704917908,0.70791095495224,-0.028874702751636505,0.2209347039461136,0.7507830858230591,-0.029777439311146736,0.21785074472427368,0.789721667766571,-0.021396681666374207,0.1916767656803131,0.7353756427764893,-0.007314528804272413,0.19734138250350952,0.7128867506980896,-0.026939161121845245,0.19815659523010254,0.7449473738670349,-0.02409336157143116,0.19728343188762665,0.7747713923454285,-0.015477628447115421,NO
0.21083202958106995,0.8553272485733032,-5.562155180882655e-09,0.24602656066417694,0.8296681642532349,-0.017556369304656982,0.259616881608963,0.7928403615951538,-0.02671574056148529,0.2555440366268158,0.7508032917976379,-0.036504123359918594,0.2522752583026886,0.714779794216156,-0.04414225369691849,0.2746332287788391,0.7425129413604736,-0.00013168306031730026,0.2860144078731537,0.7041476368904114,-0.02119293063879013,0.27620500326156616,0.7008324861526489,-0.03639879450201988,0.2625037431716919,0.7155295610427856,-0.04251115769147873,0.24833804368972778,0.733615517616272,0.0006873300299048424,0.25246891379356384,0.6977216005325317,-0.021529866382479668,0.24867087602615356,0.7100620269775391,-0.0319867767393589,0.2462950199842453,0.7274091243743896,-0.03311114013195038,0.2204393446445465,0.7311311960220337,-0.002651335671544075,0.22330591082572937,0.7079058885574341,-0.029115155339241028,0.22082704305648804,0.7504521608352661,-0.029543796554207802,0.21766948699951172,0.7883434891700745,-0.020959526300430298,0.1917009949684143,0.7353718876838684,-0.007394981104880571,0.1974303275346756,0.713184654712677,-0.026760471984744072,0.1982123851776123,0.745141863822937,-0.023721087723970413,0.19727155566215515,0.7742036581039429,-0.015025648288428783,NO
0.21049197018146515,0.8560322523117065,-2.042132241086847e-09,0.24552348256111145,0.8307274580001831,-0.01648830622434616,0.2591725289821625,0.7915938496589661,-0.024014754220843315,0.2545975148677826,0.7494198083877563,-0.032137319445610046,0.2518759071826935,0.714694619178772,-0.03808391094207764,0.2743769586086273,0.7434081435203552,0.0011170945363119245,0.28641846776008606,0.7048205137252808,-0.018129032105207443,0.27779117226600647,0.7005038857460022,-0.03147699683904648,0.26527172327041626,0.7139279842376709,-0.0364091731607914,0.2481139600276947,0.7341012358665466,0.0018689740682020783,0.25186461210250854,0.6981639862060547,-0.018968816846609116,0.24849063158035278,0.7064452767372131,-0.02865312062203884,0.2464422732591629,0.7198384404182434,-0.029456323012709618,0.22019851207733154,0.73165363073349,-0.001364255673252046,0.22242431342601776,0.7089417576789856,-0.027802325785160065,0.2202891856431961,0.7527034282684326,-0.028612371534109116,0.21749460697174072,0.7909654974937439,-0.02007056213915348,0.19134685397148132,0.7357897758483887,-0.005760874133557081,0.19716566801071167,0.713521420955658,-0.025538651272654533,0.19803208112716675,0.7465602159500122,-0.022791573777794838,0.19696743786334991,0.7758734822273254,-0.014168974943459034,NO
0.21021462976932526,0.8563377857208252,-1.734635013406205e-08,0.24503585696220398,0.8313567042350769,-0.01700724847614765,0.2586369812488556,0.7928069829940796,-0.025047384202480316,0.2542577385902405,0.7501458525657654,-0.0336543470621109,0.25184935331344604,0.7148488759994507,-0.040077902376651764,0.27434128522872925,0.7434542775154114,0.000903791282325983,0.28628745675086975,0.7045378684997559,-0.018839307129383087,0.2773009240627289,0.7008147239685059,-0.032604049891233444,0.2645534873008728,0.7152729034423828,-0.037790823727846146,0.2480240762233734,0.7346304059028625,0.0017990443157032132,0.25153979659080505,0.6983725428581238,-0.01973433420062065,0.24733476340770721,0.7102323174476624,-0.029645422473549843,0.24479295313358307,0.7267948389053345,-0.030330630019307137,0.22022879123687744,0.7323926687240601,-0.0013638823293149471,0.2223750501871109,0.7092698812484741,-0.027974219992756844,0.21989035606384277,0.7527464032173157,-0.028632065281271935,0.21692922711372375,0.790767252445221,-0.019935810938477516,0.19144949316978455,0.7365888357162476,-0.00575629947707057,0.1970164179801941,0.7136558294296265,-0.025363754481077194,0.1978326141834259,0.7462510466575623,-0.022517280653119087,0.19685181975364685,0.775358259677887,-0.013830529525876045,NO
0.2102765440940857,0.8563361763954163,2.628527262515945e-08,0.24694672226905823,0.8289722204208374,-0.01518318522721529,0.26058706641197205,0.7888070940971375,-0.02150600403547287,0.2552103102207184,0.7472118735313416,-0.02890775538980961,0.25248441100120544,0.7137852907180786,-0.03424680233001709,0.274130254983902,0.7436228394508362,0.004157315939664841,0.28610801696777344,0.7058342695236206,-0.014720785431563854,0.2772715985774994,0.7007319927215576,-0.02850339375436306,0.2652282416820526,0.7126426696777344,-0.03377299755811691,0.24782714247703552,0.7338517308235168,0.004284008871763945,0.25198987126350403,0.6972536444664001,-0.01612274907529354,0.24891397356987,0.6981310248374939,-0.02672189101576805,0.2468615472316742,0.7071169018745422,-0.028400881215929985,0.21961256861686707,0.7313096523284912,0.00034923298517242074,0.2217988520860672,0.7090865969657898,-0.02616768702864647,0.21949465572834015,0.7526880502700806,-0.027935728430747986,0.21692562103271484,0.7920894026756287,-0.01988728903234005,0.1907617449760437,0.7353509068489075,-0.004678166471421719,0.19683842360973358,0.7138626575469971,-0.024420881643891335,0.19724833965301514,0.7470776438713074,-0.021888073533773422,0.19615958631038666,0.7773944735527039,-0.013412120752036572,NO
0.21081262826919556,0.8554370999336243,2.6137587649799343e-09,0.24677598476409912,0.8291535973548889,-0.016206281259655952,0.26031678915023804,0.7894828915596008,-0.023530922830104828,0.255157470703125,0.7475838661193848,-0.03165429085493088,0.2520737051963806,0.7140332460403442,-0.037665851414203644,0.27390456199645996,0.7428285479545593,0.002219850430265069,0.2858409583568573,0.7044758200645447,-0.01757809892296791,0.2766105830669403,0.7013684511184692,-0.0317566953599453,0.2643323242664337,0.7156997323036194,-0.03720293939113617,0.24735219776630402,0.7341386675834656,0.0027565688360482454,0.25089186429977417,0.6974302530288696,-0.01888018473982811,0.24695593118667603,0.7055178880691528,-0.02936883084475994,0.24475139379501343,0.7198878526687622,-0.030468303710222244,0.2192777842283249,0.7321019172668457,-0.0007810859242454171,0.2216385453939438,0.7089410424232483,-0.027510441839694977,0.21933741867542267,0.7524619102478027,-0.028669537976384163,0.21680563688278198,0.7913762927055359,-0.020158465951681137,0.19065552949905396,0.7364607453346252,-0.005504100117832422,0.19662915170192719,0.7140157222747803,-0.025099556893110275,0.1972658485174179,0.7469625473022461,-0.02234978973865509,0.19630320370197296,0.7769432067871094,-0.013674795627593994,NO
0.2103889435529709,0.8555654287338257,2.800784670853318e-08,0.24517865478992462,0.829868733882904,-0.015567836351692677,0.2594125270843506,0.7914910316467285,-0.022604117169976234,0.25529715418815613,0.750260591506958,-0.03051827847957611,0.25261685252189636,0.7162355184555054,-0.03634541481733322,0.2736511528491974,0.744357168674469,0.0019001790788024664,0.2870399057865143,0.7067252397537231,-0.017140904441475868,0.277068167924881,0.7014437913894653,-0.030580833554267883,0.26373541355133057,0.7125279903411865,-0.035578653216362,0.2477756291627884,0.7343257069587708,0.0022129383869469166,0.25410670042037964,0.697928786277771,-0.018577272072434425,0.250862717628479,0.6986594796180725,-0.02880762331187725,0.2480122148990631,0.7074567079544067,-0.03014100156724453,0.21960768103599548,0.7312584519386292,-0.0014042692491784692,0.2222023904323578,0.7088277339935303,-0.02788279950618744,0.2203359305858612,0.7525488138198853,-0.029577922075986862,0.21785897016525269,0.7924671173095703,-0.021545160561800003,0.19075636565685272,0.7347208261489868,-0.006114746909588575,0.19695857167243958,0.7138168811798096,-0.02604185789823532,0.19797655940055847,0.7470028400421143,-0.023867201060056686,0.197171151638031,0.7777086496353149,-0.015655336901545525,NO
0.2112995833158493,0.8550422787666321,3.0511316140291456e-08,0.2464706301689148,0.8290608525276184,-0.015671316534280777,0.25992512702941895,0.790194034576416,-0.022990113124251366,0.2551196217536926,0.7488727569580078,-0.03119327872991562,0.2518215477466583,0.7156568765640259,-0.03735138848423958,0.27349114418029785,0.7434278726577759,0.0019141979282721877,0.2861083149909973,0.70600426197052,-0.0176413394510746,0.27693408727645874,0.7015249729156494,-0.03156072646379471,0.2646101713180542,0.7146722078323364,-0.03678809106349945,0.2472153902053833,0.7339329123497009,0.0021020290441811085,0.25350117683410645,0.6957473754882812,-0.019281376153230667,0.24988612532615662,0.6992009878158569,-0.029696984216570854,0.24704958498477936,0.7114244103431702,-0.03081628866493702,0.21905778348445892,0.731339693069458,-0.0016784401377663016,0.22239233553409576,0.7077978253364563,-0.02824006974697113,0.22032254934310913,0.7512163519859314,-0.029821505770087242,0.2177756279706955,0.7914150953292847,-0.021587209776043892,0.19026510417461395,0.7354037761688232,-0.006594534497708082,0.19652175903320312,0.7133585810661316,-0.026294024661183357,0.19779226183891296,0.7458498477935791,-0.02395346760749817,0.19730952382087708,0.7764257788658142,-0.01560180727392435,NO
0.21037819981575012,0.8547687530517578,1.7144287767223432e-08,0.2445017546415329,0.830977737903595,-0.017942816019058228,0.25815755128860474,0.7929105162620544,-0.02653689682483673,0.254386842250824,0.7512187361717224,-0.03552350401878357,0.2545342743396759,0.7168300151824951,-0.04221825674176216,0.2735332250595093,0.7440735697746277,-0.001253439229913056,0.28721150755882263,0.7051273584365845,-0.021864335983991623,0.27588164806365967,0.70122891664505,-0.035819221287965775,0.2613181471824646,0.7141265869140625,-0.040994007140398026,0.24741971492767334,0.7347739338874817,-0.0001885004894575104,0.25351715087890625,0.6971356272697449,-0.022794201970100403,0.24922853708267212,0.7030332088470459,-0.03297765925526619,0.24643588066101074,0.7148262858390808,-0.03368599712848663,0.21936173737049103,0.7321511507034302,-0.0032166868913918734,0.22198915481567383,0.7084542512893677,-0.031161075457930565,0.21969906985759735,0.7535770535469055,-0.03201937675476074,0.21741774678230286,0.7929123044013977,-0.022991584613919258,0.19050650298595428,0.7360249161720276,-0.0075024147517979145,0.1964961290359497,0.7137999534606934,-0.0284725409001112,0.1974140852689743,0.7482356429100037,-0.025856584310531616,0.19695408642292023,0.7787826061248779,-0.01695937290787697,NO
0.2102927565574646,0.8551773428916931,2.9087155795082253e-08,0.24515394866466522,0.8296749591827393,-0.015858083963394165,0.2588597536087036,0.7912642955780029,-0.022967247292399406,0.25484731793403625,0.749927282333374,-0.030979027971625328,0.2529293894767761,0.7151582837104797,-0.036814767867326736,0.27411797642707825,0.7446709275245667,0.00203815009444952,0.28740742802619934,0.7061987519264221,-0.017421940341591835,0.27587318420410156,0.7017324566841125,-0.03117775171995163,0.2613874077796936,0.7136524319648743,-0.03630366548895836,0.24830129742622375,0.7343599796295166,0.002271154662594199,0.25571495294570923,0.6970248818397522,-0.018937433138489723,0.25202375650405884,0.6964467167854309,-0.029495850205421448,0.24864915013313293,0.704556405544281,-0.030930545181035995,0.21999810636043549,0.7311584949493408,-0.0015071852831169963,0.22276394069194794,0.7084345817565918,-0.02880006469786167,0.22024603188037872,0.7535474300384521,-0.030525054782629013,0.21754148602485657,0.79405277967453,-0.022197170183062553,0.19101816415786743,0.7348979115486145,-0.006385700311511755,0.19722017645835876,0.7137340903282166,-0.027065319940447807,0.19773253798484802,0.7481679320335388,-0.02473554015159607,0.19702474772930145,0.779297411441803,-0.016182295978069305,NO
0.20975930988788605,0.8566643595695496,4.910647444233973e-09,0.2447478324174881,0.8330492377281189,-0.01746167428791523,0.2585262358188629,0.7951318621635437,-0.026489300653338432,0.2554531991481781,0.7528364062309265,-0.03604942932724953,0.2554788291454315,0.7180729508399963,-0.04353978857398033,0.27397218346595764,0.7438696026802063,-0.00044690087088383734,0.2862936556339264,0.7048627138137817,-0.021347349509596825,0.27717849612236023,0.7011601328849792,-0.03591451421380043,0.26494550704956055,0.7168402075767517,-0.041373882442712784,0.2476293295621872,0.7342385053634644,0.00035279340227134526,0.2527014911174774,0.6952108144760132,-0.02243356592953205,0.24805405735969543,0.7047663927078247,-0.032964326441287994,0.24518349766731262,0.7213420867919922,-0.033619917929172516,0.2196885496377945,0.7313448190689087,-0.0029063927941024303,0.2228834182024002,0.7078909873962402,-0.030543236061930656,0.22028407454490662,0.7529159784317017,-0.03163328766822815,0.21745476126670837,0.793279230594635,-0.02277194894850254,0.19092006981372833,0.7353981733322144,-0.007400291971862316,0.1966019719839096,0.7135930061340332,-0.02835417352616787,0.19787268340587616,0.7480548024177551,-0.026094676926732063,0.19750452041625977,0.7790147662162781,-0.017358195036649704,NO
0.20905646681785583,0.8572518825531006,-1.3578817181780778e-08,0.24414271116256714,0.8337412476539612,-0.01763376034796238,0.25818464159965515,0.7964967489242554,-0.027013251557946205,0.2551319897174835,0.754134476184845,-0.03697115182876587,0.2553786039352417,0.7188941240310669,-0.044811397790908813,0.2741681933403015,0.7440574169158936,-0.0007964137475937605,0.2867225408554077,0.7038140892982483,-0.02202284336090088,0.2770049571990967,0.7007138729095459,-0.03685653582215309,0.2641332745552063,0.7171304821968079,-0.042577654123306274,0.2478783279657364,0.7349000573158264,4.728810745291412e-05,0.25238919258117676,0.6967641115188599,-0.023329472169280052,0.24762436747550964,0.7104765176773071,-0.03404286876320839,0.24462299048900604,0.7302595376968384,-0.03475484997034073,0.2199752926826477,0.7321733832359314,-0.0031806256156414747,0.22255028784275055,0.70900958776474,-0.030634520575404167,0.22048048675060272,0.7535508871078491,-0.03152686357498169,0.2179802656173706,0.7931774854660034,-0.022758299484848976,0.19122646749019623,0.7360920906066895,-0.007699841167777777,0.19686920940876007,0.714550793170929,-0.02814573608338833,0.19828204810619354,0.7487343549728394,-0.025766855105757713,0.19795306026935577,0.7791235446929932,-0.017139077186584473,NO
0.20890387892723083,0.8581386208534241,-4.520240537431164e-08,0.24403715133666992,0.8329257369041443,-0.016488684341311455,0.2587438225746155,0.797584056854248,-0.025122303515672684,0.25698375701904297,0.756810188293457,-0.03466615080833435,0.25796669721603394,0.722856879234314,-0.04236108809709549,0.27498456835746765,0.7392932772636414,0.002634776523336768,0.2877076268196106,0.7046366930007935,-0.01772705838084221,0.2784866690635681,0.6992174386978149,-0.0327979251742363,0.2655118703842163,0.7109482288360596,-0.03908789902925491,0.2486700862646103,0.7299141883850098,0.0028677484951913357,0.2505497932434082,0.6959524750709534,-0.021348008885979652,0.2425016164779663,0.7166838645935059,-0.033056311309337616,0.2370373159646988,0.7415862679481506,-0.033760856837034225,0.22067737579345703,0.7272689938545227,-0.0008390580769628286,0.22274982929229736,0.7095964550971985,-0.02827947959303856,0.21965698897838593,0.7541966438293457,-0.029719771817326546,0.21696774661540985,0.7924920320510864,-0.02111154980957508,0.19200186431407928,0.7319099307060242,-0.005803214386105537,0.19644901156425476,0.715255856513977,-0.026173926889896393,0.19754445552825928,0.7491767406463623,-0.024320675060153008,0.19812217354774475,0.7779386043548584,-0.01581573486328125,NO
0.20884373784065247,0.8594316840171814,-3.313551033556905e-08,0.24369075894355774,0.8341429233551025,-0.016713539138436317,0.2587375342845917,0.7981665134429932,-0.025232234969735146,0.25712400674819946,0.7569924592971802,-0.034571629017591476,0.2579035758972168,0.7228031158447266,-0.0420541986823082,0.27479997277259827,0.7402437925338745,0.002512171631678939,0.28789767622947693,0.7052587270736694,-0.01768472231924534,0.27865540981292725,0.6987630724906921,-0.03263361379504204,0.2656303942203522,0.7094579935073853,-0.03876681253314018,0.24853473901748657,0.7308650016784668,0.0029176229145377874,0.2509573996067047,0.6959086060523987,-0.02097368985414505,0.24303211271762848,0.7134919166564941,-0.032635901123285294,0.23759402334690094,0.7362960577011108,-0.033341169357299805,0.22054851055145264,0.7282630205154419,-0.0006189824780449271,0.22301001846790314,0.7095463275909424,-0.027925295755267143,0.2195451855659485,0.7535895109176636,-0.02947314642369747,0.2165929228067398,0.7921960353851318,-0.02085377648472786,0.1919931322336197,0.7326723337173462,-0.005429056938737631,0.19648632407188416,0.7150473594665527,-0.025678066536784172,0.19737660884857178,0.748291015625,-0.02379787154495716,0.19778364896774292,0.7771790623664856,-0.015228671953082085,NO
0.20823323726654053,0.8566358089447021,5.126929636389832e-08,0.24226577579975128,0.8352845311164856,-0.02091287635266781,0.2580092251300812,0.8010108470916748,-0.03177633136510849,0.25691893696784973,0.7607576847076416,-0.04285126179456711,0.2613386809825897,0.7279165983200073,-0.052211981266736984,0.27380701899528503,0.7363426089286804,-0.001611507497727871,0.2848367393016815,0.7029916644096375,-0.023473326116800308,0.27693846821784973,0.692957878112793,-0.04027821123600006,0.26594027876853943,0.6968675851821899,-0.047994885593652725,0.2479856014251709,0.7266778945922852,-0.00043322215788066387,0.25271496176719666,0.6913498640060425,-0.02548786625266075,0.24762599170207977,0.6921760439872742,-0.039196550846099854,0.2430196851491928,0.7007161974906921,-0.04197597876191139,0.21997077763080597,0.7252177596092224,-0.0036291289143264294,0.22357062995433807,0.7096771597862244,-0.0347825288772583,0.21990449726581573,0.7556453943252563,-0.038245175033807755,0.21683907508850098,0.7958067655563354,-0.029998701065778732,0.19163189828395844,0.7314379215240479,-0.008316999301314354,0.19552534818649292,0.7139010429382324,-0.03220658749341965,0.19639357924461365,0.7485610246658325,-0.0315902978181839,0.19694063067436218,0.779785692691803,-0.023400817066431046,NO
0.20864087343215942,0.856423556804657,4.368584782810103e-08,0.2422308623790741,0.8362227082252502,-0.021010637283325195,0.2582169473171234,0.8021507859230042,-0.03184550628066063,0.25713032484054565,0.7627004384994507,-0.04279658943414688,0.2601504325866699,0.7290877103805542,-0.05205528065562248,0.274467408657074,0.7360556125640869,-0.0020828410051763058,0.2853020429611206,0.702834963798523,-0.0242744330316782,0.2775123715400696,0.6926302909851074,-0.04109763726592064,0.26644471287727356,0.6969175338745117,-0.04873773455619812,0.2484089583158493,0.7265832424163818,-0.0008615929400548339,0.25284311175346375,0.691270649433136,-0.026414288207888603,0.24719297885894775,0.6933055520057678,-0.04011278226971626,0.24201691150665283,0.7024986147880554,-0.04265284165740013,0.22014422714710236,0.7253203988075256,-0.003988091368228197,0.223135843873024,0.7087401151657104,-0.03539542853832245,0.21941930055618286,0.7552803754806519,-0.038564283400774,0.21643424034118652,0.7953470349311829,-0.03002072311937809,0.1916457861661911,0.7319731116294861,-0.008594640530645847,0.19501705467700958,0.7137852311134338,-0.03288652375340462,0.19571605324745178,0.7493525147438049,-0.03218380734324455,0.1963810920715332,0.7804988026618958,-0.023798858746886253,NO
0.21296079456806183,0.8555317521095276,1.3417724176179036e-07,0.24614034593105316,0.8314454555511475,-0.013848623260855675,0.2629467248916626,0.7955795526504517,-0.02083343081176281,0.2618924379348755,0.7636289596557617,-0.029187912121415138,0.26298436522483826,0.7399125695228577,-0.03648846223950386,0.2716851234436035,0.736431896686554,0.002926839515566826,0.2802927792072296,0.7047093510627747,-0.015020700171589851,0.27745819091796875,0.6873977184295654,-0.029688622802495956,0.2690999507904053,0.6824361085891724,-0.03625837340950966,0.24613012373447418,0.7282430529594421,0.001064137788489461,0.25501736998558044,0.6907973885536194,-0.020300526171922684,0.25239914655685425,0.6790429949760437,-0.032398778945207596,0.24582454562187195,0.6780632138252258,-0.03443552553653717,0.21766822040081024,0.7287667989730835,-0.004297576379030943,0.22177819907665253,0.7111445665359497,-0.03176448866724968,0.2205982655286789,0.7553387880325317,-0.034568239003419876,0.21800032258033752,0.7934460639953613,-0.026350585743784904,0.1886511743068695,0.7376077175140381,-0.01062286552041769,0.19502827525138855,0.7182936072349548,-0.030554024502635002,0.19695016741752625,0.7530508637428284,-0.027767309918999672,0.19729305803775787,0.7849053740501404,-0.018749739974737167,NO
0.21246905624866486,0.8570848107337952,1.467055881221313e-07,0.24450895190238953,0.8340641260147095,-0.01553922425955534,0.25988754630088806,0.8016639947891235,-0.022895991802215576,0.26001572608947754,0.7694299817085266,-0.0310438871383667,0.2690243721008301,0.7468178868293762,-0.038098208606243134,0.26866525411605835,0.740123450756073,0.0021215411834418774,0.2770531177520752,0.7102372646331787,-0.013470068573951721,0.27541983127593994,0.6927961707115173,-0.026891998946666718,0.2704116106033325,0.684715986251831,-0.033774733543395996,0.24395711719989777,0.7309117317199707,0.001816053525544703,0.25221771001815796,0.6959783434867859,-0.017204277217388153,0.24961501359939575,0.6847018003463745,-0.0282993633300066,0.24529187381267548,0.681523859500885,-0.030686192214488983,0.21643376350402832,0.7309284806251526,-0.001978505402803421,0.2204938530921936,0.7133298516273499,-0.027943875640630722,0.21929426491260529,0.7542870044708252,-0.030935361981391907,0.21796464920043945,0.7902074456214905,-0.023755639791488647,0.18775469064712524,0.7398949861526489,-0.006853813771158457,0.19302929937839508,0.7215797901153564,-0.027583904564380646,0.1961163878440857,0.7553921937942505,-0.026297373697161674,0.19815149903297424,0.7875124216079712,-0.01851297728717327,NO
0.7844948768615723,0.8750937581062317,5.373340172809549e-08,0.7554830312728882,0.851651132106781,-0.021532678976655006,0.7397664189338684,0.8203788995742798,-0.03540388122200966,0.7441774010658264,0.7858304977416992,-0.04711500555276871,0.7383632063865662,0.7603126168251038,-0.05641264095902443,0.7266696095466614,0.7255098819732666,-0.019594652578234673,0.7236930131912231,0.7102967500686646,-0.04572928324341774,0.7371153831481934,0.701297402381897,-0.06590662896633148,0.7547855377197266,0.6931270360946655,-0.07815521210432053,0.7577784061431885,0.7166377902030945,-0.019745782017707825,0.7673295736312866,0.690161943435669,-0.044730644673109055,0.7731015086174011,0.7044574022293091,-0.056216925382614136,0.7747894525527954,0.7093684673309326,-0.05998820438981056,0.7889811992645264,0.7176254987716675,-0.023094752803444862,0.8039281964302063,0.7240744233131409,-0.049669504165649414,0.7985345721244812,0.7704758048057556,-0.04842287302017212,0.7920383214950562,0.7939985394477844,-0.04048408940434456,0.8172737956047058,0.7299069166183472,-0.028617653995752335,0.8280093669891357,0.7350503206253052,-0.04309828206896782,0.8199827671051025,0.7691224813461304,-0.03805002570152283,0.8129819631576538,0.784848153591156,-0.03016122803092003,NO
0.7849658727645874,0.8727024793624878,2.1365180202792544e-07,0.7594952583312988,0.8576302528381348,-0.03130454570055008,0.7433142066001892,0.8276395201683044,-0.0486823245882988,0.7427192330360413,0.7913205623626709,-0.061740025877952576,0.7353604435920715,0.7628428936004639,-0.07182380557060242,0.7246376276016235,0.7352535128593445,-0.026535503566265106,0.7243120074272156,0.715000569820404,-0.057134225964546204,0.7404623627662659,0.7003430724143982,-0.07965520769357681,0.7610188722610474,0.6870822906494141,-0.09269755333662033,0.7527616620063782,0.7194927334785461,-0.02166997455060482,0.7591757774353027,0.6959387063980103,-0.053084295243024826,0.7633690237998962,0.7074944972991943,-0.06648654490709305,0.7646057605743408,0.7018016576766968,-0.06987728178501129,0.7814502716064453,0.7150130271911621,-0.021060416474938393,0.8034172654151917,0.7254548072814941,-0.051971014589071274,0.7999602556228638,0.7699840068817139,-0.050608448684215546,0.7918287515640259,0.7845752239227295,-0.0416494719684124,0.8083604574203491,0.7222334742546082,-0.02372215874493122,0.8282886743545532,0.7350562810897827,-0.04302968829870224,0.822009265422821,0.7709446549415588,-0.040113162249326706,0.8110074996948242,0.7818352580070496,-0.03238831087946892,NO
0.7813281416893005,0.8710473775863647,2.53507465686198e-07,0.7561579942703247,0.8572684526443481,-0.029401417821645737,0.739794909954071,0.8298674821853638,-0.0471792109310627,0.7402429580688477,0.7947741746902466,-0.061199769377708435,0.7370364665985107,0.762991189956665,-0.07234426587820053,0.725059986114502,0.7391043901443481,-0.02823399007320404,0.7222210764884949,0.717862606048584,-0.057815972715616226,0.7363362312316895,0.7041890621185303,-0.07917442172765732,0.7552409768104553,0.691150426864624,-0.09161768108606339,0.7545002698898315,0.7207978963851929,-0.024936025962233543,0.761817991733551,0.695000171661377,-0.05649488791823387,0.7666512131690979,0.7005324363708496,-0.07085124403238297,0.7699497938156128,0.6931838989257812,-0.07502663135528564,0.7834942936897278,0.715644896030426,-0.025166068226099014,0.8047621250152588,0.7296307682991028,-0.05568356439471245,0.7991123795509338,0.7753517031669617,-0.05449827015399933,0.7903692722320557,0.7941989898681641,-0.04578327015042305,0.8108571767807007,0.7236678004264832,-0.02849702164530754,0.8294551968574524,0.7385100722312927,-0.047836486250162125,0.8218050599098206,0.7742817401885986,-0.0448172390460968,0.8099460601806641,0.7874346375465393,-0.03698957338929176,NO
0.7821176052093506,0.8670958280563354,2.20125642158564e-07,0.7561417818069458,0.8543673753738403,-0.02882506139576435,0.7404434084892273,0.8265275359153748,-0.045975763350725174,0.7415338754653931,0.7909821271896362,-0.05935674160718918,0.7361717224121094,0.7613034844398499,-0.07005994021892548,0.7244678139686584,0.7373279333114624,-0.028123993426561356,0.7218706011772156,0.7171794176101685,-0.05738948658108711,0.7365925312042236,0.7041489481925964,-0.07841605693101883,0.7559434771537781,0.6897282004356384,-0.09077325463294983,0.7536580562591553,0.7191121578216553,-0.02484271489083767,0.7634469866752625,0.6977406144142151,-0.055780377238988876,0.7679929137229919,0.7075536847114563,-0.06923599541187286,0.7702432870864868,0.6994211673736572,-0.07292511314153671,0.7827336192131042,0.7129015922546387,-0.02510136179625988,0.8054419755935669,0.7304602265357971,-0.055557750165462494,0.7995300889015198,0.7765142917633057,-0.05424191802740097,0.7906365990638733,0.7925676703453064,-0.045474257320165634,0.8100968599319458,0.7193480730056763,-0.028361350297927856,0.8290069103240967,0.7379687428474426,-0.047693394124507904,0.8213414549827576,0.774834930896759,-0.044619906693696976,0.8100084066390991,0.7865934371948242,-0.03674100711941719,NO
0.7830715775489807,0.8628512024879456,2.6180734380432114e-07,0.7551882863044739,0.8501297831535339,-0.028802385553717613,0.7385343909263611,0.8225523233413696,-0.04631268233060837,0.7403078675270081,0.7890685200691223,-0.06015714257955551,0.7356874942779541,0.7640450596809387,-0.07155533879995346,0.7222979068756104,0.7352313995361328,-0.028093092143535614,0.7187632322311401,0.711211085319519,-0.056933630257844925,0.7342534065246582,0.7008359432220459,-0.07903289049863815,0.7548280358314514,0.6917533278465271,-0.0922824963927269,0.7520467042922974,0.718518853187561,-0.02488688938319683,0.7595103979110718,0.700671911239624,-0.05520279332995415,0.7681756019592285,0.703151524066925,-0.07037506997585297,0.7749998569488525,0.6960192322731018,-0.07616870850324631,0.7819512486457825,0.7156485319137573,-0.025293825194239616,0.8019375801086426,0.7282320261001587,-0.055507346987724304,0.7982257604598999,0.774979829788208,-0.05542287603020668,0.7919303178787231,0.7982507944107056,-0.04788117855787277,0.8102418780326843,0.7251038551330566,-0.028641192242503166,0.8274991512298584,0.7362173795700073,-0.04972296953201294,0.8205026388168335,0.771900475025177,-0.04798823595046997,0.8104230165481567,0.7882824540138245,-0.040980756282806396,NO
0.7834885120391846,0.861669659614563,2.749444547589519e-07,0.7577265501022339,0.8496320843696594,-0.030808916315436363,0.7409251928329468,0.823697566986084,-0.049315862357616425,0.7405740022659302,0.788109540939331,-0.06381997466087341,0.7343225479125977,0.762108564376831,-0.07572273910045624,0.7219693660736084,0.7386585474014282,-0.029448827728629112,0.7180958986282349,0.7125868201255798,-0.059749189764261246,0.7356095314025879,0.700751781463623,-0.08254758268594742,0.7577747106552124,0.6926131844520569,-0.09567360579967499,0.7514249682426453,0.7197458744049072,-0.025193380191922188,0.7583225965499878,0.6975392699241638,-0.058270927518606186,0.765190064907074,0.7013264894485474,-0.07442549616098404,0.7697219252586365,0.6972876191139221,-0.07952850311994553,0.7809730172157288,0.714893102645874,-0.024582041427493095,0.8016514182090759,0.7290751338005066,-0.056672271341085434,0.7979664206504822,0.775925874710083,-0.057289350777864456,0.7900794744491577,0.7993983030319214,-0.04918893054127693,0.8083329796791077,0.7226449847221375,-0.02695932239294052,0.8257675766944885,0.7388182878494263,-0.04810578003525734,0.8188005685806274,0.7748882174491882,-0.046262431889772415,0.8076646327972412,0.7908639907836914,-0.038682978600263596,NO
0.7837317585945129,0.866187334060669,2.1121971371940162e-07,0.7572435140609741,0.8516119718551636,-0.0277707502245903,0.7404894232749939,0.822144627571106,-0.043938107788562775,0.7392818927764893,0.7868349552154541,-0.05668141692876816,0.7330746650695801,0.762393057346344,-0.06688269972801208,0.7243117094039917,0.7356005311012268,-0.022869914770126343,0.7205992341041565,0.7155893445014954,-0.05061465874314308,0.7342957258224487,0.7033131718635559,-0.07118380814790726,0.7531619668006897,0.6911975145339966,-0.08335474133491516,0.7534425258636475,0.7190902233123779,-0.019761253148317337,0.7636461853981018,0.7030613422393799,-0.048763930797576904,0.7697275876998901,0.7124795317649841,-0.06189732998609543,0.7733332514762878,0.7063272595405579,-0.06587209552526474,0.7824883460998535,0.7159087061882019,-0.020569942891597748,0.8031396269798279,0.7315841913223267,-0.0494062677025795,0.7978509664535522,0.7752606868743896,-0.048485152423381805,0.7898186445236206,0.7916791439056396,-0.04056350886821747,0.8095070123672485,0.7248432636260986,-0.024347098544239998,0.8270979523658752,0.741089940071106,-0.04325065761804581,0.8195663690567017,0.7760730385780334,-0.04086608067154884,0.808307409286499,0.788667619228363,-0.03376751020550728,NO
0.7817457914352417,0.8683854341506958,2.720840655001666e-07,0.7545701265335083,0.8583649396896362,-0.029565870761871338,0.7351737022399902,0.8291556239128113,-0.04719507321715355,0.7340746521949768,0.7931418418884277,-0.061185821890830994,0.7297120690345764,0.7626465559005737,-0.07273026555776596,0.7237507104873657,0.7416762709617615,-0.025753580033779144,0.7161742448806763,0.7146022915840149,-0.055009741336107254,0.7285917401313782,0.698896586894989,-0.07657264173030853,0.7472867369651794,0.6930924654006958,-0.0884627178311348,0.7526038289070129,0.724357545375824,-0.022162260487675667,0.7580753564834595,0.6986455321311951,-0.05053136497735977,0.7690125703811646,0.7005942463874817,-0.06315276771783829,0.7775257229804993,0.6977897882461548,-0.06677962839603424,0.7813112735748291,0.7221223711967468,-0.022946080192923546,0.7997710704803467,0.7247970700263977,-0.05110938102006912,0.7988394498825073,0.7648177146911621,-0.05013798177242279,0.7932015061378479,0.7858497500419617,-0.04256149008870125,0.8086345791816711,0.7328727841377258,-0.026860758662223816,0.8270872831344604,0.7372839450836182,-0.046868372708559036,0.8212776780128479,0.7682921290397644,-0.04538321495056152,0.8105472326278687,0.7844048738479614,-0.03889765590429306,NO
0.7813648581504822,0.8707890510559082,2.754768217982928e-07,0.7552686929702759,0.857184648513794,-0.02861493080854416,0.7384678721427917,0.82748943567276,-0.045329004526138306,0.7385769486427307,0.7909432649612427,-0.05862102285027504,0.7336235642433167,0.7633703947067261,-0.06928017735481262,0.7231059074401855,0.7385498285293579,-0.023739006370306015,0.7148185968399048,0.7145743370056152,-0.05119722709059715,0.7277710437774658,0.6996175050735474,-0.07129903137683868,0.7461507320404053,0.6911517977714539,-0.08240742981433868,0.7514024972915649,0.7187582850456238,-0.02020164765417576,0.7566566467285156,0.6940505504608154,-0.048341307789087296,0.7640239000320435,0.6962207555770874,-0.06117452681064606,0.7703561782836914,0.6934627890586853,-0.06432708352804184,0.77977055311203,0.714394211769104,-0.020641371607780457,0.7995856404304504,0.7267311811447144,-0.04909053072333336,0.796422004699707,0.7718149423599243,-0.04877958446741104,0.790257453918457,0.7951666712760925,-0.04072435945272446,0.8074473142623901,0.7237931489944458,-0.024102911353111267,0.8259921073913574,0.7365924715995789,-0.04304865747690201,0.8194310665130615,0.7714325785636902,-0.04122225195169449,0.8089025020599365,0.7876697182655334,-0.034170642495155334,NO
0.7802452445030212,0.870862603187561,2.8686855557680246e-07,0.7548622488975525,0.854385495185852,-0.03133312240242958,0.7378773093223572,0.8271413445472717,-0.05008794739842415,0.737180769443512,0.792163074016571,-0.06534622609615326,0.7338146567344666,0.7629516124725342,-0.07791173458099365,0.7231133580207825,0.7379933595657349,-0.02664402313530445,0.7167872190475464,0.7140398621559143,-0.05469220131635666,0.7278400659561157,0.6996686458587646,-0.07429029792547226,0.7453423738479614,0.6910140514373779,-0.08524081856012344,0.7514879107475281,0.7207748889923096,-0.02215399593114853,0.7556999921798706,0.6947672963142395,-0.05129374563694,0.7624486684799194,0.6967986226081848,-0.06416172534227371,0.7692506313323975,0.6895998120307922,-0.06764473766088486,0.7802600264549255,0.7165472507476807,-0.021813588216900826,0.799371600151062,0.7265502214431763,-0.05141427740454674,0.7935200929641724,0.7727454304695129,-0.05081859976053238,0.7856512665748596,0.7950892448425293,-0.04278029873967171,0.8079596757888794,0.7254855036735535,-0.024697717279195786,0.8252183794975281,0.7357418537139893,-0.044425081461668015,0.81758713722229,0.7705886363983154,-0.04273083433508873,0.8062942624092102,0.785975992679596,-0.03602021932601929,NO
0.7785919904708862,0.8675327897071838,2.7240929512117873e-07,0.7534936666488647,0.8517118096351624,-0.027553707361221313,0.738017201423645,0.8250260353088379,-0.04465809836983681,0.7379158139228821,0.7910231351852417,-0.05868165194988251,0.7335447669029236,0.7639092803001404,-0.07043685764074326,0.7225995659828186,0.7371394634246826,-0.025698956102132797,0.717035174369812,0.7127731442451477,-0.053127728402614594,0.727741003036499,0.6974921822547913,-0.07330837845802307,0.7429002523422241,0.6878179311752319,-0.0844900906085968,0.7507132887840271,0.7197428345680237,-0.023257452994585037,0.7567962408065796,0.6875874400138855,-0.05397739261388779,0.765039324760437,0.6912590265274048,-0.06869864463806152,0.7712170481681824,0.6967806816101074,-0.07228896766901016,0.7792984247207642,0.7157419323921204,-0.024103723466396332,0.7992532849311829,0.7231011390686035,-0.05475509539246559,0.7949346899986267,0.7706218361854553,-0.055765993893146515,0.7869016528129578,0.8010255098342896,-0.04767933860421181,0.8069804310798645,0.7258152961730957,-0.027560420334339142,0.8257932066917419,0.7318680882453918,-0.04763249680399895,0.8191120624542236,0.7682507634162903,-0.04569200426340103,0.8078832626342773,0.7909504175186157,-0.03811734542250633,NO
0.7795621752738953,0.8679394125938416,2.4944620236055925e-07,0.75471431016922,0.8515304327011108,-0.026435542851686478,0.7382283806800842,0.8240748643875122,-0.043053627014160156,0.7382996082305908,0.7904519438743591,-0.05691780149936676,0.7330106496810913,0.7632341980934143,-0.0684078112244606,0.7229319214820862,0.7359542846679688,-0.024449173361063004,0.7158031463623047,0.7076427340507507,-0.05245647579431534,0.7272685766220093,0.6926935911178589,-0.07285261899232864,0.7423848509788513,0.6865225434303284,-0.08376029133796692,0.7511718273162842,0.7187516093254089,-0.02284906432032585,0.7561752200126648,0.6845423579216003,-0.05506986379623413,0.7647517323493958,0.6895398497581482,-0.07071676105260849,0.7703388929367065,0.6983451247215271,-0.07415641099214554,0.7797806859016418,0.7154965400695801,-0.024472881108522415,0.7989485263824463,0.7247931957244873,-0.05561624467372894,0.7952162623405457,0.771411120891571,-0.057207733392715454,0.7866357564926147,0.8005505204200745,-0.04910057410597801,0.8071910738945007,0.7257044315338135,-0.028647873550653458,0.8258835077285767,0.7358071804046631,-0.04853784665465355,0.8191705346107483,0.7718685269355774,-0.046599458903074265,0.8070598244667053,0.7931200265884399,-0.038784585893154144,NO
0.7789439558982849,0.8717324137687683,2.1796384430672333e-07,0.7555605173110962,0.8555839657783508,-0.026156162843108177,0.7398639917373657,0.8262290358543396,-0.04200347885489464,0.739544153213501,0.7905299663543701,-0.05504298955202103,0.7331368923187256,0.7603452801704407,-0.0655122622847557,0.7220596671104431,0.7381417155265808,-0.023249289020895958,0.7179654836654663,0.7116298079490662,-0.05408722534775734,0.7285824418067932,0.6974660754203796,-0.07596928626298904,0.7443283200263977,0.6912261247634888,-0.08769571036100388,0.7504867315292358,0.7216562628746033,-0.022660095244646072,0.7574282288551331,0.6803094744682312,-0.0588705949485302,0.7639945149421692,0.6935737133026123,-0.0748448297381401,0.7688184976577759,0.7053949236869812,-0.07682553678750992,0.7793864011764526,0.7185966372489929,-0.025450270622968674,0.8004395365715027,0.7271263599395752,-0.058440957218408585,0.7965827584266663,0.775181233882904,-0.0584588497877121,0.7879117727279663,0.796187162399292,-0.04851006343960762,0.8070868849754333,0.7289038896560669,-0.030918875709176064,0.8252313733100891,0.740045964717865,-0.05029717832803726,0.8180851340293884,0.7763093113899231,-0.046789612621068954,0.8058931231498718,0.7898553013801575,-0.03773241490125656,NO
0.7803480625152588,0.8744308948516846,2.043103961568704e-07,0.756509006023407,0.8570807576179504,-0.02612350322306156,0.7402942776679993,0.8275222778320312,-0.0423821397125721,0.7394871711730957,0.7910934686660767,-0.055960167199373245,0.731974184513092,0.7599860429763794,-0.06686495989561081,0.722348153591156,0.7362550497055054,-0.02275645174086094,0.718341052532196,0.712794840335846,-0.05361513793468475,0.7296048998832703,0.7009136080741882,-0.07607850432395935,0.7460121512413025,0.6934919357299805,-0.08856644481420517,0.750335693359375,0.7186501622200012,-0.02203083038330078,0.7581835389137268,0.6810778975486755,-0.05727030336856842,0.7645782232284546,0.6918503046035767,-0.07324779778718948,0.769956111907959,0.698075532913208,-0.07607033103704453,0.779056966304779,0.714990496635437,-0.024754030629992485,0.8001892566680908,0.7272791862487793,-0.05656551942229271,0.7953462600708008,0.775961697101593,-0.05606684461236,0.7872580885887146,0.7961169481277466,-0.04640379175543785,0.8068435788154602,0.7249669432640076,-0.030355695635080338,0.8239185810089111,0.7415755987167358,-0.048765722662210464,0.816929817199707,0.7781933546066284,-0.04505474492907524,0.8059352040290833,0.7901341915130615,-0.036261122673749924,NO
0.7828723192214966,0.8754361867904663,1.1770506347374976e-07,0.7581953406333923,0.8571990132331848,-0.028442755341529846,0.7415241003036499,0.8269324898719788,-0.0462401919066906,0.7397364974021912,0.7900674343109131,-0.060546308755874634,0.7312636375427246,0.759702205657959,-0.07193128019571304,0.7225720882415771,0.732113778591156,-0.026552366092801094,0.7182761430740356,0.7140381336212158,-0.057173293083906174,0.7326188087463379,0.7022312879562378,-0.07850982248783112,0.7526969909667969,0.6951195001602173,-0.09046091139316559,0.7505582571029663,0.7152736186981201,-0.024002371355891228,0.7643128633499146,0.6930508017539978,-0.05665542557835579,0.7707017660140991,0.718722939491272,-0.06890684366226196,0.7725008726119995,0.7259731292724609,-0.0702519491314888,0.7796894311904907,0.711394190788269,-0.025145433843135834,0.8020226955413818,0.7303428053855896,-0.05533034726977348,0.7983266711235046,0.7763875126838684,-0.052266571670770645,0.7899106740951538,0.7891168594360352,-0.04217273369431496,0.8067665696144104,0.720231831073761,-0.029443519189953804,0.8248977661132812,0.7416854500770569,-0.04721833020448685,0.8191779851913452,0.7785727381706238,-0.04239540174603462,0.8080918192863464,0.7876944541931152,-0.03327010199427605,NO
0.7813280820846558,0.872715175151825,2.1310576414634852e-07,0.7549264430999756,0.8568232655525208,-0.03130029886960983,0.7385578751564026,0.8273336291313171,-0.04953537508845329,0.7401635646820068,0.7903751134872437,-0.0638161152601242,0.7330422401428223,0.7612018585205078,-0.07531304657459259,0.723571240901947,0.7346013188362122,-0.026746312156319618,0.7206934094429016,0.7159475088119507,-0.05577138066291809,0.733551025390625,0.7003349661827087,-0.0756872370839119,0.7519893050193787,0.6881769299507141,-0.08684708923101425,0.7517896294593811,0.7189226150512695,-0.022666456177830696,0.762630820274353,0.6960029006004333,-0.053599901497364044,0.7683619856834412,0.7142446637153625,-0.06535790860652924,0.7709347605705261,0.7137575149536133,-0.06699865311384201,0.7805006504058838,0.7156215310096741,-0.022740770131349564,0.8019194006919861,0.7284445762634277,-0.053669847548007965,0.7968338131904602,0.774569034576416,-0.051299333572387695,0.7882900238037109,0.7893295884132385,-0.04154543578624725,0.8075724840164185,0.7242921590805054,-0.026041671633720398,0.8265949487686157,0.7360010147094727,-0.04596291482448578,0.8200231790542603,0.7721027731895447,-0.04249180480837822,0.8084456324577332,0.7837017178535461,-0.03412790223956108,NO
0.7801421880722046,0.8687952160835266,2.9851028671146196e-07,0.7533160448074341,0.8524500131607056,-0.03121306747198105,0.7380107045173645,0.824352502822876,-0.04923141002655029,0.7390247583389282,0.7897922396659851,-0.06339801847934723,0.7345271110534668,0.7623122930526733,-0.07504941523075104,0.7230415940284729,0.7352871298789978,-0.02648632973432541,0.7218442559242249,0.7153937220573425,-0.05433276295661926,0.7347989082336426,0.700554370880127,-0.07480692118406296,0.753170371055603,0.689035952091217,-0.08672372251749039,0.752429723739624,0.7197384238243103,-0.02218521200120449,0.7586672306060791,0.6943628787994385,-0.052508220076560974,0.7647789120674133,0.696628749370575,-0.06688840687274933,0.7705556750297546,0.6911440491676331,-0.07111367583274841,0.7818486094474792,0.7166333794593811,-0.02183688059449196,0.8015841245651245,0.726334273815155,-0.05320248752832413,0.7953952550888062,0.7738826274871826,-0.05371470749378204,0.7871342897415161,0.7973170876502991,-0.045703861862421036,0.8100743889808655,0.7257956862449646,-0.024467112496495247,0.8275927901268005,0.7342793941497803,-0.04553566500544548,0.8194277882575989,0.7702870965003967,-0.04395166039466858,0.8075766563415527,0.7863965034484863,-0.03693050518631935,NO
0.7805256247520447,0.8732372522354126,2.454634113746579e-07,0.7527590394020081,0.8541001677513123,-0.025070080533623695,0.7379647493362427,0.8229323625564575,-0.03972877189517021,0.7405409216880798,0.7891299724578857,-0.051872432231903076,0.7370003461837769,0.7634575366973877,-0.061637021601200104,0.7267293930053711,0.7373301982879639,-0.018601415678858757,0.7215332388877869,0.7129381895065308,-0.04272770509123802,0.73317551612854,0.7001466155052185,-0.061118632555007935,0.7501819729804993,0.6909781098365784,-0.0716921016573906,0.7554401755332947,0.7238476276397705,-0.016143666580319405,0.7588803768157959,0.6974014639854431,-0.04056929051876068,0.7666965126991272,0.6954699158668518,-0.05253000929951668,0.7746663093566895,0.6878494024276733,-0.056582774966955185,0.7837774157524109,0.7227160334587097,-0.01744084618985653,0.7987805008888245,0.72672438621521,-0.04350729286670685,0.7940598130226135,0.7712560296058655,-0.04286527261137962,0.788282573223114,0.7956106662750244,-0.03544917702674866,0.8121758699417114,0.7333299517631531,-0.021392853930592537,0.8267562985420227,0.7326306104660034,-0.038597602397203445,0.8196378350257874,0.7662506699562073,-0.03566749393939972,0.8092293739318848,0.7841416001319885,-0.028552846983075142,NO
0.780670166015625,0.8731550574302673,2.5129898517661786e-07,0.7519392967224121,0.8537067174911499,-0.02588440477848053,0.7370175123214722,0.8227032423019409,-0.04113006964325905,0.7399049997329712,0.7892425656318665,-0.05367906391620636,0.7378378510475159,0.7634498476982117,-0.0638439729809761,0.7260622382164001,0.7374300360679626,-0.01947883702814579,0.7218451499938965,0.7151666879653931,-0.0446256622672081,0.7334784865379333,0.699992299079895,-0.06374452263116837,0.7503136992454529,0.6893113255500793,-0.07487500458955765,0.7552244067192078,0.7245807647705078,-0.016978230327367783,0.7589287161827087,0.6981325745582581,-0.04236103221774101,0.7669689059257507,0.6976857781410217,-0.054136063903570175,0.7739046216011047,0.6899129152297974,-0.057859402149915695,0.7843697667121887,0.7231347560882568,-0.01841362565755844,0.7990198731422424,0.725496232509613,-0.0457124225795269,0.7949827313423157,0.7708457112312317,-0.04439390450716019,0.7890337109565735,0.7944270968437195,-0.03622128441929817,0.8132283687591553,0.7335981726646423,-0.022563980892300606,0.8271374702453613,0.7319979071617126,-0.04076605290174484,0.8196437954902649,0.7661236524581909,-0.03762192651629448,0.8087379336357117,0.7831281423568726,-0.030245665460824966,NO
0.7787758111953735,0.8727949261665344,2.3810558502646018e-07,0.7520836591720581,0.8529224395751953,-0.02406315505504608,0.7386589050292969,0.8220619559288025,-0.03814222291111946,0.7407411932945251,0.7887769937515259,-0.04993526637554169,0.737874448299408,0.7633405327796936,-0.0594249926507473,0.7260096669197083,0.7370795607566833,-0.016819551587104797,0.7222663760185242,0.7165501117706299,-0.0418851301074028,0.732205331325531,0.7008842825889587,-0.06146176531910896,0.7477704882621765,0.6905627846717834,-0.0728149339556694,0.7546747326850891,0.7236362099647522,-0.015038745477795601,0.7589058876037598,0.6978122591972351,-0.04030073434114456,0.7662088871002197,0.6959104537963867,-0.052576202899217606,0.7730675935745239,0.6912044882774353,-0.05651594698429108,0.7834596633911133,0.7225765585899353,-0.01712161675095558,0.799228310585022,0.7247370481491089,-0.04341341555118561,0.7962524890899658,0.7681235671043396,-0.042423371225595474,0.7912406325340271,0.7930289506912231,-0.034571658819913864,0.8122189044952393,0.7345175743103027,-0.021888328716158867,0.8274399638175964,0.7312024235725403,-0.03894587606191635,0.820376455783844,0.7625701427459717,-0.03595937788486481,0.8099761605262756,0.7792382836341858,-0.02886306867003441,NO
0.7794457077980042,0.8723487854003906,2.3482910194161377e-07,0.7517790198326111,0.8530535697937012,-0.02378622256219387,0.7379772067070007,0.8218350410461426,-0.03745919093489647,0.7405157089233398,0.7886133193969727,-0.04886902496218681,0.7367926836013794,0.7633665800094604,-0.058039143681526184,0.726151168346405,0.7370879650115967,-0.01605241373181343,0.7217612266540527,0.7163650989532471,-0.04110293090343475,0.7321580052375793,0.7012876868247986,-0.061030205339193344,0.7479113340377808,0.6908039450645447,-0.07266508042812347,0.755049467086792,0.7236489653587341,-0.014372569508850574,0.7586075067520142,0.6980329751968384,-0.03914342448115349,0.7659879326820374,0.6954171657562256,-0.051648471504449844,0.772620439529419,0.6888973116874695,-0.056011002510786057,0.7841070890426636,0.72281414270401,-0.01660471223294735,0.7982615232467651,0.7252948880195618,-0.04304579645395279,0.7954784631729126,0.7693031430244446,-0.04243003576993942,0.790861189365387,0.7936211824417114,-0.03484664484858513,0.8131184577941895,0.7346834540367126,-0.02142741158604622,0.8266844749450684,0.732717752456665,-0.03878025338053703,0.8197007179260254,0.7650970220565796,-0.03587307780981064,0.8098561763763428,0.7817111015319824,-0.0288108941167593,NO
0.779024064540863,0.8677756786346436,2.3261958403963945e-07,0.7496464848518372,0.8491562604904175,-0.024950457736849785,0.73554527759552,0.8184743523597717,-0.03934215381741524,0.7400622367858887,0.7868616580963135,-0.051080044358968735,0.7395476698875427,0.7644884586334229,-0.0606398768723011,0.7258435487747192,0.7357612252235413,-0.019462062045931816,0.7220112085342407,0.7163175344467163,-0.04658045992255211,0.7348233461380005,0.7015872001647949,-0.06794527173042297,0.7524524927139282,0.6907857060432434,-0.08051615953445435,0.7543745636940002,0.721480131149292,-0.017376737669110298,0.7569246292114258,0.698340654373169,-0.04479209706187248,0.7650492787361145,0.6978282332420349,-0.058318912982940674,0.7716192603111267,0.69010329246521,-0.06302789598703384,0.7830901741981506,0.719214141368866,-0.019128557294607162,0.7992790937423706,0.7248852252960205,-0.048192739486694336,0.7964253425598145,0.7707391977310181,-0.04769103229045868,0.7907937169075012,0.7944496273994446,-0.03958439454436302,0.8113728761672974,0.7292807102203369,-0.02349361777305603,0.8267172574996948,0.7311280369758606,-0.04296770319342613,0.8196580410003662,0.7656514644622803,-0.04035313054919243,0.8092839121818542,0.782122015953064,-0.03302033618092537,NO
0.7802474498748779,0.8652151823043823,2.4278733690152876e-07,0.7512364387512207,0.8487542867660522,-0.026278076693415642,0.737075924873352,0.8175694942474365,-0.04109898582100868,0.7411940097808838,0.7856304049491882,-0.05286485329270363,0.7396447658538818,0.7652260661125183,-0.0624450221657753,0.7257869839668274,0.7359801530838013,-0.021545322611927986,0.7222641110420227,0.7157356142997742,-0.0488053597509861,0.735810399055481,0.7016458511352539,-0.07002483308315277,0.7541146278381348,0.6906730532646179,-0.08260515332221985,0.7540344595909119,0.7204918265342712,-0.01879066228866577,0.7572125792503357,0.6982660889625549,-0.04683776944875717,0.7652046084403992,0.6981276869773865,-0.06057723984122276,0.771709680557251,0.6899964213371277,-0.06531243771314621,0.7824723124504089,0.717265248298645,-0.01986837387084961,0.7999486923217773,0.7251408100128174,-0.04931966960430145,0.7969930171966553,0.7712132930755615,-0.04914209991693497,0.7911491990089417,0.7943819165229797,-0.041217949241399765,0.8106364607810974,0.7261147499084473,-0.023665426298975945,0.8269444108009338,0.7313384413719177,-0.04363765940070152,0.8201051354408264,0.7660238146781921,-0.04160988703370094,0.8097143769264221,0.7816545963287354,-0.03464436158537865,NO
0.7788116335868835,0.866000771522522,2.3067798338161083e-07,0.7498184442520142,0.8485301733016968,-0.024835174903273582,0.7353909611701965,0.8171629905700684,-0.03905284032225609,0.7399750351905823,0.7859586477279663,-0.050611462444067,0.7404158115386963,0.7644662261009216,-0.06002116575837135,0.7251008152961731,0.7350878119468689,-0.019744960591197014,0.7213541269302368,0.7143272757530212,-0.045901309698820114,0.7343990206718445,0.7010655999183655,-0.06662707775831223,0.7524347901344299,0.6908131837844849,-0.0790262371301651,0.7537460923194885,0.7195402383804321,-0.01767297089099884,0.7570040225982666,0.7001277804374695,-0.044356971979141235,0.764813244342804,0.699693500995636,-0.05783621966838837,0.7716202735900879,0.6917605996131897,-0.06285765022039413,0.7824398875236511,0.716962993144989,-0.01932935044169426,0.7993123531341553,0.7260807156562805,-0.04703162983059883,0.7962890267372131,0.7712977528572083,-0.04647081345319748,0.7909359335899353,0.7951534986495972,-0.03891141340136528,0.8108250498771667,0.7271889448165894,-0.023743359372019768,0.8268131613731384,0.7325001358985901,-0.0426439568400383,0.8201201558113098,0.7663577795028687,-0.04035322740674019,0.8104039430618286,0.782710075378418,-0.033464107662439346,NO
0.7797494530677795,0.8661746978759766,2.5296321837231517e-07,0.7540062665939331,0.8485100865364075,-0.025479264557361603,0.7415343523025513,0.8181268572807312,-0.03993048518896103,0.7433794736862183,0.7845278382301331,-0.051316116005182266,0.7405773997306824,0.7626604437828064,-0.06041314825415611,0.7244759798049927,0.7319769263267517,-0.018972434103488922,0.7253698706626892,0.7150346040725708,-0.04336295276880264,0.7365227341651917,0.6994637250900269,-0.06244093179702759,0.7520982623100281,0.6881327629089355,-0.0740896686911583,0.7537505030632019,0.717687726020813,-0.016756875440478325,0.7593553066253662,0.6980201601982117,-0.042527489364147186,0.7663854956626892,0.6991395354270935,-0.05496576428413391,0.7716540098190308,0.693401038646698,-0.059109706431627274,0.7827248573303223,0.7157680988311768,-0.018190236762166023,0.8017149567604065,0.724568784236908,-0.04602796584367752,0.7988883852958679,0.7687429189682007,-0.045262254774570465,0.7923872470855713,0.7923752665519714,-0.037390679121017456,0.8107738494873047,0.727454423904419,-0.02227196656167507,0.8274616003036499,0.7290180921554565,-0.04185071215033531,0.8208684921264648,0.7629691362380981,-0.039566922932863235,0.809959888458252,0.7806097269058228,-0.032490506768226624,NO
0.7796148061752319,0.8655632734298706,2.4814289645291865e-07,0.7531992197036743,0.8466720581054688,-0.024002239108085632,0.7400027513504028,0.8162776231765747,-0.03764607012271881,0.742928683757782,0.7839316129684448,-0.048496078699827194,0.7412674427032471,0.7618076801300049,-0.05709810182452202,0.723852276802063,0.7318201065063477,-0.017473796382546425,0.725361704826355,0.715456485748291,-0.04163674637675285,0.7373788952827454,0.6992188692092896,-0.061375271528959274,0.7532488107681274,0.6861447095870972,-0.0737600177526474,0.7534945011138916,0.7177980542182922,-0.015964560210704803,0.75882488489151,0.6981968879699707,-0.04155505448579788,0.7657156586647034,0.6980211734771729,-0.05483221635222435,0.770331621170044,0.6919980645179749,-0.059862274676561356,0.782703697681427,0.7161024808883667,-0.018001064658164978,0.8006722927093506,0.7238989472389221,-0.045387186110019684,0.797868013381958,0.7680137157440186,-0.045120131224393845,0.7913563251495361,0.7919709086418152,-0.03781573846936226,0.8112272024154663,0.7276995182037354,-0.022601960226893425,0.8273489475250244,0.7300428748130798,-0.04185296222567558,0.8202826380729675,0.7639196515083313,-0.039804331958293915,0.8090513944625854,0.78177410364151,-0.03310973197221756,NO
0.7796896696090698,0.8685057163238525,2.5609003273530107e-07,0.7538690567016602,0.848931074142456,-0.025491537526249886,0.7418661713600159,0.8179377317428589,-0.03945578634738922,0.7451702356338501,0.7833576798439026,-0.05059819296002388,0.7408760786056519,0.7604213953018188,-0.05939219146966934,0.7244560122489929,0.7346982955932617,-0.016664136201143265,0.7239236831665039,0.7168404459953308,-0.04079100117087364,0.7355372905731201,0.6994309425354004,-0.060420483350753784,0.7517499327659607,0.6853829026222229,-0.0725562646985054,0.753555417060852,0.7209733724594116,-0.014239584095776081,0.758018434047699,0.7008259892463684,-0.03935711458325386,0.7653371691703796,0.6983674764633179,-0.05262336507439613,0.7709236741065979,0.6883662939071655,-0.05780232697725296,0.7820499539375305,0.7194676995277405,-0.015730973333120346,0.8005117177963257,0.7225682139396667,-0.04345037415623665,0.7982791662216187,0.7658974528312683,-0.04338226467370987,0.7926127314567566,0.789651095867157,-0.03611777722835541,0.8101540803909302,0.7314013838768005,-0.019923290237784386,0.827648937702179,0.7294849157333374,-0.03984438255429268,0.8216480612754822,0.7619574666023254,-0.03833072632551193,0.8110342025756836,0.7798429727554321,-0.031899724155664444,NO
0.7796798348426819,0.8634213805198669,2.5936427050510247e-07,0.7531546354293823,0.8461371660232544,-0.02745859883725643,0.739940881729126,0.8178460001945496,-0.04352187737822533,0.743308424949646,0.7845020890235901,-0.05593603104352951,0.7404882311820984,0.7611045241355896,-0.06598291546106339,0.7237513661384583,0.7266465425491333,-0.021152770146727562,0.7313941121101379,0.7167372703552246,-0.046203915029764175,0.7446317672729492,0.6982101202011108,-0.06633750349283218,0.7610549330711365,0.682679295539856,-0.07896822690963745,0.7530714869499207,0.7134672999382019,-0.018517356365919113,0.7600005269050598,0.6975411176681519,-0.044271256774663925,0.7638034820556641,0.7015958428382874,-0.056867390871047974,0.7651664614677429,0.6943753957748413,-0.061241455376148224,0.7821006774902344,0.7116240859031677,-0.019640570506453514,0.802787184715271,0.722139835357666,-0.047721341252326965,0.7995027899742126,0.7663809061050415,-0.04656176269054413,0.7916760444641113,0.7872161865234375,-0.038433946669101715,0.8095842599868774,0.723046600818634,-0.023608673363924026,0.8279366493225098,0.7270056009292603,-0.043127406388521194,0.8211470246315002,0.7614412903785706,-0.040179625153541565,0.809479296207428,0.7784548401832581,-0.032630592584609985,NO
0.7802724242210388,0.8622093200683594,2.7380227152207226e-07,0.7544046640396118,0.8452297449111938,-0.02838827483355999,0.7417560815811157,0.8168634176254272,-0.043835267424583435,0.7444918751716614,0.7841948866844177,-0.05524677783250809,0.7392719984054565,0.7611756920814514,-0.06408513337373734,0.7233443260192871,0.7275519967079163,-0.020483147352933884,0.732737123966217,0.7182028293609619,-0.044725872576236725,0.7461180686950684,0.6992095708847046,-0.06489023566246033,0.7616732716560364,0.6803270578384399,-0.07804376631975174,0.7530813217163086,0.7135295271873474,-0.016932055354118347,0.7585294842720032,0.6995013356208801,-0.0430777370929718,0.7627038955688477,0.6988251805305481,-0.057445622980594635,0.7645082473754883,0.6876400709152222,-0.0634249746799469,0.7820497155189514,0.7115199565887451,-0.017107408493757248,0.8020382523536682,0.7232401967048645,-0.04628119245171547,0.7988811731338501,0.7682190537452698,-0.04669014364480972,0.7910680174827576,0.7898515462875366,-0.03942378982901573,0.8095687627792358,0.722133994102478,-0.020059039816260338,0.8276057839393616,0.7291216850280762,-0.041152093559503555,0.8213801383972168,0.7639395594596863,-0.03985873609781265,0.8101330399513245,0.7803013920783997,-0.03330852836370468,NO
0.776470422744751,0.8601260185241699,3.0044392929085006e-07,0.7517625689506531,0.8438851833343506,-0.028087224811315536,0.7398605346679688,0.815790593624115,-0.044555362313985825,0.7436125874519348,0.7822678089141846,-0.05736064910888672,0.7410430908203125,0.7582916021347046,-0.06790494173765182,0.7260353565216064,0.7277540564537048,-0.021178333088755608,0.7343751192092896,0.7144312262535095,-0.04563311114907265,0.7465447187423706,0.6944119930267334,-0.0651996061205864,0.7609986066818237,0.6773207783699036,-0.07733634114265442,0.7538694143295288,0.7128075957298279,-0.018090499565005302,0.7585727572441101,0.6923428773880005,-0.04316020756959915,0.7634207010269165,0.6907008290290833,-0.055958036333322525,0.7666305303573608,0.6811364889144897,-0.060393691062927246,0.7814099788665771,0.7098357677459717,-0.018797622993588448,0.8021152019500732,0.7197586894035339,-0.04716550186276436,0.8003303408622742,0.7638583779335022,-0.04729165881872177,0.7936304807662964,0.7860046029090881,-0.039646029472351074,0.8081943392753601,0.7198324799537659,-0.022255295887589455,0.8261605501174927,0.7258475422859192,-0.04214824363589287,0.8200728297233582,0.7602588534355164,-0.040286414325237274,0.8091568350791931,0.7775517702102661,-0.03339114040136337,NO
0.7780312299728394,0.8618689179420471,2.711992692638887e-07,0.7519634366035461,0.8425983190536499,-0.02519085630774498,0.7395954728126526,0.814122200012207,-0.040043849498033524,0.7431650757789612,0.7807984948158264,-0.05211549997329712,0.7409220337867737,0.7573609352111816,-0.0619344487786293,0.7259781360626221,0.7269362211227417,-0.01655292697250843,0.7310013771057129,0.7109981775283813,-0.04016057401895523,0.7452054023742676,0.6925789713859558,-0.05945507064461708,0.7622929811477661,0.6767091751098633,-0.07143077999353409,0.7541165947914124,0.7116225957870483,-0.014524667523801327,0.7572348713874817,0.6909233927726746,-0.037992507219314575,0.7628634572029114,0.687393069267273,-0.0508224219083786,0.7670997977256775,0.6766154170036316,-0.05579359829425812,0.7816552519798279,0.708296000957489,-0.016276299953460693,0.8020004034042358,0.7190191149711609,-0.043056778609752655,0.8001428842544556,0.7623207569122314,-0.0434972420334816,0.7938840985298157,0.7856676578521729,-0.036421146243810654,0.8087418675422668,0.7182444930076599,-0.020697152242064476,0.8261798024177551,0.7261941432952881,-0.039018601179122925,0.8203803896903992,0.7596860527992249,-0.037208475172519684,0.8100974559783936,0.7770330309867859,-0.03063606657087803,NO
0.7812077403068542,0.8632070422172546,2.888247365717689e-07,0.7531543970108032,0.8464332818984985,-0.023447519168257713,0.7399532198905945,0.8164794445037842,-0.03635314106941223,0.7446279525756836,0.7799773812294006,-0.04669855535030365,0.7408652901649475,0.754623293876648,-0.054735444486141205,0.728447437286377,0.7324700951576233,-0.014816289767622948,0.7319139838218689,0.7078578472137451,-0.03608023002743721,0.7431023120880127,0.6851876974105835,-0.052990395575761795,0.7563798427581787,0.6648025512695312,-0.06318399310112,0.7549654245376587,0.7145994305610657,-0.01320645585656166,0.7526835203170776,0.6852936744689941,-0.03554389625787735,0.7589001059532166,0.674270749092102,-0.04763786122202873,0.7656188011169434,0.6617606282234192,-0.0519765168428421,0.7812203168869019,0.7101931571960449,-0.015172897838056087,0.7994429469108582,0.7149003148078918,-0.0430535227060318,0.7985880970954895,0.7608466148376465,-0.0445585735142231,0.7932929992675781,0.7894257307052612,-0.03748328611254692,0.8082308769226074,0.7190995812416077,-0.019297271966934204,0.8239774107933044,0.7193228006362915,-0.03943959251046181,0.8195220828056335,0.7540419697761536,-0.03842552378773689,0.8097788095474243,0.7753017544746399,-0.03197990357875824,NO
0.7813809514045715,0.8644153475761414,3.0472858725261176e-07,0.7543026208877563,0.8461800217628479,-0.02446781098842621,0.7397274971008301,0.8164265155792236,-0.038844916969537735,0.7431041598320007,0.7799813747406006,-0.050777096301317215,0.7398591041564941,0.7537316679954529,-0.060417551547288895,0.7287911176681519,0.7307685017585754,-0.017382308840751648,0.7319014668464661,0.7019461989402771,-0.039727672934532166,0.7442233562469482,0.6781767010688782,-0.05593353137373924,0.7578421235084534,0.6610409617424011,-0.06488696485757828,0.7553693652153015,0.7144246697425842,-0.0155564546585083,0.7542685270309448,0.6786474585533142,-0.038657352328300476,0.7611920833587646,0.6708276271820068,-0.04901505634188652,0.7673914432525635,0.6620250344276428,-0.05112018063664436,0.7814314365386963,0.710974395275116,-0.017388874664902687,0.8001634478569031,0.7147289514541626,-0.04526450112462044,0.7986656427383423,0.7596542239189148,-0.045756950974464417,0.7919607758522034,0.7859079837799072,-0.037669479846954346,0.8079725503921509,0.7201507687568665,-0.021470751613378525,0.8250060677528381,0.7213734984397888,-0.04047854617238045,0.820123016834259,0.7555641531944275,-0.03845657408237457,0.809249758720398,0.7747162580490112,-0.03120911493897438,NO
0.780897319316864,0.8648115992546082,3.058146944567852e-07,0.7528325319290161,0.8432174921035767,-0.02133270353078842,0.7387434840202332,0.8143656253814697,-0.03501322492957115,0.7421623468399048,0.7800971865653992,-0.04747461900115013,0.7388631701469421,0.7533211708068848,-0.058013226836919785,0.7293424010276794,0.7315376996994019,-0.015203512273728848,0.7292250990867615,0.702398419380188,-0.0375371091067791,0.7381542325019836,0.6774387359619141,-0.054933544248342514,0.7491775751113892,0.6561228036880493,-0.06503479927778244,0.7567978501319885,0.7183634042739868,-0.015277229249477386,0.7562093734741211,0.6791391372680664,-0.03817993402481079,0.7638955116271973,0.6641554832458496,-0.05028907582163811,0.7712233662605286,0.651522696018219,-0.054551687091588974,0.7842195630073547,0.7181957960128784,-0.018685434013605118,0.7969738245010376,0.7092515826225281,-0.04625895246863365,0.7944896221160889,0.7543038725852966,-0.04701932519674301,0.7892239689826965,0.7850388884544373,-0.039387576282024384,0.8119052052497864,0.7303406596183777,-0.02395053394138813,0.8243739008903503,0.717388391494751,-0.041805513203144073,0.8187475800514221,0.7479767203330994,-0.03868183493614197,0.8093971610069275,0.7695820927619934,-0.03112979047000408,NO
0.7811299562454224,0.8642977476119995,2.9784479238514905e-07,0.7535332441329956,0.8432048559188843,-0.021064413711428642,0.7396300435066223,0.8142923712730408,-0.03449704870581627,0.742861270904541,0.7800084948539734,-0.046687882393598557,0.738814651966095,0.7531776428222656,-0.05688604339957237,0.7298493385314941,0.7320640087127686,-0.014983463101089,0.7294484972953796,0.7024245858192444,-0.037158310413360596,0.7383744716644287,0.6775502562522888,-0.05441034212708473,0.7493059635162354,0.6561903953552246,-0.06446179002523422,0.7570063471794128,0.7181413769721985,-0.015080535784363747,0.755683183670044,0.6797187328338623,-0.03792305663228035,0.763396680355072,0.6646579504013062,-0.049897752702236176,0.7705448269844055,0.6514291167259216,-0.05414414778351784,0.7841296195983887,0.7171334028244019,-0.01849283091723919,0.7969704270362854,0.7084059119224548,-0.046057406812906265,0.7949556708335876,0.7537659406661987,-0.046632710844278336,0.7897802591323853,0.7847995162010193,-0.038944631814956665,0.8116952776908875,0.7287476062774658,-0.023759661242365837,0.824347734451294,0.7167004346847534,-0.04189438000321388,0.8189511895179749,0.7478857636451721,-0.03887748345732689,0.8096588850021362,0.7698268890380859,-0.031391289085149765,NO
0.782087504863739,0.8608002066612244,2.891756594181061e-07,0.7554160952568054,0.8411248326301575,-0.023357078433036804,0.740786075592041,0.8135056495666504,-0.03737645223736763,0.7431671619415283,0.7798424363136292,-0.04941825196146965,0.7383658289909363,0.7514637112617493,-0.05922051891684532,0.728674590587616,0.7267792224884033,-0.016075752675533295,0.7287753224372864,0.6997818946838379,-0.039433032274246216,0.7412066459655762,0.6760199069976807,-0.05760834738612175,0.7556683421134949,0.6568171977996826,-0.06807772815227509,0.7546176910400391,0.7110711336135864,-0.015371415764093399,0.7510176301002502,0.6740135550498962,-0.03838255628943443,0.7587778568267822,0.6637628078460693,-0.049867428839206696,0.7663007378578186,0.6533457636833191,-0.05340985208749771,0.7808214426040649,0.7089574933052063,-0.01839219406247139,0.7974872589111328,0.7045215368270874,-0.046009358018636703,0.7965964674949646,0.7515163421630859,-0.0461963415145874,0.7909205555915833,0.7798570394515991,-0.03826291859149933,0.808129072189331,0.720133364200592,-0.023664798587560654,0.8233234882354736,0.7156888842582703,-0.04220850393176079,0.8179001808166504,0.7494307160377502,-0.03969109058380127,0.8073220252990723,0.7690187096595764,-0.032477714121341705,NO
0.7809829115867615,0.8623871803283691,2.740235629516974e-07,0.753082811832428,0.8408981561660767,-0.020236367359757423,0.7392343878746033,0.8118327260017395,-0.03277132660150528,0.7424154281616211,0.7779026031494141,-0.044265732169151306,0.7377745509147644,0.7512549757957458,-0.05378337204456329,0.7286738157272339,0.729117214679718,-0.01277017779648304,0.7287097573280334,0.6998629570007324,-0.03500542789697647,0.7404850721359253,0.6764395236968994,-0.052086543291807175,0.7541304230690002,0.6593550443649292,-0.061618927866220474,0.7546156048774719,0.7143967747688293,-0.013577832840383053,0.7499359846115112,0.6721482872962952,-0.03598508983850479,0.7576241493225098,0.6608767509460449,-0.04724844917654991,0.7661239504814148,0.6537082195281982,-0.05032867193222046,0.7808177471160889,0.7139160633087158,-0.01778760552406311,0.7958290576934814,0.7056505680084229,-0.04403615742921829,0.7949140071868896,0.751372218132019,-0.04395674914121628,0.7897642850875854,0.7806155681610107,-0.03587738797068596,0.8081068992614746,0.7259823679924011,-0.02398849092423916,0.8225294351577759,0.7176072597503662,-0.04063751548528671,0.8174115419387817,0.7498435378074646,-0.03709312155842781,0.8077259063720703,0.7694746255874634,-0.02930869720876217,NO
0.7865496277809143,0.8664902448654175,-1.513922995854955e-07,0.7582141160964966,0.8377933502197266,-0.012216990813612938,0.7453781366348267,0.799679160118103,-0.02186519466340542,0.7540473341941833,0.7605525255203247,-0.031800150871276855,0.7594713568687439,0.7330998778343201,-0.03885341063141823,0.7244757413864136,0.7196418046951294,-0.00588227016851306,0.7168964147567749,0.6899045705795288,-0.030488966032862663,0.7326144576072693,0.6861832737922668,-0.047976210713386536,0.7520736455917358,0.6981484889984131,-0.05654330551624298,0.7518316507339478,0.705374538898468,-0.009567911736667156,0.771019697189331,0.6934394836425781,-0.036529846489429474,0.7822806239128113,0.7399558424949646,-0.04577971622347832,0.7828841805458069,0.7673965692520142,-0.045229244977235794,0.7800325155258179,0.7018422484397888,-0.016385313123464584,0.8020962476730347,0.7081481218338013,-0.04045446217060089,0.8035291433334351,0.7552707195281982,-0.03568987920880318,0.797713041305542,0.7768135666847229,-0.025922374799847603,0.8086174726486206,0.7097831964492798,-0.025120699778199196,0.8278473615646362,0.7113706469535828,-0.039266131818294525,0.8245187401771545,0.7503328323364258,-0.032427527010440826,0.8149555325508118,0.7682598233222961,-0.022657213732600212,NO
0.7847251892089844,0.8668644428253174,-1.1083915296694613e-07,0.7587403655052185,0.8370325565338135,-0.015190067701041698,0.7466516494750977,0.8006697297096252,-0.02713852748274803,0.7544459104537964,0.760823130607605,-0.03866780176758766,0.7597537636756897,0.7321925163269043,-0.046809859573841095,0.7231936454772949,0.7185943722724915,-0.00908996444195509,0.7175610065460205,0.6912636160850525,-0.03586330637335777,0.7332077026367188,0.6859795451164246,-0.05413828790187836,0.753407895565033,0.6951771974563599,-0.06321220844984055,0.7515398859977722,0.704358696937561,-0.011835749261081219,0.7721293568611145,0.693915605545044,-0.04132457450032234,0.7830930948257446,0.7432664036750793,-0.04958269000053406,0.7835728526115417,0.7681683897972107,-0.04802121967077255,0.7797949314117432,0.7012355923652649,-0.018192952498793602,0.8032580018043518,0.7083102464675903,-0.04452086240053177,0.8040428161621094,0.7555232644081116,-0.03830307349562645,0.7975433468818665,0.7740655541419983,-0.027321744710206985,0.8083879947662354,0.7094500064849854,-0.02680951915681362,0.8288305997848511,0.7127993106842041,-0.04221444949507713,0.8250077366828918,0.7519888281822205,-0.03502931818366051,0.8145751953125,0.7677534818649292,-0.024892093613743782,NO
0.7869628071784973,0.8636802434921265,-1.4336325193653465e-07,0.7575446367263794,0.8332144618034363,-0.014408373273909092,0.7436106204986572,0.7960315942764282,-0.02557164430618286,0.7536000609397888,0.7588982582092285,-0.03657278046011925,0.7625030875205994,0.7366853356361389,-0.043759267777204514,0.7212544679641724,0.7129982709884644,-0.005796763114631176,0.719003438949585,0.6861188411712646,-0.030554475262761116,0.7353819608688354,0.6945302486419678,-0.04743248224258423,0.7517263889312744,0.7134772539138794,-0.05543339252471924,0.7497541308403015,0.7014910578727722,-0.008845344185829163,0.7640470266342163,0.6885935068130493,-0.03432738035917282,0.7749629616737366,0.7362322211265564,-0.04241453483700752,0.7754274010658264,0.7608451843261719,-0.04172586277127266,0.7790064811706543,0.7011489272117615,-0.015556958504021168,0.7971104979515076,0.7014860510826111,-0.03797796368598938,0.7997578382492065,0.7481498122215271,-0.03192462399601936,0.7954307198524475,0.767971396446228,-0.022053038701415062,0.8088025450706482,0.7132431864738464,-0.024542754516005516,0.825293779373169,0.7090591192245483,-0.03789713233709335,0.8219560980796814,0.7463971376419067,-0.030703404918313026,0.8129862546920776,0.7633505463600159,-0.021090779453516006,NO
0.7862570285797119,0.8651110529899597,-1.3947092725175025e-07,0.7578003406524658,0.8354783654212952,-0.014496653340756893,0.7448052167892456,0.7999571561813354,-0.026213446632027626,0.7545660734176636,0.7618163824081421,-0.03818153589963913,0.7630258202552795,0.7379105687141418,-0.04675024747848511,0.7212778925895691,0.7196400761604309,-0.0055333469063043594,0.7177435755729675,0.6875378489494324,-0.030808039009571075,0.7343118786811829,0.6940042972564697,-0.048872485756874084,0.7517198324203491,0.7137051820755005,-0.05745520442724228,0.749930202960968,0.7057390809059143,-0.00838692206889391,0.7637571692466736,0.6890692710876465,-0.0333818681538105,0.7759120464324951,0.7339456081390381,-0.0418286994099617,0.7771364450454712,0.759750485420227,-0.04160142317414284,0.7789784669876099,0.7037841081619263,-0.014957540668547153,0.7963435053825378,0.7018576264381409,-0.0367463193833828,0.7996600866317749,0.747622013092041,-0.03084767423570156,0.795836865901947,0.7698102593421936,-0.021200964227318764,0.8088948726654053,0.7143932580947876,-0.023859700188040733,0.8240715265274048,0.7087180614471436,-0.035689886659383774,0.8215906023979187,0.7453448176383972,-0.027787281200289726,0.8135769963264465,0.7636038064956665,-0.017943575978279114,NO
0.7850298881530762,0.8630145788192749,-2.0799157596229634e-07,0.7544904947280884,0.832305908203125,-0.010315118357539177,0.7416118383407593,0.7910541296005249,-0.018615316599607468,0.7546277642250061,0.754292905330658,-0.027897747233510017,0.7650517821311951,0.7338672280311584,-0.033731695264577866,0.7192478179931641,0.7134615182876587,-0.00018777330114971846,0.7176501154899597,0.6853176951408386,-0.02407529018819332,0.7353599071502686,0.6960131525993347,-0.04121090844273567,0.7536857724189758,0.7160040140151978,-0.04930955544114113,0.7477617859840393,0.6996734142303467,-0.0045687491074204445,0.765438437461853,0.6924083828926086,-0.029020801186561584,0.7764012217521667,0.7399729490280151,-0.03733660653233528,0.7773471474647522,0.7661469578742981,-0.03698689490556717,0.7767575979232788,0.6984813809394836,-0.012525366619229317,0.7963148951530457,0.7036930918693542,-0.033345237374305725,0.7983779311180115,0.7504941821098328,-0.02789212390780449,0.7941704392433167,0.7716515064239502,-0.01863711327314377,0.8063802719116211,0.7086942791938782,-0.02258295565843582,0.8232824206352234,0.7081500291824341,-0.033934585750103,0.8200869560241699,0.7456496953964233,-0.02681933157145977,0.8119251728057861,0.7630488276481628,-0.017565065994858742,NO
0.7852005362510681,0.8616591691970825,-2.1419411666556698e-07,0.7548724412918091,0.8317780494689941,-0.01026963908225298,0.741797924041748,0.7904351949691772,-0.018506493419408798,0.7552993893623352,0.7541108727455139,-0.027843238785862923,0.7657452821731567,0.7330419421195984,-0.03390203043818474,0.719774603843689,0.7137554883956909,-0.00037390823126770556,0.7169722318649292,0.6841790080070496,-0.025243030861020088,0.7337300181388855,0.6940227150917053,-0.04339729622006416,0.7520091533660889,0.7133421897888184,-0.05204059183597565,0.7482178807258606,0.7001045346260071,-0.004846557043492794,0.7673177719116211,0.6943838000297546,-0.03012249618768692,0.7771161794662476,0.7416817545890808,-0.03944149240851402,0.7773543000221252,0.7663539052009583,-0.039702728390693665,0.7772880792617798,0.69865882396698,-0.012921208515763283,0.7975747585296631,0.705382227897644,-0.034805260598659515,0.7989360094070435,0.752314031124115,-0.0302620567381382,0.7943654656410217,0.7714932560920715,-0.021381894126534462,0.8068011403083801,0.7076021432876587,-0.022998204454779625,0.8236730098724365,0.7081876993179321,-0.03475259989500046,0.820936918258667,0.746496319770813,-0.027621302753686905,0.813601016998291,0.7626340389251709,-0.01821138523519039,NO
0.7833135724067688,0.8620889186859131,-1.8909352661466983e-07,0.755189061164856,0.8323529362678528,-0.012148714624345303,0.7423054575920105,0.7956010103225708,-0.022166593000292778,0.7531834840774536,0.7590826153755188,-0.032868996262550354,0.7600598931312561,0.7350320219993591,-0.0400078147649765,0.7181358337402344,0.7118839025497437,-0.003219345584511757,0.7150562405586243,0.6837778091430664,-0.027309607714414597,0.731594979763031,0.6920420527458191,-0.04475747421383858,0.74932861328125,0.7105284929275513,-0.05326350778341293,0.7456265687942505,0.6970570087432861,-0.007011923473328352,0.7640435695648193,0.6939433217048645,-0.03158194199204445,0.7742791771888733,0.73798668384552,-0.04111116752028465,0.7750303149223328,0.7626309394836426,-0.04200635850429535,0.7739734053611755,0.6951486468315125,-0.014295278117060661,0.795427143573761,0.7053877711296082,-0.03496461734175682,0.7973760962486267,0.7496654987335205,-0.030688965693116188,0.7929701805114746,0.7693300247192383,-0.022605303674936295,0.8029986619949341,0.7051164507865906,-0.023940958082675934,0.8217309713363647,0.7101123929023743,-0.03545339033007622,0.8191109299659729,0.7467892169952393,-0.029367497190833092,0.8114543557167053,0.7633700370788574,-0.02090945467352867,NO
0.7849742770195007,0.8613518476486206,-1.7931209583821328e-07,0.7570140361785889,0.8321552872657776,-0.013620071113109589,0.7441472411155701,0.7960929274559021,-0.024523263797163963,0.7544417977333069,0.7596398591995239,-0.03602055087685585,0.762129008769989,0.7350736856460571,-0.04402419552206993,0.7186219096183777,0.7145131826400757,-0.0037959411274641752,0.7154390215873718,0.6841295957565308,-0.02893739938735962,0.7336289882659912,0.6952009201049805,-0.04776735231280327,0.7519416809082031,0.7159802317619324,-0.05699584633111954,0.746467649936676,0.6987203359603882,-0.006974121555685997,0.7625167369842529,0.6913259029388428,-0.032125670462846756,0.7743985056877136,0.7347480654716492,-0.0427645668387413,0.7765058875083923,0.7614044547080994,-0.044161226600408554,0.7751045227050781,0.6962878704071045,-0.013803647831082344,0.7947766780853271,0.7056980133056641,-0.034574344754219055,0.7973712682723999,0.7494317293167114,-0.031106749549508095,0.7935068011283875,0.770417332649231,-0.023282671347260475,0.804276168346405,0.7054105401039124,-0.02309923991560936,0.8217812180519104,0.7104577422142029,-0.034090492874383926,0.8198081254959106,0.7458425760269165,-0.028053555637598038,0.8128357529640198,0.762416422367096,-0.019613275304436684,NO
0.7847836017608643,0.8571791648864746,-1.7768871884982218e-07,0.7552365660667419,0.8305496573448181,-0.014611875638365746,0.7415027618408203,0.7944989800453186,-0.02601594291627407,0.7545695900917053,0.7569254636764526,-0.03778235614299774,0.7658469080924988,0.7322702407836914,-0.0460585281252861,0.7182146310806274,0.7147069573402405,-0.005952754057943821,0.7133983373641968,0.6840401887893677,-0.03280525282025337,0.7314439415931702,0.6947590708732605,-0.05270800739526749,0.7505244016647339,0.7139437198638916,-0.06271488964557648,0.7458357214927673,0.697920024394989,-0.009015114977955818,0.7640284895896912,0.6924492120742798,-0.0358487069606781,0.774541974067688,0.7365556955337524,-0.046593077480793,0.7753353714942932,0.7599857449531555,-0.04794982820749283,0.7743018269538879,0.6946116089820862,-0.01588863506913185,0.7966657876968384,0.7072082161903381,-0.0385546013712883,0.797659158706665,0.7518534064292908,-0.03514401242136955,0.7919487357139587,0.7696216106414795,-0.027170244604349136,0.803613543510437,0.7026224732398987,-0.02527548372745514,0.8228309154510498,0.7106450200080872,-0.03789201378822327,0.8199967741966248,0.747854471206665,-0.032066915184259415,0.8118501305580139,0.7628883123397827,-0.02358119934797287,NO
0.7837805151939392,0.8582112789154053,-2.0120938870604732e-07,0.7546355724334717,0.8302977681159973,-0.013505944050848484,0.7408274412155151,0.7937089800834656,-0.024252379313111305,0.753803551197052,0.7566605806350708,-0.035384319722652435,0.7640833258628845,0.7307177186012268,-0.04293454438447952,0.7166301012039185,0.7106452584266663,-0.0044278427958488464,0.714534342288971,0.6844888925552368,-0.03053390420973301,0.7315230965614319,0.6948860287666321,-0.04995403811335564,0.7496593594551086,0.7124488949775696,-0.05997517704963684,0.7443140149116516,0.6941520571708679,-0.008042741566896439,0.7639058828353882,0.6950415968894958,-0.034066591411828995,0.7741498351097107,0.7398178577423096,-0.04447111114859581,0.774990975856781,0.7615998983383179,-0.0460125133395195,0.772992730140686,0.6909658908843994,-0.015434147790074348,0.7958306074142456,0.7069711685180664,-0.03769862279295921,0.7972868084907532,0.7515754103660583,-0.03405791521072388,0.7916561961174011,0.7680159211158752,-0.026329409331083298,0.8026633858680725,0.6994277834892273,-0.02530863881111145,0.8220779895782471,0.709437906742096,-0.03838789463043213,0.8192020058631897,0.7475741505622864,-0.032882776111364365,0.8103579878807068,0.7623617649078369,-0.02468433603644371,NO
0.786352276802063,0.854230523109436,-2.0853458693181892e-07,0.7594621777534485,0.8310590386390686,-0.018134498968720436,0.7443949580192566,0.7989516258239746,-0.031755588948726654,0.7526078820228577,0.7625097036361694,-0.04455661401152611,0.7577369809150696,0.7353260517120361,-0.05329848453402519,0.7159280180931091,0.7048775553703308,-0.012093461118638515,0.7165752053260803,0.6862711310386658,-0.03744346275925636,0.734634280204773,0.6994398236274719,-0.05479106679558754,0.7513564229011536,0.7140700221061707,-0.06359390914440155,0.7422731518745422,0.6880083680152893,-0.013331703841686249,0.7690995931625366,0.6995300054550171,-0.03890667483210564,0.7784898281097412,0.7467501759529114,-0.04849892482161522,0.7760806083679199,0.7650638818740845,-0.04986006021499634,0.7705903053283691,0.685400128364563,-0.018121233209967613,0.7986705303192139,0.7093392610549927,-0.04133766144514084,0.7998565435409546,0.7539597749710083,-0.038877058774232864,0.7920210361480713,0.7671599388122559,-0.03195881471037865,0.7997564077377319,0.6940659284591675,-0.02541007101535797,0.8229038119316101,0.7093474268913269,-0.03962113335728645,0.8203296065330505,0.7470631003379822,-0.035315319895744324,0.8096187710762024,0.7605240941047668,-0.02769685536623001,NO
0.7852146029472351,0.8538707494735718,-2.259128990544923e-07,0.7580130100250244,0.8301764726638794,-0.01850215718150139,0.7426893711090088,0.7968546152114868,-0.03181830048561096,0.7516929507255554,0.7606493830680847,-0.043976008892059326,0.758529007434845,0.7339513301849365,-0.05200684815645218,0.714401125907898,0.6990411877632141,-0.01178267877548933,0.7221477031707764,0.6882365942001343,-0.03700074553489685,0.737739622592926,0.7036255598068237,-0.054563187062740326,0.7505077719688416,0.7156368494033813,-0.06400936096906662,0.741549551486969,0.6838774085044861,-0.01307765208184719,0.7706425786018372,0.7001282572746277,-0.03875631093978882,0.7783534526824951,0.747844398021698,-0.04866403713822365,0.7752988934516907,0.764626681804657,-0.05043765529990196,0.7701702117919922,0.6828490495681763,-0.017942579463124275,0.7998989820480347,0.7095209360122681,-0.041524577885866165,0.8002341389656067,0.7544490098953247,-0.03949134051799774,0.7915576100349426,0.7660797834396362,-0.03290296345949173,0.7994681596755981,0.6928996443748474,-0.025346707552671432,0.8237220048904419,0.7098127007484436,-0.040337882936000824,0.8200687766075134,0.7481279969215393,-0.036755990236997604,0.8078943490982056,0.7611112594604492,-0.029594535008072853,NO
0.7755825519561768,0.8575151562690735,1.6930773938383936e-07,0.747574508190155,0.8300884962081909,-0.01484865602105856,0.7365071773529053,0.798782467842102,-0.02611267939209938,0.7432981133460999,0.7650828957557678,-0.03748815506696701,0.7557685375213623,0.7395877838134766,-0.047101326286792755,0.7167075872421265,0.71720951795578,-0.005789266899228096,0.7157168984413147,0.6965168118476868,-0.027834661304950714,0.7265145182609558,0.6816765069961548,-0.0458553247153759,0.7418244481086731,0.6768938899040222,-0.0563855841755867,0.7459530830383301,0.7052507400512695,-0.009826435707509518,0.7487468123435974,0.6698926687240601,-0.03214561194181442,0.7578537464141846,0.6769649982452393,-0.043861206620931625,0.7638586759567261,0.6871151924133301,-0.04684251546859741,0.7754759788513184,0.7041561603546143,-0.016920309513807297,0.7873494625091553,0.6968275308609009,-0.03864621743559837,0.789379894733429,0.7371448278427124,-0.03660903871059418,0.7861290574073792,0.7618116140365601,-0.02884669415652752,0.8057058453559875,0.717061460018158,-0.026168115437030792,0.8162946701049805,0.7082918882369995,-0.038585830479860306,0.8119066953659058,0.7392416000366211,-0.03289137780666351,0.8036198616027832,0.7583531141281128,-0.024514444172382355,NO
0.77816241979599,0.8565552234649658,1.1722605108843709e-07,0.7493184208869934,0.8292930722236633,-0.015440383926033974,0.736814022064209,0.797581136226654,-0.026411758735775948,0.7446370124816895,0.7641133666038513,-0.0374564453959465,0.755315899848938,0.7393981218338013,-0.046601369976997375,0.7163634300231934,0.7150173783302307,-0.006463838741183281,0.7138627767562866,0.6922341585159302,-0.02934647537767887,0.7251284718513489,0.683239758014679,-0.04768700525164604,0.7405537962913513,0.6823822855949402,-0.05795696750283241,0.7455130219459534,0.7038065791130066,-0.009885323233902454,0.7495386004447937,0.668063759803772,-0.03263012319803238,0.757682204246521,0.677653431892395,-0.0443824902176857,0.7635335922241211,0.6892865300178528,-0.047078024595975876,0.7748823165893555,0.7026509642601013,-0.01649271696805954,0.7890477180480957,0.696287989616394,-0.03860601782798767,0.7904333472251892,0.7387329339981079,-0.036890074610710144,0.7874575257301331,0.7640694975852966,-0.028922084718942642,0.8043904304504395,0.7151244878768921,-0.02525096945464611,0.8168143630027771,0.7077223658561707,-0.037198301404714584,0.8124634027481079,0.7399175763130188,-0.03109930269420147,0.8049643635749817,0.7588713765144348,-0.022285550832748413,NO
0.7771662473678589,0.8599571585655212,2.6397330543659336e-07,0.7461411952972412,0.8359962701797485,-0.019133364781737328,0.7315899133682251,0.8036944270133972,-0.030887441709637642,0.7410160899162292,0.7741849422454834,-0.04182012006640434,0.7512275576591492,0.7514731884002686,-0.05097324773669243,0.7244846820831299,0.7187322378158569,-0.01076311245560646,0.7266632318496704,0.6894819140434265,-0.030274538323283195,0.7356366515159607,0.6652925610542297,-0.04668073356151581,0.7447790503501892,0.6431947946548462,-0.05702522397041321,0.7509500980377197,0.7066759467124939,-0.011820835061371326,0.7479410767555237,0.673048198223114,-0.031001601368188858,0.7541572451591492,0.6585956811904907,-0.04149778559803963,0.7596808671951294,0.6423587799072266,-0.04570041596889496,0.7781555652618408,0.7074226140975952,-0.016406117007136345,0.7885932922363281,0.7028371095657349,-0.0406314879655838,0.7877349257469177,0.7485693097114563,-0.04124981537461281,0.783194363117218,0.7756093740463257,-0.034685783088207245,0.8060311079025269,0.7193446755409241,-0.02303188480436802,0.8159022331237793,0.7113399505615234,-0.0396341048181057,0.8105830550193787,0.7435640096664429,-0.0373358391225338,0.8020002245903015,0.76217120885849,-0.03107401914894581,NO
0.7766625881195068,0.8588579297065735,2.6228821070617414e-07,0.7456860542297363,0.8352612853050232,-0.01781485415995121,0.7303532958030701,0.8033360242843628,-0.02910793013870716,0.7391839623451233,0.7735719084739685,-0.039887476712465286,0.7483858466148376,0.7509692907333374,-0.04903312027454376,0.7245521545410156,0.7202001810073853,-0.009496571496129036,0.7264793515205383,0.6896861791610718,-0.028711263090372086,0.7363135814666748,0.6653112769126892,-0.044141072779893875,0.7455862760543823,0.6436318159103394,-0.05336131900548935,0.7509649991989136,0.7069451808929443,-0.011137035675346851,0.7477062940597534,0.6687667369842529,-0.029991719871759415,0.7544555068016052,0.6558643579483032,-0.03939519822597504,0.7599953413009644,0.6429884433746338,-0.042050812393426895,0.777985692024231,0.7065256834030151,-0.016207242384552956,0.7887831330299377,0.7030637264251709,-0.04088704660534859,0.7882157564163208,0.748612642288208,-0.041449785232543945,0.7839075326919556,0.776176393032074,-0.03410407528281212,0.8060191869735718,0.7179610133171082,-0.023042170330882072,0.816082775592804,0.7119015455245972,-0.03938186913728714,0.8109736442565918,0.7455838322639465,-0.03638531640172005,0.8030155301094055,0.7656521797180176,-0.02926819771528244,NO
0.7768628001213074,0.8578709959983826,2.863009740394773e-07,0.7464357614517212,0.8358466625213623,-0.01867034286260605,0.7284967303276062,0.8093034029006958,-0.031285930424928665,0.733776867389679,0.7852624654769897,-0.04380057752132416,0.7425455451011658,0.7656448483467102,-0.05475229397416115,0.7254767417907715,0.7177027463912964,-0.01051399391144514,0.7266870737075806,0.6820728778839111,-0.027385670691728592,0.7353870868682861,0.6587423086166382,-0.04077337682247162,0.743150532245636,0.6374071836471558,-0.04895752668380737,0.752525806427002,0.7075722217559814,-0.011871361173689365,0.7515962719917297,0.6671300530433655,-0.028634482994675636,0.7572643756866455,0.651164174079895,-0.037268396466970444,0.7605934143066406,0.6367469429969788,-0.040147487074136734,0.7793400883674622,0.709844708442688,-0.016714178025722504,0.7891933917999268,0.7017484307289124,-0.039048269391059875,0.7882686257362366,0.7458589673042297,-0.04002922773361206,0.7835595011711121,0.7754606008529663,-0.03368905186653137,0.8068670630455017,0.7235229015350342,-0.023454321548342705,0.816792368888855,0.7114667892456055,-0.03779659792780876,0.8118934631347656,0.7413374185562134,-0.035297196358442307,0.8033803701400757,0.7620072364807129,-0.029245244339108467,NO
0.7767961621284485,0.8565422296524048,2.9739695150965417e-07,0.7474695444107056,0.8353172540664673,-0.019917523488402367,0.7293405532836914,0.8101170063018799,-0.03343495354056358,0.7336953282356262,0.7857836484909058,-0.04657238349318504,0.7423706650733948,0.7642618417739868,-0.05792752653360367,0.7248853445053101,0.7160336971282959,-0.011680790223181248,0.7274119257926941,0.6808910369873047,-0.028450479730963707,0.7363852858543396,0.6577894687652588,-0.041609227657318115,0.7438784241676331,0.6365525126457214,-0.04968409240245819,0.7519623637199402,0.7055058479309082,-0.012522933073341846,0.7514297962188721,0.6650912761688232,-0.029480280354619026,0.7573180198669434,0.6499022841453552,-0.037995800375938416,0.7601808905601501,0.6368620991706848,-0.040619608014822006,0.7786568403244019,0.7074044942855835,-0.01691368594765663,0.7890110015869141,0.7020980715751648,-0.03959217667579651,0.7884312868118286,0.7470194697380066,-0.040528323501348495,0.7832122445106506,0.7774927616119385,-0.03395689278841019,0.8058026432991028,0.7209957242012024,-0.023303000256419182,0.8162445425987244,0.7111632823944092,-0.038118209689855576,0.8118213415145874,0.7413741946220398,-0.03585680201649666,0.8029091358184814,0.7627122402191162,-0.029799560084939003,NO
0.7780251502990723,0.8586614727973938,3.201878939762537e-07,0.7514614462852478,0.8407459259033203,-0.026490909978747368,0.734948992729187,0.8185178637504578,-0.0430443249642849,0.737639307975769,0.7956483960151672,-0.05747725069522858,0.7389553189277649,0.775373101234436,-0.06954153627157211,0.7245434522628784,0.718710720539093,-0.01750272698700428,0.7251404523849487,0.6867219805717468,-0.0381200835108757,0.7346148490905762,0.6632677912712097,-0.054394181817770004,0.7440110445022583,0.6418052315711975,-0.06435204297304153,0.7507904767990112,0.7053292989730835,-0.015443025156855583,0.7473558187484741,0.665759801864624,-0.036253638565540314,0.754369854927063,0.6537579298019409,-0.046468015760183334,0.7595414519309998,0.6417208909988403,-0.04958343133330345,0.7769145369529724,0.705448567867279,-0.01758621074259281,0.7884328961372375,0.7018452286720276,-0.0423785075545311,0.787184476852417,0.7466892004013062,-0.04350662603974342,0.7812831401824951,0.7746069431304932,-0.03685833513736725,0.803577184677124,0.717623233795166,-0.022412197664380074,0.8161101341247559,0.7142901420593262,-0.03841371834278107,0.8109824061393738,0.7447872161865234,-0.037161581218242645,0.8011819124221802,0.7621929049491882,-0.03167755901813507,NO
0.7764453291893005,0.8597481846809387,3.261527581344126e-07,0.7490682005882263,0.8417631387710571,-0.026393214240670204,0.732452929019928,0.8186687231063843,-0.043266333639621735,0.7363297939300537,0.795903742313385,-0.05804383382201195,0.7384837865829468,0.7772248387336731,-0.07053913921117783,0.7249301075935364,0.7201500535011292,-0.01911959983408451,0.7255021929740906,0.6872658729553223,-0.04017571732401848,0.7348294258117676,0.6635821461677551,-0.056341998279094696,0.7441065311431885,0.6420668959617615,-0.06606307625770569,0.7511587738990784,0.7073052525520325,-0.017373953014612198,0.7471815943717957,0.6653637886047363,-0.039219774305820465,0.7540870904922485,0.653390109539032,-0.049751728773117065,0.7595860362052917,0.6419439911842346,-0.052779670804739,0.7772523164749146,0.7078636884689331,-0.01960449106991291,0.7884542942047119,0.7038293480873108,-0.04496993124485016,0.7859905362129211,0.7491828203201294,-0.04600514844059944,0.7791751027107239,0.7771739363670349,-0.03911333903670311,0.803970217704773,0.7201086282730103,-0.024440497159957886,0.8162404894828796,0.7148010730743408,-0.04027116671204567,0.8107515573501587,0.745819628238678,-0.03839036449790001,0.8005717396736145,0.7635367512702942,-0.03244902938604355,NO
0.7759143114089966,0.8640972375869751,2.790746123082499e-07,0.7468144297599792,0.841884195804596,-0.02323983609676361,0.730242133140564,0.8167869448661804,-0.03867470100522041,0.736325740814209,0.793848991394043,-0.05292300507426262,0.7452194690704346,0.7763291001319885,-0.06530366837978363,0.7246705889701843,0.7255572080612183,-0.01615811325609684,0.7207666039466858,0.6974095702171326,-0.03903239592909813,0.7306634187698364,0.6754261255264282,-0.05756409838795662,0.7428526878356934,0.657688319683075,-0.06860717386007309,0.7512314915657043,0.7095949053764343,-0.01575080305337906,0.7447746396064758,0.6717636585235596,-0.03770414739847183,0.7520493865013123,0.6581448316574097,-0.04951468110084534,0.759023904800415,0.6476783752441406,-0.053734421730041504,0.7785488963127136,0.7080917358398438,-0.019175296649336815,0.7877712249755859,0.7053861021995544,-0.044124405831098557,0.786155104637146,0.7513473629951477,-0.04558680206537247,0.7807548642158508,0.7827040553092957,-0.03912992775440216,0.806159496307373,0.719868004322052,-0.025118442252278328,0.8169918656349182,0.7175024151802063,-0.04104655236005783,0.8109899759292603,0.7479814291000366,-0.03924068808555603,0.8019117712974548,0.7677043080329895,-0.033127088099718094,NO
0.7768586874008179,0.8623183965682983,3.034461713014025e-07,0.7484931945800781,0.8428946733474731,-0.025243649259209633,0.7313481569290161,0.8185976147651672,-0.04106550291180611,0.7370971441268921,0.7960709929466248,-0.05510576069355011,0.7440891265869141,0.7771252989768982,-0.06710691004991531,0.7249723076820374,0.7242734432220459,-0.017156878486275673,0.7229762673377991,0.6938841342926025,-0.038887616246938705,0.7348504662513733,0.6696484684944153,-0.0564255528151989,0.7474746704101562,0.6488833427429199,-0.06685381382703781,0.7518752813339233,0.7089463472366333,-0.015444332733750343,0.7456098794937134,0.6721473932266235,-0.03638497740030289,0.7538242340087891,0.659616231918335,-0.047166939824819565,0.7602469325065613,0.6485140919685364,-0.050599489361047745,0.7788386940956116,0.7072557210922241,-0.01778438687324524,0.788894534111023,0.7057891488075256,-0.042670223861932755,0.7881366014480591,0.7512959241867065,-0.04412494972348213,0.7822952270507812,0.780971109867096,-0.037476301193237305,0.8059864640235901,0.7184606790542603,-0.022730976343154907,0.8174094557762146,0.7157200574874878,-0.03858743607997894,0.8124500513076782,0.7468580603599548,-0.03687184303998947,0.8031734228134155,0.7662968039512634,-0.030789006501436234,NO
0.7845363616943359,0.8592779636383057,-1.3562016931700782e-07,0.7549080848693848,0.8383323550224304,-0.017800945788621902,0.7363436818122864,0.8119362592697144,-0.03283868357539177,0.7471888065338135,0.7812365293502808,-0.04790960252285004,0.7657333016395569,0.7569130659103394,-0.05985923483967781,0.7227354645729065,0.7216709852218628,-0.012387809343636036,0.7177035808563232,0.68251633644104,-0.040299754589796066,0.7361069321632385,0.699384331703186,-0.06127750501036644,0.7517762184143066,0.7253274917602539,-0.07181214541196823,0.7493433952331543,0.7055333256721497,-0.014245807193219662,0.7606853246688843,0.682926595211029,-0.04022017866373062,0.7734461426734924,0.7232917547225952,-0.0523768812417984,0.7745915055274963,0.752000093460083,-0.054890673607587814,0.7767231464385986,0.7026751637458801,-0.019785268232226372,0.7955294847488403,0.7085909247398376,-0.04176632687449455,0.7973310947418213,0.7528872489929199,-0.04085662588477135,0.7908637523651123,0.776151716709137,-0.03442191705107689,0.8049991726875305,0.7111349701881409,-0.02780444547533989,0.8223369121551514,0.7175496220588684,-0.040023669600486755,0.8197653889656067,0.7517874240875244,-0.035670939832925797,0.8102637529373169,0.7698177695274353,-0.028397779911756516,NO
0.7824730277061462,0.8574970364570618,-1.6179068040855782e-07,0.7534777522087097,0.8386984467506409,-0.018581291660666466,0.7355598211288452,0.8117148280143738,-0.034158267080783844,0.7466937303543091,0.7806068062782288,-0.0493273064494133,0.7645307183265686,0.7578428983688354,-0.06117425858974457,0.7221363186836243,0.721792995929718,-0.016087841242551804,0.7172114253044128,0.6825287938117981,-0.04419010505080223,0.7349442839622498,0.6989955902099609,-0.06415626406669617,0.7508392333984375,0.7236464619636536,-0.07416485995054245,0.7485026717185974,0.7047786712646484,-0.01768561638891697,0.761145830154419,0.6843065023422241,-0.044936567544937134,0.7736682891845703,0.7288671135902405,-0.05564434081315994,0.7750646471977234,0.7570145130157471,-0.056923069059848785,0.7756598591804504,0.701648473739624,-0.02290402352809906,0.7946804761886597,0.7101761102676392,-0.04527068883180618,0.7963259220123291,0.7545591592788696,-0.04341168329119682,0.7902718782424927,0.7750210762023926,-0.03652673959732056,0.8038621544837952,0.709204375743866,-0.03074844740331173,0.8217455744743347,0.7180366516113281,-0.043010417371988297,0.8189811706542969,0.7515459656715393,-0.03894137591123581,0.8092694878578186,0.7669464945793152,-0.032067131251096725,NO
0.7834835052490234,0.8607407212257385,-2.35326822917159e-07,0.7552170753479004,0.8391308784484863,-0.01793566718697548,0.7409291863441467,0.8099091649055481,-0.03247632086277008,0.7563657164573669,0.7819674015045166,-0.0465376153588295,0.7705246210098267,0.7616468667984009,-0.05726248770952225,0.7195221185684204,0.7092949151992798,-0.012902412563562393,0.7221418619155884,0.6883150339126587,-0.0392223484814167,0.7378244996070862,0.7124109864234924,-0.05936054885387421,0.7520155310630798,0.7398004531860352,-0.06965737789869308,0.7483663558959961,0.6950759887695312,-0.014678063802421093,0.7652579545974731,0.6965638399124146,-0.040123794227838516,0.7754579782485962,0.7439720034599304,-0.05131031572818756,0.7777279615402222,0.7749861478805542,-0.05340203642845154,0.7776235342025757,0.6966177225112915,-0.019970210269093513,0.7964763045310974,0.71235191822052,-0.040180403739213943,0.7979680895805359,0.7557220458984375,-0.03835302218794823,0.7940345406532288,0.7785516977310181,-0.03205505758523941,0.8070152401924133,0.7093608975410461,-0.027902279049158096,0.823280930519104,0.7176685929298401,-0.03914541006088257,0.8198153972625732,0.7520614862442017,-0.03434743732213974,0.8117682933807373,0.7700530290603638,-0.026858236640691757,NO
0.78203284740448,0.8606061339378357,-2.3793900538748858e-07,0.752693235874176,0.8395691514015198,-0.015577495098114014,0.7382974624633789,0.8077598810195923,-0.028249751776456833,0.7573431134223938,0.7792429327964783,-0.040801748633384705,0.773039698600769,0.7626433372497559,-0.05012122914195061,0.7188700437545776,0.7073913216590881,-0.01054296363145113,0.7238370776176453,0.6910943984985352,-0.03565952926874161,0.7377496361732483,0.7146185040473938,-0.05447474867105484,0.7505488991737366,0.7398337125778198,-0.06414800137281418,0.7477142810821533,0.6928150057792664,-0.013302459381520748,0.7691563963890076,0.7056345343589783,-0.037156738340854645,0.7766085863113403,0.7508033514022827,-0.04734141007065773,0.7771424055099487,0.7757565975189209,-0.04950474575161934,0.7768914699554443,0.6943517923355103,-0.019472254440188408,0.7996820211410522,0.7163211703300476,-0.038688622415065765,0.7994117140769958,0.7583965063095093,-0.0364859439432621,0.7943987846374512,0.7765559554100037,-0.03055066429078579,0.8065189123153687,0.7072075009346008,-0.028247956186532974,0.8259003162384033,0.7190499305725098,-0.03941287100315094,0.821463406085968,0.7539293169975281,-0.0349070243537426,0.8128459453582764,0.7699670195579529,-0.02776227332651615,NO
0.7861001491546631,0.8633877635002136,-2.2104354968632833e-07,0.7546837329864502,0.8437178730964661,-0.01738632656633854,0.7387732267379761,0.8129432797431946,-0.03152602165937424,0.7566901445388794,0.7825252413749695,-0.044854648411273956,0.7752118110656738,0.7629759907722473,-0.05476409196853638,0.7215684652328491,0.7123813033103943,-0.014036544598639011,0.7206258773803711,0.6903432607650757,-0.03852240741252899,0.7345977425575256,0.7128484845161438,-0.0571911558508873,0.7477591037750244,0.741838812828064,-0.06689784675836563,0.7498055696487427,0.6963691115379333,-0.01544835977256298,0.7669939994812012,0.7047330141067505,-0.03811581805348396,0.7777730822563171,0.7482293844223022,-0.04829708859324455,0.7797893285751343,0.7781309485435486,-0.051137566566467285,0.778719961643219,0.6980999708175659,-0.020209845155477524,0.797702968120575,0.7176273465156555,-0.03730359673500061,0.7997950911521912,0.756365954875946,-0.03521677851676941,0.7960562705993652,0.7787452340126038,-0.030475009232759476,0.8080865144729614,0.711784839630127,-0.02783055417239666,0.8257341980934143,0.7243801355361938,-0.03875928744673729,0.8220959305763245,0.7572829127311707,-0.035411421209573746,0.8134746551513672,0.7765442728996277,-0.029694419354200363,NO
0.7842544317245483,0.8647766709327698,-2.2690619516652077e-07,0.7535055875778198,0.8426618576049805,-0.016528422012925148,0.7389722466468811,0.8103692531585693,-0.029849601909518242,0.7580086588859558,0.7812353372573853,-0.04279773309826851,0.7749362587928772,0.762628436088562,-0.052535053342580795,0.7218520045280457,0.7123206853866577,-0.012166472151875496,0.7217587828636169,0.6880759000778198,-0.0361722968518734,0.7355151772499084,0.7120656967163086,-0.05440329387784004,0.7484239339828491,0.7402558326721191,-0.06388894468545914,0.7503936886787415,0.6976998448371887,-0.014257542788982391,0.7668291330337524,0.7002235651016235,-0.03680446743965149,0.7772295475006104,0.7442076802253723,-0.047238148748874664,0.7790967226028442,0.773292601108551,-0.04997597634792328,0.779344379901886,0.699828028678894,-0.019679471850395203,0.7979445457458496,0.7152265310287476,-0.03697652369737625,0.8002767562866211,0.7548761963844299,-0.03522968292236328,0.7966814637184143,0.7761920690536499,-0.030360369011759758,0.8087375164031982,0.7134314179420471,-0.02780858613550663,0.8257229924201965,0.7221068143844604,-0.038282886147499084,0.8226740956306458,0.7550832629203796,-0.034491635859012604,0.814653217792511,0.7735896110534668,-0.028401819989085197,NO
0.7808842062950134,0.8688896894454956,-2.8213031555424095e-07,0.7504199147224426,0.8430955410003662,-0.01241346076130867,0.7389284372329712,0.8050364851951599,-0.02144894003868103,0.7622484564781189,0.7781093120574951,-0.03101600706577301,0.7794393301010132,0.7656773924827576,-0.037562981247901917,0.7212629914283752,0.7127165198326111,-0.0041196309030056,0.7230868935585022,0.690282940864563,-0.026399144902825356,0.7362534999847412,0.7185537219047546,-0.04346046596765518,0.7474854588508606,0.7469030022621155,-0.05237797647714615,0.7507091164588928,0.6990309953689575,-0.007828486151993275,0.7652842998504639,0.7005354166030884,-0.027951527386903763,0.7721133232116699,0.7438373565673828,-0.03731411695480347,0.7722298502922058,0.7680321931838989,-0.03977804258465767,0.7806336283683777,0.70175701379776,-0.014982316642999649,0.7973286509513855,0.714952290058136,-0.03036365658044815,0.7965428829193115,0.7553367018699646,-0.028175821527838707,0.7920482158660889,0.7715245485305786,-0.02352299913764,0.8108549118041992,0.7163369655609131,-0.024637902155518532,0.826277494430542,0.724310576915741,-0.03384338319301605,0.8203242421150208,0.7575547099113464,-0.02992890775203705,0.8116208910942078,0.7721768021583557,-0.024209676310420036,NO
0.7816293239593506,0.867816150188446,-2.6905414074462897e-07,0.7494710087776184,0.8406618237495422,-0.011756641790270805,0.7377912998199463,0.8029149770736694,-0.02066403068602085,0.7607805728912354,0.776181161403656,-0.029937079176306725,0.7766320705413818,0.7639095187187195,-0.03632403165102005,0.7197744250297546,0.7066290378570557,-0.0039942292496562,0.725358247756958,0.6946001648902893,-0.024548808112740517,0.738469660282135,0.7245155572891235,-0.04070143774151802,0.7483869194984436,0.7512152194976807,-0.04923897981643677,0.7505407333374023,0.6955530643463135,-0.007822645828127861,0.7661091685295105,0.7022645473480225,-0.0257587730884552,0.7724179625511169,0.7450524568557739,-0.034722160547971725,0.7721046209335327,0.7702529430389404,-0.03736778348684311,0.7811391353607178,0.7003175020217896,-0.014719612896442413,0.7981666922569275,0.71501225233078,-0.028545286506414413,0.7974955439567566,0.7545296549797058,-0.026254693046212196,0.7933620810508728,0.7725219130516052,-0.021763252094388008,0.8113074898719788,0.7169267535209656,-0.02393842488527298,0.8261740803718567,0.7230892181396484,-0.03179194778203964,0.8208073973655701,0.7563888430595398,-0.026914039626717567,0.8131482005119324,0.7729198336601257,-0.020586209371685982,NO
0.7874540686607361,0.8677786588668823,-2.2565045298961195e-07,0.756344735622406,0.8458925485610962,-0.01525084488093853,0.7418977618217468,0.8142364025115967,-0.027467209845781326,0.7608656883239746,0.783838152885437,-0.03907546401023865,0.776308000087738,0.7640477418899536,-0.04722650349140167,0.7212581038475037,0.7103609442710876,-0.010145642794668674,0.7254199385643005,0.6989332437515259,-0.0327959880232811,0.7392585277557373,0.7243642210960388,-0.0505761094391346,0.7508597373962402,0.7513694167137146,-0.06012561917304993,0.7515454292297363,0.6963761448860168,-0.012510079890489578,0.7681768536567688,0.7091408967971802,-0.03237656503915787,0.7762776017189026,0.7493868470191956,-0.042179401963949203,0.7777780294418335,0.7742860913276672,-0.04559323564171791,0.781669020652771,0.6993678212165833,-0.018046831712126732,0.8002810478210449,0.7199094295501709,-0.03282087296247482,0.8004756569862366,0.7563272714614868,-0.03050422854721546,0.797119140625,0.7738752365112305,-0.02634633146226406,0.8116821646690369,0.714810848236084,-0.026319369673728943,0.8279626369476318,0.7272635102272034,-0.03521028533577919,0.8229025602340698,0.7594921588897705,-0.031040655449032784,0.815329909324646,0.7753371000289917,-0.025217387825250626,NO
0.7866165637969971,0.8664237260818481,-2.3287709893793362e-07,0.755584716796875,0.8442691564559937,-0.016996856778860092,0.7409783005714417,0.8125725984573364,-0.030351096764206886,0.7606890201568604,0.7833097577095032,-0.042778655886650085,0.7794645428657532,0.7639449834823608,-0.0515032634139061,0.7208046317100525,0.705970048904419,-0.012131795287132263,0.7263603210449219,0.7010371088981628,-0.035747919231653214,0.7412087321281433,0.7300585508346558,-0.05405900999903679,0.7529112696647644,0.7555327415466309,-0.06409808993339539,0.7513932585716248,0.6932122707366943,-0.01406777836382389,0.7687214016914368,0.7103466391563416,-0.034755904227495193,0.7757920622825623,0.7516778707504272,-0.044588975608348846,0.7764111161231995,0.7743780016899109,-0.04806769639253616,0.7815654873847961,0.6970117092132568,-0.01935521326959133,0.8007436990737915,0.7209195494651794,-0.03484194725751877,0.8003093004226685,0.7577559351921082,-0.032691989094018936,0.7963663339614868,0.773276150226593,-0.02860201522707939,0.8117513060569763,0.7129859328269958,-0.02758888341486454,0.8288080096244812,0.7278875112533569,-0.03698233515024185,0.8230152130126953,0.7606067061424255,-0.0333639457821846,0.8144848942756653,0.7755283117294312,-0.027890225872397423,NO
0.7887415885925293,0.8634142279624939,-2.15047322171813e-07,0.7574744820594788,0.844215452671051,-0.018348906189203262,0.7415012121200562,0.8154439926147461,-0.03257184848189354,0.7592015266418457,0.7858242988586426,-0.04571613296866417,0.7765281796455383,0.767367959022522,-0.05537907034158707,0.722829282283783,0.7104253172874451,-0.013568922877311707,0.7268393635749817,0.6986846923828125,-0.03735610097646713,0.7410605549812317,0.7246525287628174,-0.05564214289188385,0.7521269917488098,0.7504416704177856,-0.06536132842302322,0.752208948135376,0.6960387229919434,-0.014290554448962212,0.7704952359199524,0.7127051949501038,-0.034957155585289,0.7782409191131592,0.7566656470298767,-0.044805243611335754,0.7775025367736816,0.782055675983429,-0.04809001088142395,0.7819339036941528,0.6988388895988464,-0.018379278481006622,0.8020521998405457,0.7250999212265015,-0.034990716725587845,0.8017147779464722,0.7655307650566101,-0.033311307430267334,0.7959638833999634,0.7862809300422668,-0.028933973982930183,0.8116323351860046,0.7134190797805786,-0.025302942842245102,0.8297054171562195,0.7292706966400146,-0.03623608499765396,0.8251279592514038,0.7641352415084839,-0.032967742532491684,0.8156556487083435,0.7834318280220032,-0.027187403291463852,NO
0.7872150540351868,0.8680035471916199,-2.3452928132883244e-07,0.7558432817459106,0.8500462770462036,-0.0189818162471056,0.7393149137496948,0.8191025257110596,-0.03378362953662872,0.7597036361694336,0.7886186838150024,-0.0476369708776474,0.7794259786605835,0.7682925462722778,-0.05761975049972534,0.7229102253913879,0.7139334678649902,-0.013312200084328651,0.726535439491272,0.6998436450958252,-0.04073622077703476,0.7409263849258423,0.7248409986495972,-0.061288099735975266,0.7530577182769775,0.749599277973175,-0.07229211181402206,0.7521867752075195,0.6972510814666748,-0.014811166562139988,0.7718163132667542,0.7133499979972839,-0.0406433530151844,0.7789078950881958,0.7588682174682617,-0.05185997113585472,0.7777552008628845,0.7807577848434448,-0.05483945086598396,0.7821111679077148,0.6994337439537048,-0.020176107063889503,0.8035139441490173,0.7272727489471436,-0.040498290210962296,0.8025012016296387,0.7678870558738708,-0.03864861652255058,0.7957735657691956,0.7814037799835205,-0.03328646719455719,0.8122762441635132,0.713710367679596,-0.02858489751815796,0.831226110458374,0.733511745929718,-0.04123545438051224,0.8257880806922913,0.7666987776756287,-0.03830019384622574,0.8153538703918457,0.778541088104248,-0.032367926090955734,NO
0.7863099575042725,0.8695032596588135,-2.431685857118282e-07,0.754167914390564,0.8489611744880676,-0.017811961472034454,0.7385826110839844,0.8171499967575073,-0.03150654211640358,0.7597905397415161,0.7874482870101929,-0.04447507485747337,0.7791719436645508,0.7690364122390747,-0.05368286371231079,0.7228413224220276,0.709881067276001,-0.010954738594591618,0.7286500334739685,0.7011352181434631,-0.036817796528339386,0.7424464225769043,0.7280586957931519,-0.05616540089249611,0.7531594634056091,0.7513193488121033,-0.06649497151374817,0.752739667892456,0.6956988573074341,-0.012836634181439877,0.7719745635986328,0.7144514322280884,-0.036677852272987366,0.7779555916786194,0.7594467401504517,-0.04725172743201256,0.7763842344284058,0.7799844145774841,-0.05013629049062729,0.7828480005264282,0.6994965076446533,-0.018477225676178932,0.8033719062805176,0.726822555065155,-0.03802729770541191,0.8018196225166321,0.7678646445274353,-0.036227963864803314,0.7951966524124146,0.7817606925964355,-0.030873214825987816,0.8131363391876221,0.7152129411697388,-0.026957642287015915,0.8312238454818726,0.7312800884246826,-0.039027146995067596,0.8256456255912781,0.764849841594696,-0.03559907525777817,0.8154355883598328,0.77769535779953,-0.02925751730799675,NO
0.7861863970756531,0.8724094033241272,-2.2324910275983711e-07,0.754891037940979,0.8500479459762573,-0.01649109646677971,0.7409271001815796,0.8159215450286865,-0.029188888147473335,0.7625253200531006,0.7863776683807373,-0.041282832622528076,0.7803554534912109,0.7688320279121399,-0.049874644726514816,0.7245959639549255,0.7150160670280457,-0.009877142496407032,0.7280856966972351,0.7012611627578735,-0.034521374851465225,0.7418944239616394,0.7255124449729919,-0.05359424650669098,0.7532376050949097,0.7518959641456604,-0.06378551572561264,0.7541155815124512,0.6999217867851257,-0.011871680617332458,0.7727217674255371,0.7146418690681458,-0.034112948924303055,0.7792221903800964,0.7559345960617065,-0.04486992582678795,0.7775909900665283,0.7783030867576599,-0.04830988496541977,0.7838574647903442,0.7026638388633728,-0.017426904290914536,0.8045318126678467,0.7265791893005371,-0.03502337262034416,0.803939700126648,0.7650672197341919,-0.033261608332395554,0.7976500391960144,0.7803621888160706,-0.028614532202482224,0.8139200210571289,0.7176191806793213,-0.02577185072004795,0.8320673704147339,0.7316927313804626,-0.03686569258570671,0.8267932534217834,0.7651671767234802,-0.033269088715314865,0.8167389035224915,0.7798377871513367,-0.027191437780857086,NO
0.786085844039917,0.8728386759757996,-2.2306217317691335e-07,0.7545065879821777,0.850287914276123,-0.01629887893795967,0.7407444715499878,0.8158664703369141,-0.028924308717250824,0.7628268003463745,0.7864272594451904,-0.04087727144360542,0.7795460820198059,0.7688551545143127,-0.04940352961421013,0.7246078848838806,0.7147140502929688,-0.01065018679946661,0.7276138067245483,0.7015575766563416,-0.03419935703277588,0.7414636611938477,0.7264569401741028,-0.05264769122004509,0.7527927160263062,0.753242552280426,-0.06264252215623856,0.7542448043823242,0.6997714638710022,-0.012610877864062786,0.7720676064491272,0.7157471776008606,-0.033167093992233276,0.7777423858642578,0.7565498948097229,-0.04348075017333031,0.7759551405906677,0.7793120741844177,-0.047300923615694046,0.7839450240135193,0.7029790282249451,-0.01796751655638218,0.8037742972373962,0.7275634407997131,-0.033798787742853165,0.8023759126663208,0.7652934193611145,-0.03191516548395157,0.7964256405830383,0.7809160947799683,-0.02799711376428604,0.814058244228363,0.7184389233589172,-0.02618522010743618,0.8321650624275208,0.7326035499572754,-0.03632599487900734,0.8267837166786194,0.7664927840232849,-0.03273872658610344,0.8175063729286194,0.7822058200836182,-0.027159791439771652,NO
0.7877086997032166,0.871918261051178,-2.1696671126392175e-07,0.7560121417045593,0.8492301106452942,-0.01660771295428276,0.7420321106910706,0.8154298663139343,-0.02884681150317192,0.7636476159095764,0.7876707911491394,-0.0402817539870739,0.7801439762115479,0.7724916934967041,-0.04824372008442879,0.7244197726249695,0.7143855690956116,-0.009832395240664482,0.7276144027709961,0.7027643918991089,-0.03451398387551308,0.743130087852478,0.7283816933631897,-0.054169971495866776,0.7555442452430725,0.7530521154403687,-0.06491070985794067,0.7542134523391724,0.6993322372436523,-0.011768602766096592,0.7725664973258972,0.7165650725364685,-0.03359448164701462,0.7795323133468628,0.7579447031021118,-0.0447826124727726,0.7781306505203247,0.7789125442504883,-0.048894770443439484,0.7841567397117615,0.7020538449287415,-0.01727072149515152,0.8048191070556641,0.7274997234344482,-0.033975280821323395,0.8039976954460144,0.7651898860931396,-0.03273468837141991,0.7974964380264282,0.7787960767745972,-0.029005616903305054,0.8144214153289795,0.716822624206543,-0.02567601390182972,0.8327493071556091,0.7350262403488159,-0.0359279029071331,0.8273844718933105,0.7697116136550903,-0.03246306627988815,0.8176092505455017,0.7841356992721558,-0.026913177222013474,NO
0.7887247204780579,0.8724769949913025,-2.069754998501594e-07,0.7582030892372131,0.851590096950531,-0.018145499750971794,0.7436181902885437,0.8194519877433777,-0.031827304512262344,0.763001024723053,0.7902382612228394,-0.04446043074131012,0.7796854376792908,0.7721362709999084,-0.05339062213897705,0.7239798307418823,0.7157309651374817,-0.011749333702027798,0.7272337675094604,0.7033238410949707,-0.037550557404756546,0.7431068420410156,0.728352963924408,-0.05775075778365135,0.7558227777481079,0.7531488537788391,-0.06872329115867615,0.7536896467208862,0.7000741958618164,-0.013220028020441532,0.7724044919013977,0.7163790464401245,-0.036200109869241714,0.7797228693962097,0.7586736083030701,-0.047272611409425735,0.7782366871833801,0.7801674604415894,-0.05108882114291191,0.7836948037147522,0.7023256421089172,-0.018412133678793907,0.8043112754821777,0.7271218299865723,-0.036189496517181396,0.8041381239891052,0.7653370499610901,-0.034389253705739975,0.7978915572166443,0.7794791460037231,-0.030058443546295166,0.8140584230422974,0.7167428731918335,-0.026614703238010406,0.8324272632598877,0.7344499826431274,-0.037618931382894516,0.8273451328277588,0.7695422768592834,-0.033972304314374924,0.8175686001777649,0.7841524481773376,-0.028116842731833458,NO
0.7870751023292542,0.8736226558685303,-2.111220851475082e-07,0.7552477717399597,0.8519212007522583,-0.01680523343384266,0.7411751747131348,0.8168646097183228,-0.029262125492095947,0.7630876302719116,0.7881645560264587,-0.04106031358242035,0.7803738713264465,0.7720842957496643,-0.04950231313705444,0.7252905964851379,0.7174800038337708,-0.01003517210483551,0.7277870774269104,0.7011792659759521,-0.03538766875863075,0.7434141039848328,0.7271832823753357,-0.055335547775030136,0.7561450600624084,0.7542922496795654,-0.0660426989197731,0.7556588053703308,0.7030115723609924,-0.012122786603868008,0.7721439003944397,0.7105357646942139,-0.035629257559776306,0.7806708216667175,0.7538575530052185,-0.046861737966537476,0.7800533175468445,0.7782643437385559,-0.05022292584180832,0.7856327295303345,0.7056975364685059,-0.017866255715489388,0.8045133352279663,0.7240598201751709,-0.035665079951286316,0.8048868775367737,0.7633789777755737,-0.03398871049284935,0.7984699010848999,0.779901921749115,-0.029340431094169617,0.8155879974365234,0.7207050323486328,-0.02647893875837326,0.8332717418670654,0.7336001396179199,-0.0371861606836319,0.8279320597648621,0.7673506140708923,-0.03362984210252762,0.8172234296798706,0.7819807529449463,-0.02780706249177456,NO
0.7876101732254028,0.8747380971908569,-2.1410697570445336e-07,0.755584180355072,0.8530625104904175,-0.015699466690421104,0.7422184348106384,0.8177062273025513,-0.027239512652158737,0.7641927003860474,0.7886015772819519,-0.03827347978949547,0.7798694968223572,0.7725287079811096,-0.04595944285392761,0.7250617146492004,0.7193006277084351,-0.008661594241857529,0.7268106937408447,0.7010580897331238,-0.03317992016673088,0.7426725625991821,0.7260571718215942,-0.05251813307404518,0.7561164498329163,0.7532315254211426,-0.06286566704511642,0.7553430795669556,0.7042236328125,-0.010956687852740288,0.7721126675605774,0.7121313214302063,-0.033668018877506256,0.7806208729743958,0.7545963525772095,-0.04464366286993027,0.7798563838005066,0.7788416147232056,-0.0480310320854187,0.7852608561515808,0.7064059972763062,-0.016804596409201622,0.8045236468315125,0.7243242859840393,-0.03400328755378723,0.8048299551010132,0.7629938125610352,-0.03222007676959038,0.7984922528266907,0.7790399193763733,-0.027736231684684753,0.8151646852493286,0.7209846377372742,-0.02541840262711048,0.833104133605957,0.7331609725952148,-0.03577997535467148,0.8279291987419128,0.7669655680656433,-0.032007306814193726,0.817658543586731,0.781531035900116,-0.02616083063185215,NO
0.7871920466423035,0.8739059567451477,-2.295363685789198e-07,0.7566633820533752,0.8526544570922852,-0.016689082607626915,0.7428256869316101,0.8191920518875122,-0.029211102053523064,0.7649926543235779,0.7913655042648315,-0.04100333899259567,0.7832283973693848,0.7759472131729126,-0.04916442185640335,0.7250462770462036,0.7169882655143738,-0.011394434608519077,0.7266095876693726,0.7036131024360657,-0.0360850915312767,0.7410873174667358,0.7258463501930237,-0.05529453977942467,0.7546613216400146,0.7500432729721069,-0.06581062078475952,0.7544673681259155,0.7007454037666321,-0.013138482347130775,0.7743023037910461,0.7201497554779053,-0.03455052524805069,0.7803932428359985,0.7600659132003784,-0.04469798505306244,0.779084324836731,0.779902994632721,-0.04851354658603668,0.7843133211135864,0.7032830715179443,-0.018426761031150818,0.8059361577033997,0.729185163974762,-0.034708570688962936,0.8041722178459167,0.7657357454299927,-0.0326438844203949,0.7977266907691956,0.7788063883781433,-0.028634727001190186,0.8148056864738464,0.7182304859161377,-0.026708349585533142,0.8339791893959045,0.7333164811134338,-0.037099700421094894,0.8279249668121338,0.7651782035827637,-0.033893752843141556,0.8177425861358643,0.7780472636222839,-0.02857455424964428,NO
0.7885473370552063,0.8739638328552246,-2.2661313892058388e-07,0.7565768957138062,0.8523015975952148,-0.0173182412981987,0.7415416240692139,0.8179529309272766,-0.029538845643401146,0.7641927599906921,0.7905088663101196,-0.040596507489681244,0.7841053009033203,0.776703417301178,-0.047867804765701294,0.7244272232055664,0.7132107019424438,-0.011466571129858494,0.7279902100563049,0.7064374685287476,-0.0353500060737133,0.742480993270874,0.729564368724823,-0.053964581340551376,0.7548698782920837,0.7513871788978577,-0.0644201934337616,0.7543308734893799,0.6973938345909119,-0.012808555737137794,0.7742248773574829,0.722646176815033,-0.03269550949335098,0.779827356338501,0.761338472366333,-0.042262203991413116,0.777694046497345,0.7771545648574829,-0.04627877101302147,0.7845690846443176,0.7007479071617126,-0.01772271655499935,0.8063709735870361,0.7309562563896179,-0.03287694975733757,0.8042140007019043,0.7660111784934998,-0.030705327168107033,0.7971580028533936,0.775902271270752,-0.0271729975938797,0.815299391746521,0.7165143489837646,-0.02576349303126335,0.8344545364379883,0.7349891066551208,-0.035800136625766754,0.8282496929168701,0.7666613459587097,-0.032759252935647964,0.8177764415740967,0.7783167362213135,-0.027728185057640076,NO
0.7890806198120117,0.8755573630332947,-1.8144652358387248e-07,0.7600761651992798,0.855920672416687,-0.01798531599342823,0.7447574734687805,0.8242629170417786,-0.03176591917872429,0.7627081871032715,0.7949410676956177,-0.04457026720046997,0.7800617218017578,0.7760841846466064,-0.053733885288238525,0.7246819138526917,0.7184725999832153,-0.011587254703044891,0.7274479866027832,0.7020705342292786,-0.037086110562086105,0.7422337532043457,0.7249149084091187,-0.05725371837615967,0.755858838558197,0.7513507008552551,-0.0682389959692955,0.7546669840812683,0.7019345760345459,-0.012967601418495178,0.7728706002235413,0.7123386859893799,-0.03588074818253517,0.7802823781967163,0.7541787028312683,-0.046820759773254395,0.7801966071128845,0.7786509394645691,-0.05034077912569046,0.7846249938011169,0.7036542296409607,-0.018065141513943672,0.8058735728263855,0.7258127331733704,-0.035169340670108795,0.8049224019050598,0.7630643844604492,-0.033438533544540405,0.7987627387046814,0.7793893814086914,-0.029129253700375557,0.8150968551635742,0.718231737613678,-0.026259684935212135,0.8346278071403503,0.7325938940048218,-0.03696037083864212,0.8283966779708862,0.7655518651008606,-0.03396371006965637,0.817380964756012,0.7807844281196594,-0.028638191521167755,NO
0.7888227701187134,0.8757238984107971,-2.071902258649061e-07,0.7596676349639893,0.8551018834114075,-0.017264340072870255,0.7444372177124023,0.8229711055755615,-0.030516088008880615,0.7636726498603821,0.794143795967102,-0.042805880308151245,0.780872106552124,0.7754837274551392,-0.05147324874997139,0.7242200970649719,0.7143798470497131,-0.012323055416345596,0.7285364270210266,0.7054040431976318,-0.035835880786180496,0.7428718209266663,0.7276050448417664,-0.054202355444431305,0.7553150057792664,0.7494325637817383,-0.06461163610219955,0.7540920972824097,0.6988790035247803,-0.013979115523397923,0.7735732793807983,0.7179542779922485,-0.033925849944353104,0.7792772650718689,0.7569480538368225,-0.043481383472681046,0.7779294848442078,0.7759110331535339,-0.047374971210956573,0.7841873168945312,0.7021651864051819,-0.019020365551114082,0.8061964511871338,0.7298482656478882,-0.03491326421499252,0.8040972948074341,0.7670478224754333,-0.032671332359313965,0.7974772453308105,0.7805760502815247,-0.02876926213502884,0.8149470686912537,0.7181296348571777,-0.027070701122283936,0.8346448540687561,0.7335177659988403,-0.03752850741147995,0.8283067941665649,0.7667742967605591,-0.03422766551375389,0.8175749182701111,0.7810328006744385,-0.02896726503968239,NO
0.7874687910079956,0.8757578134536743,-2.0491198426952906e-07,0.7574359178543091,0.8558943271636963,-0.02032708190381527,0.7405217885971069,0.8241353631019592,-0.03550342470407486,0.7593634128570557,0.7955615520477295,-0.04940389469265938,0.7794584631919861,0.7775580286979675,-0.05928938835859299,0.7250792384147644,0.7216333746910095,-0.015300852246582508,0.7266030311584473,0.702144980430603,-0.04191751778125763,0.7431895732879639,0.7283335328102112,-0.06146620213985443,0.756983757019043,0.7550711035728455,-0.07174045592546463,0.7545514106750488,0.7050704956054688,-0.01567673310637474,0.7740643620491028,0.7177397608757019,-0.039062902331352234,0.7808489203453064,0.7613410949707031,-0.04896867647767067,0.7781397104263306,0.7821347117424011,-0.05197656899690628,0.7842070460319519,0.7071492671966553,-0.020037945359945297,0.8058220744132996,0.7303438186645508,-0.03804418817162514,0.8043668270111084,0.7682408690452576,-0.0359964556992054,0.7966190576553345,0.7814760804176331,-0.03157399222254753,0.8146529197692871,0.7208201885223389,-0.027599399909377098,0.8347025513648987,0.736015260219574,-0.03902936354279518,0.8286113142967224,0.7690030932426453,-0.03610444813966751,0.8168134093284607,0.7826720476150513,-0.03079710155725479,NO
0.7875660061836243,0.8770544528961182,-2.273953896292369e-07,0.7567026615142822,0.8551889657974243,-0.018725844100117683,0.7411686778068542,0.8220906853675842,-0.03239933028817177,0.7618070244789124,0.7941578030586243,-0.044760510325431824,0.7799193859100342,0.7769878506660461,-0.053192924708127975,0.7246172428131104,0.7149916291236877,-0.013394327834248543,0.7302603125572205,0.7054964900016785,-0.03769281506538391,0.7447966933250427,0.7307103872299194,-0.05616162344813347,0.7565383315086365,0.7535088062286377,-0.06645048409700394,0.7546101808547974,0.7004938721656799,-0.014564510434865952,0.776105523109436,0.7195652723312378,-0.036143697798252106,0.782705545425415,0.7613769769668579,-0.045916978269815445,0.781174898147583,0.7806164026260376,-0.04931201413273811,0.7844748497009277,0.7040883898735046,-0.019338304176926613,0.8075697422027588,0.7312699556350708,-0.036358658224344254,0.8062292337417603,0.7689928412437439,-0.03418954834342003,0.7990797162055969,0.7822670936584473,-0.02980554848909378,0.8149786591529846,0.7200135588645935,-0.02719445526599884,0.834930956363678,0.7354764342308044,-0.03837410360574722,0.8289943337440491,0.7683767676353455,-0.03520737215876579,0.8177497386932373,0.7823002934455872,-0.02964337356388569,NO
0.7898553609848022,0.8743341565132141,-2.2446839409440145e-07,0.7581528425216675,0.853664219379425,-0.018315371125936508,0.7419822812080383,0.8210268616676331,-0.031913332641124725,0.7624038457870483,0.7924337983131409,-0.044278692454099655,0.7804214954376221,0.7766005992889404,-0.05257803946733475,0.7258400321006775,0.714012861251831,-0.01284452248364687,0.730522096157074,0.708790123462677,-0.038390882313251495,0.7462164163589478,0.7361360788345337,-0.05767029523849487,0.7584536671638489,0.759017288684845,-0.0681588351726532,0.7553133964538574,0.6988181471824646,-0.013954886235296726,0.776756763458252,0.723399817943573,-0.03617534041404724,0.7834231853485107,0.7645668387413025,-0.04612763971090317,0.7813905477523804,0.7817680239677429,-0.049526557326316833,0.7849048972129822,0.7016887068748474,-0.018762726336717606,0.8086153268814087,0.7341743111610413,-0.035910554230213165,0.8070244789123535,0.7717176675796509,-0.033753953874111176,0.7992414236068726,0.7827070355415344,-0.02932206355035305,0.8151874542236328,0.7163727879524231,-0.026684584096074104,0.835538387298584,0.7379997372627258,-0.037200070917606354,0.8297951817512512,0.7705905437469482,-0.03404776751995087,0.8186047673225403,0.7819207906723022,-0.02852802351117134,NO
0.7893807888031006,0.8732661008834839,-2.264870460066959e-07,0.7573540210723877,0.8539537787437439,-0.020339153707027435,0.7406471967697144,0.821582019329071,-0.03509611636400223,0.761707603931427,0.7923447489738464,-0.04814152419567108,0.7819773554801941,0.775573194026947,-0.05681696906685829,0.7256298065185547,0.7146936655044556,-0.015273459255695343,0.7293822169303894,0.7080508470535278,-0.04168703034520149,0.7465047240257263,0.7375795841217041,-0.06107214465737343,0.7591122984886169,0.7613723874092102,-0.0714118555188179,0.7553631067276001,0.6991629004478455,-0.015331406146287918,0.7762045860290527,0.7243980169296265,-0.03794561326503754,0.7826918959617615,0.766778290271759,-0.047639619559049606,0.7795718908309937,0.7834175229072571,-0.0509343147277832,0.7848654389381409,0.7018805146217346,-0.019277289509773254,0.8080357909202576,0.7343845367431641,-0.036557361483573914,0.8065339922904968,0.771669328212738,-0.03405260294675827,0.7982786893844604,0.78193598985672,-0.02955775335431099,0.8149607181549072,0.7161153554916382,-0.02650335803627968,0.8350669145584106,0.7383813261985779,-0.03716059774160385,0.8294892311096191,0.7712140083312988,-0.03396271541714668,0.8180997371673584,0.7825574278831482,-0.028446996584534645,NO
0.7884504199028015,0.8748282194137573,-1.9785817073625367e-07,0.7568415403366089,0.8528591990470886,-0.017531923949718475,0.741773247718811,0.8192870616912842,-0.030604975298047066,0.7644612193107605,0.7912194728851318,-0.0427742600440979,0.7851913571357727,0.7785550951957703,-0.05141700059175491,0.7285977602005005,0.7213274836540222,-0.012040703557431698,0.7305581569671631,0.7033570408821106,-0.03693742677569389,0.7454548478126526,0.7268930673599243,-0.056019533425569534,0.7571473121643066,0.7521947622299194,-0.06644749641418457,0.7584614157676697,0.7072486281394958,-0.013721204362809658,0.7771510481834412,0.7165319919586182,-0.03600495681166649,0.7851002812385559,0.7555760741233826,-0.046154044568538666,0.7834441065788269,0.7743528485298157,-0.0496884286403656,0.7883968949317932,0.7103128433227539,-0.019129673019051552,0.8103800415992737,0.727444052696228,-0.0353429801762104,0.8096908330917358,0.7607520222663879,-0.03317096084356308,0.8020661473274231,0.7718087434768677,-0.029244132339954376,0.8181487321853638,0.7254550457000732,-0.027642009779810905,0.8385908007621765,0.7380934953689575,-0.0377831868827343,0.8330647349357605,0.76637864112854,-0.03474057465791702,0.8215436935424805,0.7770006060600281,-0.029784351587295532,NO
0.7887067198753357,0.8766734004020691,-1.8559909165105637e-07,0.7567731738090515,0.8553480505943298,-0.01620239019393921,0.7411751747131348,0.8208630084991455,-0.028896017000079155,0.7620165348052979,0.7930126190185547,-0.04121299088001251,0.7819462418556213,0.779123067855835,-0.05051203444600105,0.7292773723602295,0.7269717454910278,-0.01145560946315527,0.7275711894035339,0.6993833780288696,-0.036847926676273346,0.7430600523948669,0.7230569124221802,-0.057124990969896317,0.7570444941520691,0.7527419924736023,-0.06787305325269699,0.7592021822929382,0.7134378552436829,-0.013743645511567593,0.7747779488563538,0.7093770503997803,-0.03590366616845131,0.7847434878349304,0.7485969066619873,-0.046545203775167465,0.7855412364006042,0.7743357419967651,-0.05016578361392021,0.7886713743209839,0.7170376777648926,-0.01966223120689392,0.8073910474777222,0.7217857241630554,-0.03478116914629936,0.8085689544677734,0.7558682560920715,-0.032771434634923935,0.803399384021759,0.7727488875389099,-0.029010064899921417,0.818420946598053,0.732324481010437,-0.028536809608340263,0.8371333479881287,0.7358773946762085,-0.037043146789073944,0.8322275280952454,0.7635653018951416,-0.03318801894783974,0.8220722675323486,0.7777457237243652,-0.028014566749334335,NO
0.7880221605300903,0.8776689171791077,-2.3523226388988405e-07,0.7582534551620483,0.8560460209846497,-0.01818550005555153,0.7468650341033936,0.8214135766029358,-0.03188576176762581,0.7705838084220886,0.7942480444908142,-0.044343359768390656,0.7881407737731934,0.7775309085845947,-0.053155284374952316,0.7298439741134644,0.7220055460929871,-0.015545271337032318,0.7319965362548828,0.702584445476532,-0.0408024936914444,0.7462149858474731,0.7244167327880859,-0.059921521693468094,0.7594377398490906,0.7531617879867554,-0.07003506273031235,0.7600582242012024,0.7074012160301208,-0.016345763579010963,0.7801388502120972,0.7172077298164368,-0.04014503210783005,0.7878270149230957,0.7572844624519348,-0.050777360796928406,0.7869536876678467,0.781440794467926,-0.053973082453012466,0.7900798916816711,0.7107935547828674,-0.020434554666280746,0.8110873699188232,0.7278293371200562,-0.037694670259952545,0.8100495934486389,0.7615923881530762,-0.03586888313293457,0.802916944026947,0.7757254242897034,-0.031576309353113174,0.8194706439971924,0.7262006998062134,-0.02741268463432789,0.8383347988128662,0.7370924949645996,-0.03866814821958542,0.8323678374290466,0.7640369534492493,-0.03589450195431709,0.8210383057594299,0.7749852538108826,-0.03062601387500763,NO
0.7874918580055237,0.8781302571296692,-2.2061763615965901e-07,0.7565858960151672,0.8562052845954895,-0.016705414280295372,0.7443538904190063,0.818218469619751,-0.02856416255235672,0.769835889339447,0.7917890548706055,-0.039525069296360016,0.7903112769126892,0.7796339988708496,-0.04696095734834671,0.7297692894935608,0.7234475016593933,-0.011693090200424194,0.7309207916259766,0.701867938041687,-0.036326490342617035,0.745754599571228,0.7257638573646545,-0.055444467812776566,0.759574294090271,0.7540280818939209,-0.06565378606319427,0.7606212496757507,0.7090965509414673,-0.012959557585418224,0.7796451449394226,0.7163064479827881,-0.034981075674295425,0.7864682078361511,0.7568772435188293,-0.044474825263023376,0.7851830720901489,0.7796796560287476,-0.047268569469451904,0.7907350659370422,0.7134106755256653,-0.017819687724113464,0.8112828135490417,0.7277074456214905,-0.03270382434129715,0.8094561100006104,0.7619503736495972,-0.029661081731319427,0.8024387359619141,0.7749707698822021,-0.02519383653998375,0.820338785648346,0.7293842434883118,-0.02571856416761875,0.8391086459159851,0.7391974925994873,-0.034699466079473495,0.8325990438461304,0.7661453485488892,-0.031112441793084145,0.8218725323677063,0.7758463621139526,-0.025850169360637665,NO
0.7945992350578308,0.8799554705619812,-2.3328355780449783e-07,0.7645294070243835,0.860653281211853,-0.018130071461200714,0.7488595247268677,0.8295955657958984,-0.03199678659439087,0.7667625546455383,0.8020725846290588,-0.044916581362485886,0.7853499054908752,0.7860761284828186,-0.05411934480071068,0.7312031388282776,0.7241027355194092,-0.01310336496680975,0.7355156540870667,0.7102932929992676,-0.03715122118592262,0.7515550851821899,0.7361627817153931,-0.05541733652353287,0.7644506096839905,0.7610712647438049,-0.06538999080657959,0.7604190707206726,0.7080543041229248,-0.014143066480755806,0.780729353427887,0.7240743637084961,-0.035765595734119415,0.7881677746772766,0.764337956905365,-0.04605733975768089,0.7864583134651184,0.7832248210906982,-0.04952685162425041,0.7899785041809082,0.7106610536575317,-0.01854773424565792,0.8122844696044922,0.735314667224884,-0.03489004075527191,0.8115817904472351,0.7703065872192383,-0.03371249511837959,0.8045835494995117,0.78072190284729,-0.03009040281176567,0.8197228312492371,0.7254197001457214,-0.025827862322330475,0.8385476469993591,0.7429772615432739,-0.035646144300699234,0.8335093855857849,0.7728337645530701,-0.032634422183036804,0.8232921957969666,0.7825843095779419,-0.027458248659968376,NO
